verify / windows	UNKNOWN STEP	﻿2026-09-27T07:34:12.9040168Z Current runner version: '2.337.0'
verify / windows	UNKNOWN STEP	2026-09-27T07:34:12.9073644Z ##[group]Runner Image Provisioner
verify / windows	UNKNOWN STEP	2026-09-27T07:34:12.9075038Z Hosted Compute Agent
verify / windows	UNKNOWN STEP	2026-09-27T07:34:12.9076043Z Version: 20260828.587
verify / windows	UNKNOWN STEP	2026-09-27T07:34:12.9077629Z Commit: abac92662cab4cc7352de4f9f9d2e2419aad9c29
verify / windows	UNKNOWN STEP	2026-09-27T07:34:12.9078877Z Build Date: 2026-08-28T16:44:25Z
verify / windows	UNKNOWN STEP	2026-09-27T07:34:12.9079978Z Worker ID: {a5be5c41-b9c7-4889-8a99-72e81752c512}
verify / windows	UNKNOWN STEP	2026-09-27T07:34:12.9081173Z Azure Region: westus3
verify / windows	UNKNOWN STEP	2026-09-27T07:34:12.9082012Z ##[endgroup]
verify / windows	UNKNOWN STEP	2026-09-27T07:34:12.9084045Z ##[group]Operating System
verify / windows	UNKNOWN STEP	2026-09-27T07:34:12.9085160Z Microsoft Windows Server 2025
verify / windows	UNKNOWN STEP	2026-09-27T07:34:12.9086080Z 10.0.26100
verify / windows	UNKNOWN STEP	2026-09-27T07:34:12.9087218Z Datacenter
verify / windows	UNKNOWN STEP	2026-09-27T07:34:12.9087971Z ##[endgroup]
verify / windows	UNKNOWN STEP	2026-09-27T07:34:12.9088759Z ##[group]Runner Image
verify / windows	UNKNOWN STEP	2026-09-27T07:34:12.9089770Z Image: windows-2025-vs2026
verify / windows	UNKNOWN STEP	2026-09-27T07:34:12.9090696Z Version: 20260922.246.2
verify / windows	UNKNOWN STEP	2026-09-27T07:34:12.9094129Z Included Software: https://github.com/actions/runner-images/blob/win25-vs2026/20260922.246/images/windows/Windows2025-VS2026-Readme.md
verify / windows	UNKNOWN STEP	2026-09-27T07:34:12.9097052Z Image Release: https://github.com/actions/runner-images/releases/tag/win25-vs2026%2F20260922.246
verify / windows	UNKNOWN STEP	2026-09-27T07:34:12.9098880Z ##[endgroup]
verify / windows	UNKNOWN STEP	2026-09-27T07:34:12.9100785Z ##[group]GITHUB_TOKEN Permissions
verify / windows	UNKNOWN STEP	2026-09-27T07:34:12.9104020Z Contents: read
verify / windows	UNKNOWN STEP	2026-09-27T07:34:12.9104967Z Metadata: read
verify / windows	UNKNOWN STEP	2026-09-27T07:34:12.9105898Z Packages: read
verify / windows	UNKNOWN STEP	2026-09-27T07:34:12.9106749Z ##[endgroup]
verify / windows	UNKNOWN STEP	2026-09-27T07:34:12.9109979Z Secret source: Actions
verify / windows	UNKNOWN STEP	2026-09-27T07:34:12.9113224Z Cache mode: write
verify / windows	UNKNOWN STEP	2026-09-27T07:34:12.9114395Z Prepare workflow directory
verify / windows	UNKNOWN STEP	2026-09-27T07:34:12.9904295Z Prepare all required actions
verify / windows	UNKNOWN STEP	2026-09-27T07:34:12.9977100Z Getting action download info
verify / windows	UNKNOWN STEP	2026-09-27T07:34:13.3357418Z Download action repository 'actions/checkout@v4' (SHA:11d5960a326750d5838078e36cf38b85af677262)
verify / windows	UNKNOWN STEP	2026-09-27T07:34:13.5019237Z Download action repository 'dtolnay/rust-toolchain@stable' (SHA:6bed0761d98439e5a578e2877258200ad565ba87)
verify / windows	UNKNOWN STEP	2026-09-27T07:34:13.7618213Z Download action repository 'Swatinem/rust-cache@v2' (SHA:6323deb102c322ba6fcbdcafc7e3dddab59af2b6)
verify / windows	UNKNOWN STEP	2026-09-27T07:34:14.3985169Z Download action repository 'actions/upload-artifact@v4' (SHA:ea165f8d65b6e75b540449e92b4886f43607fa02)
verify / windows	UNKNOWN STEP	2026-09-27T07:34:14.8975903Z Uses: Pianzh/Kotori/.github/workflows/verify.yml@refs/heads/chore/windows-dead-code (5767b0823e40869fcbe83d67d1bfbd165d2f928e)
verify / windows	UNKNOWN STEP	2026-09-27T07:34:14.8985862Z ##[group] Inputs
verify / windows	UNKNOWN STEP	2026-09-27T07:34:14.8987187Z   kopia-version: 0.23.1
verify / windows	UNKNOWN STEP	2026-09-27T07:34:14.8988587Z ##[endgroup]
verify / windows	UNKNOWN STEP	2026-09-27T07:34:14.8989895Z Complete job name: verify / windows
verify / windows	UNKNOWN STEP	2026-09-27T07:34:15.0744435Z ##[group]Run actions/checkout@v4
verify / windows	UNKNOWN STEP	2026-09-27T07:34:15.0745870Z with:
verify / windows	UNKNOWN STEP	2026-09-27T07:34:15.0746798Z   repository: Pianzh/Kotori
verify / windows	UNKNOWN STEP	2026-09-27T07:34:15.0754804Z   token: ***
verify / windows	UNKNOWN STEP	2026-09-27T07:34:15.0755771Z   ssh-strict: true
verify / windows	UNKNOWN STEP	2026-09-27T07:34:15.0756563Z   ssh-user: git
verify / windows	UNKNOWN STEP	2026-09-27T07:34:15.0757350Z   persist-credentials: true
verify / windows	UNKNOWN STEP	2026-09-27T07:34:15.0758220Z   clean: true
verify / windows	UNKNOWN STEP	2026-09-27T07:34:15.0759043Z   sparse-checkout-cone-mode: true
verify / windows	UNKNOWN STEP	2026-09-27T07:34:15.0759996Z   fetch-depth: 1
verify / windows	UNKNOWN STEP	2026-09-27T07:34:15.0760763Z   fetch-tags: false
verify / windows	UNKNOWN STEP	2026-09-27T07:34:15.0761550Z   show-progress: true
verify / windows	UNKNOWN STEP	2026-09-27T07:34:15.0762340Z   lfs: false
verify / windows	UNKNOWN STEP	2026-09-27T07:34:15.0763081Z   submodules: false
verify / windows	UNKNOWN STEP	2026-09-27T07:34:15.0763881Z   set-safe-directory: true
verify / windows	UNKNOWN STEP	2026-09-27T07:34:15.0764779Z   allow-unsafe-pr-checkout: false
verify / windows	UNKNOWN STEP	2026-09-27T07:34:15.0766030Z env:
verify / windows	UNKNOWN STEP	2026-09-27T07:34:15.0766764Z   CARGO_TERM_COLOR: always
verify / windows	UNKNOWN STEP	2026-09-27T07:34:15.0767796Z   KOTORI_TEST_ARTIFACTS: D:\a\Kotori\Kotori/test-artifacts
verify / windows	UNKNOWN STEP	2026-09-27T07:34:15.0768951Z ##[endgroup]
verify / windows	UNKNOWN STEP	2026-09-27T07:34:15.3118178Z Syncing repository: Pianzh/Kotori
verify / windows	UNKNOWN STEP	2026-09-27T07:34:15.3121716Z ##[group]Getting Git version info
verify / windows	UNKNOWN STEP	2026-09-27T07:34:15.3123253Z Working directory is 'D:\a\Kotori\Kotori'
verify / windows	UNKNOWN STEP	2026-09-27T07:34:15.4442170Z [command]"C:\Program Files\Git\bin\git.exe" version
verify / windows	UNKNOWN STEP	2026-09-27T07:34:16.0066626Z git version 2.55.0.windows.5
verify / windows	UNKNOWN STEP	2026-09-27T07:34:16.0125755Z ##[endgroup]
verify / windows	UNKNOWN STEP	2026-09-27T07:34:16.0153611Z Temporarily overriding HOME='D:\a\_temp\56f7c199-4f4f-4bdf-94a7-718ea7a8ab54' before making global git config changes
verify / windows	UNKNOWN STEP	2026-09-27T07:34:16.0155771Z Adding repository directory to the temporary git global config as a safe directory
verify / windows	UNKNOWN STEP	2026-09-27T07:34:16.0168639Z [command]"C:\Program Files\Git\bin\git.exe" config --global --add safe.directory D:\a\Kotori\Kotori
verify / windows	UNKNOWN STEP	2026-09-27T07:34:16.1844504Z Deleting the contents of 'D:\a\Kotori\Kotori'
verify / windows	UNKNOWN STEP	2026-09-27T07:34:16.1851968Z ##[group]Initializing the repository
verify / windows	UNKNOWN STEP	2026-09-27T07:34:16.1863692Z [command]"C:\Program Files\Git\bin\git.exe" init D:\a\Kotori\Kotori
verify / windows	UNKNOWN STEP	2026-09-27T07:34:16.4061758Z Initialized empty Git repository in D:/a/Kotori/Kotori/.git/
verify / windows	UNKNOWN STEP	2026-09-27T07:34:16.4142869Z [command]"C:\Program Files\Git\bin\git.exe" remote add origin https://github.com/Pianzh/Kotori
verify / windows	UNKNOWN STEP	2026-09-27T07:34:16.6175082Z ##[endgroup]
verify / windows	UNKNOWN STEP	2026-09-27T07:34:16.6177473Z ##[group]Disabling automatic garbage collection
verify / windows	UNKNOWN STEP	2026-09-27T07:34:16.6178409Z [command]"C:\Program Files\Git\bin\git.exe" config --local gc.auto 0
verify / windows	UNKNOWN STEP	2026-09-27T07:34:16.7790759Z ##[endgroup]
verify / windows	UNKNOWN STEP	2026-09-27T07:34:16.7791999Z ##[group]Setting up auth
verify / windows	UNKNOWN STEP	2026-09-27T07:34:16.7792915Z [command]"C:\Program Files\Git\bin\git.exe" config --local --name-only --get-regexp core\.sshCommand
verify / windows	UNKNOWN STEP	2026-09-27T07:34:16.9862562Z [command]"C:\Program Files\Git\bin\git.exe" submodule foreach --recursive "sh -c \"git config --local --name-only --get-regexp 'core\.sshCommand' && git config --local --unset-all 'core.sshCommand' || :\""
verify / windows	UNKNOWN STEP	2026-09-27T07:34:19.9496264Z [command]"C:\Program Files\Git\bin\git.exe" config --local --name-only --get-regexp http\.https\:\/\/github\.com\/\.extraheader
verify / windows	UNKNOWN STEP	2026-09-27T07:34:20.0208036Z [command]"C:\Program Files\Git\bin\git.exe" submodule foreach --recursive "sh -c \"git config --local --name-only --get-regexp 'http\.https\:\/\/github\.com\/\.extraheader' && git config --local --unset-all 'http.https://github.com/.extraheader' || :\""
verify / windows	UNKNOWN STEP	2026-09-27T07:34:20.9219345Z [command]"C:\Program Files\Git\bin\git.exe" config --local --name-only --get-regexp ^includeIf\.gitdir:
verify / windows	UNKNOWN STEP	2026-09-27T07:34:20.9583276Z [command]"C:\Program Files\Git\bin\git.exe" submodule foreach --recursive "git config --local --show-origin --name-only --get-regexp remote.origin.url"
verify / windows	UNKNOWN STEP	2026-09-27T07:34:21.5408815Z [command]"C:\Program Files\Git\bin\git.exe" config --local http.https://github.com/.extraheader "AUTHORIZATION: basic ***"
verify / windows	UNKNOWN STEP	2026-09-27T07:34:21.5728707Z ##[endgroup]
verify / windows	UNKNOWN STEP	2026-09-27T07:34:21.5729593Z ##[group]Fetching the repository
verify / windows	UNKNOWN STEP	2026-09-27T07:34:21.5745240Z [command]"C:\Program Files\Git\bin\git.exe" -c protocol.version=2 fetch --no-tags --prune --no-recurse-submodules --depth=1 origin +5767b0823e40869fcbe83d67d1bfbd165d2f928e:refs/remotes/origin/chore/windows-dead-code
verify / windows	UNKNOWN STEP	2026-09-27T07:34:23.1699227Z From https://github.com/Pianzh/Kotori
verify / windows	UNKNOWN STEP	2026-09-27T07:34:23.1700242Z  * [new ref]         5767b0823e40869fcbe83d67d1bfbd165d2f928e -> origin/chore/windows-dead-code
verify / windows	UNKNOWN STEP	2026-09-27T07:34:23.1741417Z ##[endgroup]
verify / windows	UNKNOWN STEP	2026-09-27T07:34:23.1741797Z ##[group]Determining the checkout info
verify / windows	UNKNOWN STEP	2026-09-27T07:34:23.1744978Z ##[endgroup]
verify / windows	UNKNOWN STEP	2026-09-27T07:34:23.1758902Z [command]"C:\Program Files\Git\bin\git.exe" sparse-checkout disable
verify / windows	UNKNOWN STEP	2026-09-27T07:34:23.2183872Z [command]"C:\Program Files\Git\bin\git.exe" config --local --unset-all extensions.worktreeConfig
verify / windows	UNKNOWN STEP	2026-09-27T07:34:23.2477029Z ##[group]Checking out the ref
verify / windows	UNKNOWN STEP	2026-09-27T07:34:23.2490118Z [command]"C:\Program Files\Git\bin\git.exe" checkout --progress --force -B chore/windows-dead-code refs/remotes/origin/chore/windows-dead-code
verify / windows	UNKNOWN STEP	2026-09-27T07:34:23.4022059Z Switched to a new branch 'chore/windows-dead-code'
verify / windows	UNKNOWN STEP	2026-09-27T07:34:23.4106000Z branch 'chore/windows-dead-code' set up to track 'origin/chore/windows-dead-code'.
verify / windows	UNKNOWN STEP	2026-09-27T07:34:23.4155570Z ##[endgroup]
verify / windows	UNKNOWN STEP	2026-09-27T07:34:23.4556738Z [command]"C:\Program Files\Git\bin\git.exe" log -1 --format=%H
verify / windows	UNKNOWN STEP	2026-09-27T07:34:23.4816832Z 5767b0823e40869fcbe83d67d1bfbd165d2f928e
verify / windows	UNKNOWN STEP	2026-09-27T07:34:23.5370039Z ##[group]Run dtolnay/rust-toolchain@stable
verify / windows	UNKNOWN STEP	2026-09-27T07:34:23.5371057Z with:
verify / windows	UNKNOWN STEP	2026-09-27T07:34:23.5371239Z   components: clippy
verify / windows	UNKNOWN STEP	2026-09-27T07:34:23.5371448Z   toolchain: stable
verify / windows	UNKNOWN STEP	2026-09-27T07:34:23.5371635Z env:
verify / windows	UNKNOWN STEP	2026-09-27T07:34:23.5371804Z   CARGO_TERM_COLOR: always
verify / windows	UNKNOWN STEP	2026-09-27T07:34:23.5372077Z   KOTORI_TEST_ARTIFACTS: D:\a\Kotori\Kotori/test-artifacts
verify / windows	UNKNOWN STEP	2026-09-27T07:34:23.5372401Z ##[endgroup]
verify / windows	UNKNOWN STEP	2026-09-27T07:34:23.5437592Z ##[start-action display=Parse toolchain version;id=__dtolnay_rust-toolchain.parse]
verify / windows	UNKNOWN STEP	2026-09-27T07:34:23.5612105Z ##[group]Run if [[ -z $toolchain ]]; then
verify / windows	UNKNOWN STEP	2026-09-27T07:34:23.5612470Z ^[[36;1mif [[ -z $toolchain ]]; then^[[0m
verify / windows	UNKNOWN STEP	2026-09-27T07:34:23.5612983Z ^[[36;1m  # GitHub does not enforce `required: true` inputs itself. https://github.com/actions/runner/issues/1070^[[0m
verify / windows	UNKNOWN STEP	2026-09-27T07:34:23.5613543Z ^[[36;1m  echo "'toolchain' is a required input" >&2^[[0m
verify / windows	UNKNOWN STEP	2026-09-27T07:34:23.5613820Z ^[[36;1m  exit 1^[[0m
verify / windows	UNKNOWN STEP	2026-09-27T07:34:23.5614196Z ^[[36;1melif [[ $toolchain =~ ^stable' '[0-9]+' '(year|month|week|day)s?' 'ago$ ]]; then^[[0m
verify / windows	UNKNOWN STEP	2026-09-27T07:34:23.5614603Z ^[[36;1m  if [[ Windows == macOS ]]; then^[[0m
verify / windows	UNKNOWN STEP	2026-09-27T07:34:23.5615114Z ^[[36;1m    echo "toolchain=1.$((($(date -v-$(sed 's/stable \([0-9]*\) \(.\).*/\1\2/' <<< $toolchain) +%s)/60/60/24-16569)/7/6))" >> $GITHUB_OUTPUT^[[0m
verify / windows	UNKNOWN STEP	2026-09-27T07:34:23.5615600Z ^[[36;1m  else^[[0m
verify / windows	UNKNOWN STEP	2026-09-27T07:34:23.5615976Z ^[[36;1m    echo "toolchain=1.$((($(date --date "${toolchain#stable }" +%s)/60/60/24-16569)/7/6))" >> $GITHUB_OUTPUT^[[0m
verify / windows	UNKNOWN STEP	2026-09-27T07:34:23.5616412Z ^[[36;1m  fi^[[0m
verify / windows	UNKNOWN STEP	2026-09-27T07:34:23.5616684Z ^[[36;1melif [[ $toolchain =~ ^stable' 'minus' '[0-9]+' 'releases?$ ]]; then^[[0m
verify / windows	UNKNOWN STEP	2026-09-27T07:34:23.5617189Z ^[[36;1m  echo "toolchain=1.$((($(date +%s)/60/60/24-16569)/7/6-${toolchain//[^0-9]/}))" >> $GITHUB_OUTPUT^[[0m
verify / windows	UNKNOWN STEP	2026-09-27T07:34:23.5617624Z ^[[36;1melif [[ $toolchain =~ ^1\.[0-9]+$ ]]; then^[[0m
verify / windows	UNKNOWN STEP	2026-09-27T07:34:23.5618123Z ^[[36;1m  echo "toolchain=1.$((i=${toolchain#1.}, c=($(date +%s)/60/60/24-16569)/7/6, i+9*i*(10*i<=c)+90*i*(100*i<=c)))" >> $GITHUB_OUTPUT^[[0m
verify / windows	UNKNOWN STEP	2026-09-27T07:34:23.5618592Z ^[[36;1melse^[[0m
verify / windows	UNKNOWN STEP	2026-09-27T07:34:23.5618813Z ^[[36;1m  echo "toolchain=$toolchain" >> $GITHUB_OUTPUT^[[0m
verify / windows	UNKNOWN STEP	2026-09-27T07:34:23.5619167Z ^[[36;1mfi^[[0m
verify / windows	UNKNOWN STEP	2026-09-27T07:34:23.5677072Z shell: C:\Program Files\Git\bin\bash.EXE --noprofile --norc -e -o pipefail {0}
verify / windows	UNKNOWN STEP	2026-09-27T07:34:23.5677578Z env:
verify / windows	UNKNOWN STEP	2026-09-27T07:34:23.5677906Z   CARGO_TERM_COLOR: always
verify / windows	UNKNOWN STEP	2026-09-27T07:34:23.5678251Z   KOTORI_TEST_ARTIFACTS: D:\a\Kotori\Kotori/test-artifacts
verify / windows	UNKNOWN STEP	2026-09-27T07:34:23.5678560Z   toolchain: stable
verify / windows	UNKNOWN STEP	2026-09-27T07:34:23.5678744Z ##[endgroup]
verify / windows	UNKNOWN STEP	2026-09-27T07:34:23.7611588Z ##[end-action id=__dtolnay_rust-toolchain.parse;outcome=success;conclusion=success;duration_ms=217]
verify / windows	UNKNOWN STEP	2026-09-27T07:34:23.7625054Z ##[start-action display=Construct rustup command line;id=__dtolnay_rust-toolchain.flags]
verify / windows	UNKNOWN STEP	2026-09-27T07:34:23.7798060Z ##[group]Run echo "targets=$(for t in ${targets//,/ }; do echo -n ' --target' $t; done)" >> $GITHUB_OUTPUT
verify / windows	UNKNOWN STEP	2026-09-27T07:34:23.7798709Z ^[[36;1mecho "targets=$(for t in ${targets//,/ }; do echo -n ' --target' $t; done)" >> $GITHUB_OUTPUT^[[0m
verify / windows	UNKNOWN STEP	2026-09-27T07:34:23.7799341Z ^[[36;1mecho "components=$(for c in ${components//,/ }; do echo -n ' --component' $c; done)" >> $GITHUB_OUTPUT^[[0m
verify / windows	UNKNOWN STEP	2026-09-27T07:34:23.7799837Z ^[[36;1mecho "downgrade=" >> $GITHUB_OUTPUT^[[0m
verify / windows	UNKNOWN STEP	2026-09-27T07:34:23.7820801Z shell: C:\Program Files\Git\bin\bash.EXE --noprofile --norc -e -o pipefail {0}
verify / windows	UNKNOWN STEP	2026-09-27T07:34:23.7821284Z env:
verify / windows	UNKNOWN STEP	2026-09-27T07:34:23.7821616Z   CARGO_TERM_COLOR: always
verify / windows	UNKNOWN STEP	2026-09-27T07:34:23.7822056Z   KOTORI_TEST_ARTIFACTS: D:\a\Kotori\Kotori/test-artifacts
verify / windows	UNKNOWN STEP	2026-09-27T07:34:23.7822574Z   targets: 
verify / windows	UNKNOWN STEP	2026-09-27T07:34:23.7822887Z   components: clippy
verify / windows	UNKNOWN STEP	2026-09-27T07:34:23.7823204Z ##[endgroup]
verify / windows	UNKNOWN STEP	2026-09-27T07:34:23.8647560Z ##[end-action id=__dtolnay_rust-toolchain.flags;outcome=success;conclusion=success;duration_ms=102]
verify / windows	UNKNOWN STEP	2026-09-27T07:34:23.8650101Z ##[start-action display=Set $CARGO_HOME;id=__dtolnay_rust-toolchain.__run]
verify / windows	UNKNOWN STEP	2026-09-27T07:34:23.8838822Z ##[group]Run echo CARGO_HOME=${CARGO_HOME:-"$USERPROFILE\.cargo"} >> $GITHUB_ENV
verify / windows	UNKNOWN STEP	2026-09-27T07:34:23.8839749Z ^[[36;1mecho CARGO_HOME=${CARGO_HOME:-"$USERPROFILE\.cargo"} >> $GITHUB_ENV^[[0m
verify / windows	UNKNOWN STEP	2026-09-27T07:34:23.8866013Z shell: C:\Program Files\Git\bin\bash.EXE --noprofile --norc -e -o pipefail {0}
verify / windows	UNKNOWN STEP	2026-09-27T07:34:23.8866402Z env:
verify / windows	UNKNOWN STEP	2026-09-27T07:34:23.8866577Z   CARGO_TERM_COLOR: always
verify / windows	UNKNOWN STEP	2026-09-27T07:34:23.8866862Z   KOTORI_TEST_ARTIFACTS: D:\a\Kotori\Kotori/test-artifacts
verify / windows	UNKNOWN STEP	2026-09-27T07:34:23.8867167Z ##[endgroup]
verify / windows	UNKNOWN STEP	2026-09-27T07:34:23.9369869Z ##[end-action id=__dtolnay_rust-toolchain.__run;outcome=success;conclusion=success;duration_ms=71]
verify / windows	UNKNOWN STEP	2026-09-27T07:34:23.9372334Z ##[start-action display=Install rustup if needed;id=__dtolnay_rust-toolchain.__run_2]
verify / windows	UNKNOWN STEP	2026-09-27T07:34:23.9383747Z ##[end-action id=__dtolnay_rust-toolchain.__run_2;outcome=skipped;conclusion=skipped;duration_ms=0]
verify / windows	UNKNOWN STEP	2026-09-27T07:34:23.9385902Z ##[start-action display=Install rustup if needed on windows;id=__dtolnay_rust-toolchain.__run_3]
verify / windows	UNKNOWN STEP	2026-09-27T07:34:23.9537359Z ##[group]Run if ! command -v rustup &>/dev/null; then
verify / windows	UNKNOWN STEP	2026-09-27T07:34:23.9537747Z ^[[36;1mif ! command -v rustup &>/dev/null; then^[[0m
verify / windows	UNKNOWN STEP	2026-09-27T07:34:23.9538486Z ^[[36;1m  curl --proto '=https' --tlsv1.2 --retry 10 --retry-connrefused --location --silent --show-error --fail https://win.rustup.rs/x86_64 --output 'D:\a\_temp\rustup-init.exe'^[[0m
verify / windows	UNKNOWN STEP	2026-09-27T07:34:23.9539366Z ^[[36;1m  'D:\a\_temp\rustup-init.exe' --default-toolchain none --no-modify-path -y^[[0m
verify / windows	UNKNOWN STEP	2026-09-27T07:34:23.9539785Z ^[[36;1m  echo "$CARGO_HOME\bin" >> $GITHUB_PATH^[[0m
verify / windows	UNKNOWN STEP	2026-09-27T07:34:23.9540044Z ^[[36;1mfi^[[0m
verify / windows	UNKNOWN STEP	2026-09-27T07:34:23.9555757Z shell: C:\Program Files\Git\bin\bash.EXE --noprofile --norc -e -o pipefail {0}
verify / windows	UNKNOWN STEP	2026-09-27T07:34:23.9556137Z env:
verify / windows	UNKNOWN STEP	2026-09-27T07:34:23.9556309Z   CARGO_TERM_COLOR: always
verify / windows	UNKNOWN STEP	2026-09-27T07:34:23.9556591Z   KOTORI_TEST_ARTIFACTS: D:\a\Kotori\Kotori/test-artifacts
verify / windows	UNKNOWN STEP	2026-09-27T07:34:23.9556916Z   CARGO_HOME: C:\Users\runneradmin\.cargo
verify / windows	UNKNOWN STEP	2026-09-27T07:34:23.9557178Z ##[endgroup]
verify / windows	UNKNOWN STEP	2026-09-27T07:34:24.0418981Z ##[end-action id=__dtolnay_rust-toolchain.__run_3;outcome=success;conclusion=success;duration_ms=103]
verify / windows	UNKNOWN STEP	2026-09-27T07:34:24.0432442Z ##[start-action display=rustup toolchain install stable;id=__dtolnay_rust-toolchain.__run_4]
verify / windows	UNKNOWN STEP	2026-09-27T07:34:24.0613268Z ##[group]Run rustup toolchain install stable --component clippy --profile minimal --no-self-update
verify / windows	UNKNOWN STEP	2026-09-27T07:34:24.0614110Z ^[[36;1mrustup toolchain install stable --component clippy --profile minimal --no-self-update^[[0m
verify / windows	UNKNOWN STEP	2026-09-27T07:34:24.0631069Z shell: C:\Program Files\Git\bin\bash.EXE --noprofile --norc -e -o pipefail {0}
verify / windows	UNKNOWN STEP	2026-09-27T07:34:24.0631447Z env:
verify / windows	UNKNOWN STEP	2026-09-27T07:34:24.0631620Z   CARGO_TERM_COLOR: always
verify / windows	UNKNOWN STEP	2026-09-27T07:34:24.0631896Z   KOTORI_TEST_ARTIFACTS: D:\a\Kotori\Kotori/test-artifacts
verify / windows	UNKNOWN STEP	2026-09-27T07:34:24.0632226Z   CARGO_HOME: C:\Users\runneradmin\.cargo
verify / windows	UNKNOWN STEP	2026-09-27T07:34:24.0632484Z   RUSTUP_PERMIT_COPY_RENAME: 1
verify / windows	UNKNOWN STEP	2026-09-27T07:34:24.0632699Z ##[endgroup]
verify / windows	UNKNOWN STEP	2026-09-27T07:34:27.5071247Z info: syncing channel updates for stable-x86_64-pc-windows-msvc
verify / windows	UNKNOWN STEP	2026-09-27T07:34:28.1194894Z info: latest update on 2026-09-03 for version 1.98.1 (48a229cea 2026-09-01)
verify / windows	UNKNOWN STEP	2026-09-27T07:34:28.1513754Z info: component clippy is up to date
verify / windows	UNKNOWN STEP	2026-09-27T07:34:28.1532273Z 
verify / windows	UNKNOWN STEP	2026-09-27T07:34:28.1733633Z   stable-x86_64-pc-windows-msvc unchanged - rustc 1.98.1 (48a229cea 2026-09-01)
verify / windows	UNKNOWN STEP	2026-09-27T07:34:28.1733997Z 
verify / windows	UNKNOWN STEP	2026-09-27T07:34:28.1867234Z ##[end-action id=__dtolnay_rust-toolchain.__run_4;outcome=success;conclusion=success;duration_ms=4143]
verify / windows	UNKNOWN STEP	2026-09-27T07:34:28.1872569Z ##[start-action display=rustup default stable;id=__dtolnay_rust-toolchain.__run_5]
verify / windows	UNKNOWN STEP	2026-09-27T07:34:28.2034340Z ##[group]Run rustup default stable
verify / windows	UNKNOWN STEP	2026-09-27T07:34:28.2034793Z ^[[36;1mrustup default stable^[[0m
verify / windows	UNKNOWN STEP	2026-09-27T07:34:28.2052880Z shell: C:\Program Files\Git\bin\bash.EXE --noprofile --norc -e -o pipefail {0}
verify / windows	UNKNOWN STEP	2026-09-27T07:34:28.2053257Z env:
verify / windows	UNKNOWN STEP	2026-09-27T07:34:28.2053431Z   CARGO_TERM_COLOR: always
verify / windows	UNKNOWN STEP	2026-09-27T07:34:28.2054410Z   KOTORI_TEST_ARTIFACTS: D:\a\Kotori\Kotori/test-artifacts
verify / windows	UNKNOWN STEP	2026-09-27T07:34:28.2054791Z   CARGO_HOME: C:\Users\runneradmin\.cargo
verify / windows	UNKNOWN STEP	2026-09-27T07:34:28.2055203Z ##[endgroup]
verify / windows	UNKNOWN STEP	2026-09-27T07:34:28.2803455Z info: using existing install for stable-x86_64-pc-windows-msvc
verify / windows	UNKNOWN STEP	2026-09-27T07:34:28.2919518Z info: default toolchain set to stable-x86_64-pc-windows-msvc
verify / windows	UNKNOWN STEP	2026-09-27T07:34:28.2924006Z 
verify / windows	UNKNOWN STEP	2026-09-27T07:34:28.3127589Z   stable-x86_64-pc-windows-msvc unchanged - rustc 1.98.1 (48a229cea 2026-09-01)
verify / windows	UNKNOWN STEP	2026-09-27T07:34:28.3127948Z 
verify / windows	UNKNOWN STEP	2026-09-27T07:34:28.3214501Z ##[end-action id=__dtolnay_rust-toolchain.__run_5;outcome=success;conclusion=success;duration_ms=134]
verify / windows	UNKNOWN STEP	2026-09-27T07:34:28.3216901Z ##[start-action display=Create cachekey;id=__dtolnay_rust-toolchain.rustc-version]
verify / windows	UNKNOWN STEP	2026-09-27T07:34:28.3348327Z ##[group]Run DATE=$(rustc +stable --version --verbose | sed -ne 's/^commit-date: \(20[0-9][0-9]\)-\([01][0-9]\)-\([0-3][0-9]\)$/\1\2\3/p')
verify / windows	UNKNOWN STEP	2026-09-27T07:34:28.3349159Z ^[[36;1mDATE=$(rustc +stable --version --verbose | sed -ne 's/^commit-date: \(20[0-9][0-9]\)-\([01][0-9]\)-\([0-3][0-9]\)$/\1\2\3/p')^[[0m
verify / windows	UNKNOWN STEP	2026-09-27T07:34:28.3349794Z ^[[36;1mHASH=$(rustc +stable --version --verbose | sed -ne 's/^commit-hash: //p')^[[0m
verify / windows	UNKNOWN STEP	2026-09-27T07:34:28.3350277Z ^[[36;1mecho "cachekey=$(echo $DATE$HASH | head -c12)" >> $GITHUB_OUTPUT^[[0m
verify / windows	UNKNOWN STEP	2026-09-27T07:34:28.3365945Z shell: C:\Program Files\Git\bin\bash.EXE --noprofile --norc -e -o pipefail {0}
verify / windows	UNKNOWN STEP	2026-09-27T07:34:28.3366321Z env:
verify / windows	UNKNOWN STEP	2026-09-27T07:34:28.3366488Z   CARGO_TERM_COLOR: always
verify / windows	UNKNOWN STEP	2026-09-27T07:34:28.3366769Z   KOTORI_TEST_ARTIFACTS: D:\a\Kotori\Kotori/test-artifacts
verify / windows	UNKNOWN STEP	2026-09-27T07:34:28.3367085Z   CARGO_HOME: C:\Users\runneradmin\.cargo
verify / windows	UNKNOWN STEP	2026-09-27T07:34:28.3367328Z ##[endgroup]
verify / windows	UNKNOWN STEP	2026-09-27T07:34:29.2673678Z ##[end-action id=__dtolnay_rust-toolchain.rustc-version;outcome=success;conclusion=success;duration_ms=945]
verify / windows	UNKNOWN STEP	2026-09-27T07:34:29.2677496Z ##[start-action display=Disable incremental compilation;id=__dtolnay_rust-toolchain.__run_6]
verify / windows	UNKNOWN STEP	2026-09-27T07:34:29.2856977Z ##[group]Run if [ -z "${CARGO_INCREMENTAL+set}" ]; then
verify / windows	UNKNOWN STEP	2026-09-27T07:34:29.2857599Z ^[[36;1mif [ -z "${CARGO_INCREMENTAL+set}" ]; then^[[0m
verify / windows	UNKNOWN STEP	2026-09-27T07:34:29.2858158Z ^[[36;1m  echo CARGO_INCREMENTAL=0 >> $GITHUB_ENV^[[0m
verify / windows	UNKNOWN STEP	2026-09-27T07:34:29.2858605Z ^[[36;1mfi^[[0m
verify / windows	UNKNOWN STEP	2026-09-27T07:34:29.2883550Z shell: C:\Program Files\Git\bin\bash.EXE --noprofile --norc -e -o pipefail {0}
verify / windows	UNKNOWN STEP	2026-09-27T07:34:29.2884208Z env:
verify / windows	UNKNOWN STEP	2026-09-27T07:34:29.2884511Z   CARGO_TERM_COLOR: always
verify / windows	UNKNOWN STEP	2026-09-27T07:34:29.2884997Z   KOTORI_TEST_ARTIFACTS: D:\a\Kotori\Kotori/test-artifacts
verify / windows	UNKNOWN STEP	2026-09-27T07:34:29.2885561Z   CARGO_HOME: C:\Users\runneradmin\.cargo
verify / windows	UNKNOWN STEP	2026-09-27T07:34:29.2885997Z ##[endgroup]
verify / windows	UNKNOWN STEP	2026-09-27T07:34:29.3357375Z ##[end-action id=__dtolnay_rust-toolchain.__run_6;outcome=success;conclusion=success;duration_ms=67]
verify / windows	UNKNOWN STEP	2026-09-27T07:34:29.3360288Z ##[start-action display=Enable colors in Cargo output;id=__dtolnay_rust-toolchain.__run_7]
verify / windows	UNKNOWN STEP	2026-09-27T07:34:29.3502652Z ##[group]Run if [ -z "${CARGO_TERM_COLOR+set}" ]; then
verify / windows	UNKNOWN STEP	2026-09-27T07:34:29.3503048Z ^[[36;1mif [ -z "${CARGO_TERM_COLOR+set}" ]; then^[[0m
verify / windows	UNKNOWN STEP	2026-09-27T07:34:29.3503363Z ^[[36;1m  echo CARGO_TERM_COLOR=always >> $GITHUB_ENV^[[0m
verify / windows	UNKNOWN STEP	2026-09-27T07:34:29.3503643Z ^[[36;1mfi^[[0m
verify / windows	UNKNOWN STEP	2026-09-27T07:34:29.3518740Z shell: C:\Program Files\Git\bin\bash.EXE --noprofile --norc -e -o pipefail {0}
verify / windows	UNKNOWN STEP	2026-09-27T07:34:29.3519120Z env:
verify / windows	UNKNOWN STEP	2026-09-27T07:34:29.3519694Z   CARGO_TERM_COLOR: always
verify / windows	UNKNOWN STEP	2026-09-27T07:34:29.3520017Z   KOTORI_TEST_ARTIFACTS: D:\a\Kotori\Kotori/test-artifacts
verify / windows	UNKNOWN STEP	2026-09-27T07:34:29.3520344Z   CARGO_HOME: C:\Users\runneradmin\.cargo
verify / windows	UNKNOWN STEP	2026-09-27T07:34:29.3520592Z   CARGO_INCREMENTAL: 0
verify / windows	UNKNOWN STEP	2026-09-27T07:34:29.3520785Z ##[endgroup]
verify / windows	UNKNOWN STEP	2026-09-27T07:34:29.3951150Z ##[end-action id=__dtolnay_rust-toolchain.__run_7;outcome=success;conclusion=success;duration_ms=59]
verify / windows	UNKNOWN STEP	2026-09-27T07:34:29.3953998Z ##[start-action display=Enable Cargo sparse registry;id=__dtolnay_rust-toolchain.__run_8]
verify / windows	UNKNOWN STEP	2026-09-27T07:34:29.4095802Z ##[group]Run # implemented in 1.66, stabilized in 1.68, made default in 1.70
verify / windows	UNKNOWN STEP	2026-09-27T07:34:29.4096482Z ^[[36;1m# implemented in 1.66, stabilized in 1.68, made default in 1.70^[[0m
verify / windows	UNKNOWN STEP	2026-09-27T07:34:29.4097152Z ^[[36;1mif [ -z "${CARGO_REGISTRIES_CRATES_IO_PROTOCOL+set}" -o -f "D:\a\_temp"/.implicit_cargo_registries_crates_io_protocol ]; then^[[0m
verify / windows	UNKNOWN STEP	2026-09-27T07:34:29.4098619Z ^[[36;1m  if rustc +stable --version --verbose | grep -q '^release: 1\.6[89]\.'; then^[[0m
verify / windows	UNKNOWN STEP	2026-09-27T07:34:29.4099119Z ^[[36;1m    touch "D:\a\_temp"/.implicit_cargo_registries_crates_io_protocol || true^[[0m
verify / windows	UNKNOWN STEP	2026-09-27T07:34:29.4099596Z ^[[36;1m    echo CARGO_REGISTRIES_CRATES_IO_PROTOCOL=sparse >> $GITHUB_ENV^[[0m
verify / windows	UNKNOWN STEP	2026-09-27T07:34:29.4100069Z ^[[36;1m  elif rustc +stable --version --verbose | grep -q '^release: 1\.6[67]\.'; then^[[0m
verify / windows	UNKNOWN STEP	2026-09-27T07:34:29.4100561Z ^[[36;1m    touch "D:\a\_temp"/.implicit_cargo_registries_crates_io_protocol || true^[[0m
verify / windows	UNKNOWN STEP	2026-09-27T07:34:29.4101012Z ^[[36;1m    echo CARGO_REGISTRIES_CRATES_IO_PROTOCOL=git >> $GITHUB_ENV^[[0m
verify / windows	UNKNOWN STEP	2026-09-27T07:34:29.4101331Z ^[[36;1m  fi^[[0m
verify / windows	UNKNOWN STEP	2026-09-27T07:34:29.4101497Z ^[[36;1mfi^[[0m
verify / windows	UNKNOWN STEP	2026-09-27T07:34:29.4116861Z shell: C:\Program Files\Git\bin\bash.EXE --noprofile --norc -e -o pipefail {0}
verify / windows	UNKNOWN STEP	2026-09-27T07:34:29.4117249Z env:
verify / windows	UNKNOWN STEP	2026-09-27T07:34:29.4117421Z   CARGO_TERM_COLOR: always
verify / windows	UNKNOWN STEP	2026-09-27T07:34:29.4117692Z   KOTORI_TEST_ARTIFACTS: D:\a\Kotori\Kotori/test-artifacts
verify / windows	UNKNOWN STEP	2026-09-27T07:34:29.4118017Z   CARGO_HOME: C:\Users\runneradmin\.cargo
verify / windows	UNKNOWN STEP	2026-09-27T07:34:29.4118266Z   CARGO_INCREMENTAL: 0
verify / windows	UNKNOWN STEP	2026-09-27T07:34:29.4118459Z ##[endgroup]
verify / windows	UNKNOWN STEP	2026-09-27T07:34:29.6061531Z ##[end-action id=__dtolnay_rust-toolchain.__run_8;outcome=success;conclusion=success;duration_ms=210]
verify / windows	UNKNOWN STEP	2026-09-27T07:34:29.6063950Z ##[start-action display=Work around spurious network errors in curl 8.0;id=__dtolnay_rust-toolchain.__run_9]
verify / windows	UNKNOWN STEP	2026-09-27T07:34:29.6203210Z ##[group]Run # https://rust-lang.zulipchat.com/#narrow/stream/246057-t-cargo/topic/timeout.20investigation
verify / windows	UNKNOWN STEP	2026-09-27T07:34:29.6204231Z ^[[36;1m# https://rust-lang.zulipchat.com/#narrow/stream/246057-t-cargo/topic/timeout.20investigation^[[0m
verify / windows	UNKNOWN STEP	2026-09-27T07:34:29.6204849Z ^[[36;1mif rustc +stable --version --verbose | grep -q '^release: 1\.7[01]\.'; then^[[0m
verify / windows	UNKNOWN STEP	2026-09-27T07:34:29.6205306Z ^[[36;1m  echo CARGO_HTTP_MULTIPLEXING=false >> $GITHUB_ENV^[[0m
verify / windows	UNKNOWN STEP	2026-09-27T07:34:29.6205599Z ^[[36;1mfi^[[0m
verify / windows	UNKNOWN STEP	2026-09-27T07:34:29.6221744Z shell: C:\Program Files\Git\bin\bash.EXE --noprofile --norc -e -o pipefail {0}
verify / windows	UNKNOWN STEP	2026-09-27T07:34:29.6222135Z env:
verify / windows	UNKNOWN STEP	2026-09-27T07:34:29.6222306Z   CARGO_TERM_COLOR: always
verify / windows	UNKNOWN STEP	2026-09-27T07:34:29.6222580Z   KOTORI_TEST_ARTIFACTS: D:\a\Kotori\Kotori/test-artifacts
verify / windows	UNKNOWN STEP	2026-09-27T07:34:29.6222951Z   CARGO_HOME: C:\Users\runneradmin\.cargo
verify / windows	UNKNOWN STEP	2026-09-27T07:34:29.6223210Z   CARGO_INCREMENTAL: 0
verify / windows	UNKNOWN STEP	2026-09-27T07:34:29.6223401Z ##[endgroup]
verify / windows	UNKNOWN STEP	2026-09-27T07:34:29.7347900Z ##[end-action id=__dtolnay_rust-toolchain.__run_9;outcome=success;conclusion=success;duration_ms=128]
verify / windows	UNKNOWN STEP	2026-09-27T07:34:29.7355582Z ##[start-action display=rustc +stable --version --verbose;id=__dtolnay_rust-toolchain.__run_10]
verify / windows	UNKNOWN STEP	2026-09-27T07:34:29.7582373Z ##[group]Run rustc +stable --version --verbose
verify / windows	UNKNOWN STEP	2026-09-27T07:34:29.7582968Z ^[[36;1mrustc +stable --version --verbose^[[0m
verify / windows	UNKNOWN STEP	2026-09-27T07:34:29.7602211Z shell: C:\Program Files\Git\bin\bash.EXE --noprofile --norc -e -o pipefail {0}
verify / windows	UNKNOWN STEP	2026-09-27T07:34:29.7602615Z env:
verify / windows	UNKNOWN STEP	2026-09-27T07:34:29.7602788Z   CARGO_TERM_COLOR: always
verify / windows	UNKNOWN STEP	2026-09-27T07:34:29.7603069Z   KOTORI_TEST_ARTIFACTS: D:\a\Kotori\Kotori/test-artifacts
verify / windows	UNKNOWN STEP	2026-09-27T07:34:29.7603396Z   CARGO_HOME: C:\Users\runneradmin\.cargo
verify / windows	UNKNOWN STEP	2026-09-27T07:34:29.7603654Z   CARGO_INCREMENTAL: 0
verify / windows	UNKNOWN STEP	2026-09-27T07:34:29.7603844Z ##[endgroup]
verify / windows	UNKNOWN STEP	2026-09-27T07:34:29.8450435Z rustc 1.98.1 (48a229cea 2026-09-01)
verify / windows	UNKNOWN STEP	2026-09-27T07:34:29.8451043Z binary: rustc
verify / windows	UNKNOWN STEP	2026-09-27T07:34:29.8451529Z commit-hash: 48a229ceaefd4985c50990b14116b6d856af0985
verify / windows	UNKNOWN STEP	2026-09-27T07:34:29.8452023Z commit-date: 2026-09-01
verify / windows	UNKNOWN STEP	2026-09-27T07:34:29.8452342Z host: x86_64-pc-windows-msvc
verify / windows	UNKNOWN STEP	2026-09-27T07:34:29.8452576Z release: 1.98.1
verify / windows	UNKNOWN STEP	2026-09-27T07:34:29.8453719Z LLVM version: 22.1.8
verify / windows	UNKNOWN STEP	2026-09-27T07:34:29.8591240Z ##[end-action id=__dtolnay_rust-toolchain.__run_10;outcome=success;conclusion=success;duration_ms=123]
verify / windows	UNKNOWN STEP	2026-09-27T07:34:29.8880583Z ##[group]Run Swatinem/rust-cache@v2
verify / windows	UNKNOWN STEP	2026-09-27T07:34:29.8881544Z with:
verify / windows	UNKNOWN STEP	2026-09-27T07:34:29.8881830Z   cache-on-failure: true
verify / windows	UNKNOWN STEP	2026-09-27T07:34:29.8882175Z   prefix-key: v0-rust
verify / windows	UNKNOWN STEP	2026-09-27T07:34:29.8882494Z   add-job-id-key: true
verify / windows	UNKNOWN STEP	2026-09-27T07:34:29.8882840Z   add-rust-environment-hash-key: true
verify / windows	UNKNOWN STEP	2026-09-27T07:34:29.8883199Z   cache-targets: true
verify / windows	UNKNOWN STEP	2026-09-27T07:34:29.8883500Z   cache-all-crates: false
verify / windows	UNKNOWN STEP	2026-09-27T07:34:29.8883862Z   cache-workspace-crates: false
verify / windows	UNKNOWN STEP	2026-09-27T07:34:29.8884226Z   save-if: true
verify / windows	UNKNOWN STEP	2026-09-27T07:34:29.8884535Z   cache-provider: github
verify / windows	UNKNOWN STEP	2026-09-27T07:34:29.8884850Z   cache-bin: true
verify / windows	UNKNOWN STEP	2026-09-27T07:34:29.8885120Z   lookup-only: false
verify / windows	UNKNOWN STEP	2026-09-27T07:34:29.8885400Z   cmd-format: {0}
verify / windows	UNKNOWN STEP	2026-09-27T07:34:29.8885661Z env:
verify / windows	UNKNOWN STEP	2026-09-27T07:34:29.8885944Z   CARGO_TERM_COLOR: always
verify / windows	UNKNOWN STEP	2026-09-27T07:34:29.8886398Z   KOTORI_TEST_ARTIFACTS: D:\a\Kotori\Kotori/test-artifacts
verify / windows	UNKNOWN STEP	2026-09-27T07:34:29.8886928Z   CARGO_HOME: C:\Users\runneradmin\.cargo
verify / windows	UNKNOWN STEP	2026-09-27T07:34:29.8887410Z   CARGO_INCREMENTAL: 0
verify / windows	UNKNOWN STEP	2026-09-27T07:34:29.8887722Z ##[endgroup]
verify / windows	UNKNOWN STEP	2026-09-27T07:34:32.6576034Z ##[group]Cache Configuration
verify / windows	UNKNOWN STEP	2026-09-27T07:34:32.6577957Z Cache Provider:
verify / windows	UNKNOWN STEP	2026-09-27T07:34:32.6578294Z     github
verify / windows	UNKNOWN STEP	2026-09-27T07:34:32.6578591Z Workspaces:
verify / windows	UNKNOWN STEP	2026-09-27T07:34:32.6578887Z     D:\a\Kotori\Kotori
verify / windows	UNKNOWN STEP	2026-09-27T07:34:32.6579237Z Cache Paths:
verify / windows	UNKNOWN STEP	2026-09-27T07:34:32.6579577Z     C:\Users\runneradmin\.cargo\bin
verify / windows	UNKNOWN STEP	2026-09-27T07:34:32.6580034Z     C:\Users\runneradmin\.cargo\.crates.toml
verify / windows	UNKNOWN STEP	2026-09-27T07:34:32.6580530Z     C:\Users\runneradmin\.cargo\.crates2.json
verify / windows	UNKNOWN STEP	2026-09-27T07:34:32.6581015Z     C:\Users\runneradmin\.cargo\registry
verify / windows	UNKNOWN STEP	2026-09-27T07:34:32.6581470Z     C:\Users\runneradmin\.cargo\git
verify / windows	UNKNOWN STEP	2026-09-27T07:34:32.6581913Z     D:\a\Kotori\Kotori\target
verify / windows	UNKNOWN STEP	2026-09-27T07:34:32.6582305Z Restore Key:
verify / windows	UNKNOWN STEP	2026-09-27T07:34:32.6582651Z     v0-rust-windows-Windows_NT-x64-2113753f
verify / windows	UNKNOWN STEP	2026-09-27T07:34:32.6583074Z Cache Key:
verify / windows	UNKNOWN STEP	2026-09-27T07:34:32.6583424Z     v0-rust-windows-Windows_NT-x64-2113753f-fba41dd4
verify / windows	UNKNOWN STEP	2026-09-27T07:34:32.6583954Z .. Prefix:
verify / windows	UNKNOWN STEP	2026-09-27T07:34:32.6584282Z   - v0-rust-windows-Windows_NT-x64
verify / windows	UNKNOWN STEP	2026-09-27T07:34:32.6584736Z .. Environment considered:
verify / windows	UNKNOWN STEP	2026-09-27T07:34:32.6585119Z   - Rust Versions:
verify / windows	UNKNOWN STEP	2026-09-27T07:34:32.6585857Z     - 1.98.1 x86_64-pc-windows-msvc 48a229ceaefd4985c50990b14116b6d856af0985
verify / windows	UNKNOWN STEP	2026-09-27T07:34:32.6586570Z   - CARGO_HOME
verify / windows	UNKNOWN STEP	2026-09-27T07:34:32.6587083Z   - CARGO_INCREMENTAL
verify / windows	UNKNOWN STEP	2026-09-27T07:34:32.6587396Z   - CARGO_TERM_COLOR
verify / windows	UNKNOWN STEP	2026-09-27T07:34:32.6587719Z .. Lockfiles considered:
verify / windows	UNKNOWN STEP	2026-09-27T07:34:32.6588121Z   - D:\a\Kotori\Kotori\.cargo\config.toml
verify / windows	UNKNOWN STEP	2026-09-27T07:34:32.6588570Z   - D:\a\Kotori\Kotori\Cargo.lock
verify / windows	UNKNOWN STEP	2026-09-27T07:34:32.6588971Z   - D:\a\Kotori\Kotori\Cargo.toml
verify / windows	UNKNOWN STEP	2026-09-27T07:34:32.6589593Z ##[endgroup]
verify / windows	UNKNOWN STEP	2026-09-27T07:34:32.6589755Z 
verify / windows	UNKNOWN STEP	2026-09-27T07:34:32.6589882Z ... Restoring cache ...
verify / windows	UNKNOWN STEP	2026-09-27T07:34:32.9980531Z Cache hit for: v0-rust-windows-Windows_NT-x64-2113753f-fba41dd4
verify / windows	UNKNOWN STEP	2026-09-27T07:34:34.2242733Z Received 79691776 of 942664825 (8.5%), 74.7 MBs/sec
verify / windows	UNKNOWN STEP	2026-09-27T07:34:35.2263241Z Received 251658240 of 942664825 (26.7%), 118.9 MBs/sec
verify / windows	UNKNOWN STEP	2026-09-27T07:34:36.3036002Z Received 402653184 of 942664825 (42.7%), 124.0 MBs/sec
verify / windows	UNKNOWN STEP	2026-09-27T07:34:37.3198321Z Received 557842432 of 942664825 (59.2%), 129.4 MBs/sec
verify / windows	UNKNOWN STEP	2026-09-27T07:34:38.3355296Z Received 721420288 of 942664825 (76.5%), 134.2 MBs/sec
verify / windows	UNKNOWN STEP	2026-09-27T07:34:39.3405951Z Received 889192448 of 942664825 (94.3%), 138.4 MBs/sec
verify / windows	UNKNOWN STEP	2026-09-27T07:34:39.9072539Z Received 942664825 of 942664825 (100.0%), 134.2 MBs/sec
verify / windows	UNKNOWN STEP	2026-09-27T07:34:39.9075754Z Cache Size: ~899 MB (942664825 B)
verify / windows	UNKNOWN STEP	2026-09-27T07:34:39.9118239Z [command]"C:\Program Files\Git\usr\bin\tar.exe" -xf D:/a/_temp/7101e5fa-390a-4d7b-b35a-236f2136f374/cache.tzst -P -C D:/a/Kotori/Kotori --force-local --use-compress-program "zstd -d"
verify / windows	UNKNOWN STEP	2026-09-27T07:35:01.6674309Z Cache restored successfully
verify / windows	UNKNOWN STEP	2026-09-27T07:35:01.7182804Z Restored from cache key "v0-rust-windows-Windows_NT-x64-2113753f-fba41dd4" full match: true.
verify / windows	UNKNOWN STEP	2026-09-27T07:35:01.7484624Z ##[group]Run cargo clippy --all-targets --locked -- -D warnings
verify / windows	UNKNOWN STEP	2026-09-27T07:35:01.7485146Z ^[[36;1mcargo clippy --all-targets --locked -- -D warnings^[[0m
verify / windows	UNKNOWN STEP	2026-09-27T07:35:01.8253919Z shell: C:\Program Files\PowerShell\7\pwsh.EXE -command ". '{0}'"
verify / windows	UNKNOWN STEP	2026-09-27T07:35:01.8254358Z env:
verify / windows	UNKNOWN STEP	2026-09-27T07:35:01.8254590Z   CARGO_TERM_COLOR: always
verify / windows	UNKNOWN STEP	2026-09-27T07:35:01.8254936Z   KOTORI_TEST_ARTIFACTS: D:\a\Kotori\Kotori/test-artifacts
verify / windows	UNKNOWN STEP	2026-09-27T07:35:01.8255345Z   CARGO_HOME: C:\Users\runneradmin\.cargo
verify / windows	UNKNOWN STEP	2026-09-27T07:35:01.8255659Z   CARGO_INCREMENTAL: 0
verify / windows	UNKNOWN STEP	2026-09-27T07:35:01.8255904Z   CACHE_ON_FAILURE: true
verify / windows	UNKNOWN STEP	2026-09-27T07:35:01.8256153Z ##[endgroup]
verify / windows	UNKNOWN STEP	2026-09-27T07:35:04.5610675Z ^[[1m^[[92m    Updating^[[0m crates.io index
verify / windows	UNKNOWN STEP	2026-09-27T07:35:28.6447950Z ^[[1m^[[92m   Compiling^[[0m kotori v0.1.0 (D:\a\Kotori\Kotori)
verify / windows	UNKNOWN STEP	2026-09-27T07:35:50.3008593Z ^[[1m^[[91merror^[[0m^[[1m^[[97m: unused import: `crate::config::ScaleProfile`^[[0m
verify / windows	UNKNOWN STEP	2026-09-27T07:35:50.3009565Z  ^[[1m^[[96m--> ^[[0msrc\scale\action.rs:5:5
verify / windows	UNKNOWN STEP	2026-09-27T07:35:50.3010128Z   ^[[1m^[[96m|^[[0m
verify / windows	UNKNOWN STEP	2026-09-27T07:35:50.3010709Z ^[[1m^[[96m5^[[0m ^[[1m^[[96m|^[[0m use crate::config::ScaleProfile;
verify / windows	UNKNOWN STEP	2026-09-27T07:35:50.3011395Z   ^[[1m^[[96m|^[[0m     ^[[1m^[[91m^^^^^^^^^^^^^^^^^^^^^^^^^^^^[[0m
verify / windows	UNKNOWN STEP	2026-09-27T07:35:50.3011925Z   ^[[1m^[[96m|^[[0m
verify / windows	UNKNOWN STEP	2026-09-27T07:35:50.3012574Z   ^[[1m^[[96m= ^[[0m^[[1m^[[97mnote^[[0m: `-D unused-imports` implied by `-D warnings`
verify / windows	UNKNOWN STEP	2026-09-27T07:35:50.3013476Z   ^[[1m^[[96m= ^[[0m^[[1m^[[97mhelp^[[0m: to override `-D warnings` add `#[allow(unused_imports)]`
verify / windows	UNKNOWN STEP	2026-09-27T07:35:50.3013984Z 
verify / windows	UNKNOWN STEP	2026-09-27T07:35:50.7303695Z ^[[1m^[[91merror^[[0m^[[1m^[[97m: unused import: `SecretKey`^[[0m
verify / windows	UNKNOWN STEP	2026-09-27T07:35:50.7304736Z  ^[[1m^[[96m--> ^[[0msrc\secrets\testing.rs:5:22
verify / windows	UNKNOWN STEP	2026-09-27T07:35:50.7305520Z   ^[[1m^[[96m|^[[0m
verify / windows	UNKNOWN STEP	2026-09-27T07:35:50.7306395Z ^[[1m^[[96m5^[[0m ^[[1m^[[96m|^[[0m use super::{Keyring, SecretKey};
verify / windows	UNKNOWN STEP	2026-09-27T07:35:50.7307233Z   ^[[1m^[[96m|^[[0m                      ^[[1m^[[91m^^^^^^^^^^[[0m
verify / windows	UNKNOWN STEP	2026-09-27T07:35:50.7307731Z 
verify / windows	UNKNOWN STEP	2026-09-27T07:35:51.0320073Z ^[[1m^[[91merror^[[0m^[[1m^[[97m: unused import: `std::io::Write`^[[0m
verify / windows	UNKNOWN STEP	2026-09-27T07:35:51.0320951Z   ^[[1m^[[96m--> ^[[0msrc\wine_prefixes.rs:23:5
verify / windows	UNKNOWN STEP	2026-09-27T07:35:51.0321512Z    ^[[1m^[[96m|^[[0m
verify / windows	UNKNOWN STEP	2026-09-27T07:35:51.0322161Z ^[[1m^[[96m23^[[0m ^[[1m^[[96m|^[[0m use std::io::Write;
verify / windows	UNKNOWN STEP	2026-09-27T07:35:51.0322843Z    ^[[1m^[[96m|^[[0m     ^[[1m^[[91m^^^^^^^^^^^^^^^[[0m
verify / windows	UNKNOWN STEP	2026-09-27T07:35:51.0323256Z 
verify / windows	UNKNOWN STEP	2026-09-27T07:36:27.1820407Z ^[[1m^[[91merror^[[0m: could not compile `kotori` (bin "kotori") due to 2 previous errors
verify / windows	UNKNOWN STEP	2026-09-27T07:36:27.1821504Z ^[[1m^[[93mwarning^[[0m: build failed, waiting for other jobs to finish...
verify / windows	UNKNOWN STEP	2026-09-27T07:36:28.8485512Z ^[[1m^[[91merror^[[0m: could not compile `kotori` (bin "kotori" test) due to 3 previous errors
verify / windows	UNKNOWN STEP	2026-09-27T07:36:29.0271375Z ##[error]Process completed with exit code 1.
verify / windows	UNKNOWN STEP	2026-09-27T07:36:29.0489249Z ##[group]Run actions/upload-artifact@v4
verify / windows	UNKNOWN STEP	2026-09-27T07:36:29.0489651Z with:
verify / windows	UNKNOWN STEP	2026-09-27T07:36:29.0489917Z   name: test-artifacts-windows-x64
verify / windows	UNKNOWN STEP	2026-09-27T07:36:29.0490296Z   path: D:\a\Kotori\Kotori/test-artifacts
verify / windows	UNKNOWN STEP	2026-09-27T07:36:29.0490627Z   if-no-files-found: warn
verify / windows	UNKNOWN STEP	2026-09-27T07:36:29.0490910Z   compression-level: 6
verify / windows	UNKNOWN STEP	2026-09-27T07:36:29.0491188Z   overwrite: false
verify / windows	UNKNOWN STEP	2026-09-27T07:36:29.0491447Z   include-hidden-files: false
verify / windows	UNKNOWN STEP	2026-09-27T07:36:29.0491769Z env:
verify / windows	UNKNOWN STEP	2026-09-27T07:36:29.0491994Z   CARGO_TERM_COLOR: always
verify / windows	UNKNOWN STEP	2026-09-27T07:36:29.0492332Z   KOTORI_TEST_ARTIFACTS: D:\a\Kotori\Kotori/test-artifacts
verify / windows	UNKNOWN STEP	2026-09-27T07:36:29.0492712Z   CARGO_HOME: C:\Users\runneradmin\.cargo
verify / windows	UNKNOWN STEP	2026-09-27T07:36:29.0493055Z   CARGO_INCREMENTAL: 0
verify / windows	UNKNOWN STEP	2026-09-27T07:36:29.0493312Z   CACHE_ON_FAILURE: true
verify / windows	UNKNOWN STEP	2026-09-27T07:36:29.0493582Z ##[endgroup]
verify / windows	UNKNOWN STEP	2026-09-27T07:36:29.2394523Z (node:8772) [DEP0040] DeprecationWarning: The `punycode` module is deprecated. Please use a userland alternative instead.
verify / windows	UNKNOWN STEP	2026-09-27T07:36:29.2396051Z (Use `node --trace-deprecation ...` to show where the warning was created)
verify / windows	UNKNOWN STEP	2026-09-27T07:36:29.2448153Z ##[warning]No files were found with the provided path: D:\a\Kotori\Kotori/test-artifacts. No artifacts will be uploaded.
verify / windows	UNKNOWN STEP	2026-09-27T07:36:29.2779554Z Post job cleanup.
verify / windows	UNKNOWN STEP	2026-09-27T07:36:29.4360832Z Cache up-to-date.
verify / windows	UNKNOWN STEP	2026-09-27T07:36:29.4664643Z Post job cleanup.
verify / windows	UNKNOWN STEP	2026-09-27T07:36:29.6543734Z [command]"C:\Program Files\Git\bin\git.exe" version
verify / windows	UNKNOWN STEP	2026-09-27T07:36:29.6824835Z git version 2.55.0.windows.5
verify / windows	UNKNOWN STEP	2026-09-27T07:36:29.6910354Z Temporarily overriding HOME='D:\a\_temp\be7165d7-7951-4a85-92c5-1fbf0a0ebaa2' before making global git config changes
verify / windows	UNKNOWN STEP	2026-09-27T07:36:29.6911755Z Adding repository directory to the temporary git global config as a safe directory
verify / windows	UNKNOWN STEP	2026-09-27T07:36:29.6925133Z [command]"C:\Program Files\Git\bin\git.exe" config --global --add safe.directory D:\a\Kotori\Kotori
verify / windows	UNKNOWN STEP	2026-09-27T07:36:29.7282904Z [command]"C:\Program Files\Git\bin\git.exe" config --local --name-only --get-regexp core\.sshCommand
verify / windows	UNKNOWN STEP	2026-09-27T07:36:29.7635651Z [command]"C:\Program Files\Git\bin\git.exe" submodule foreach --recursive "sh -c \"git config --local --name-only --get-regexp 'core\.sshCommand' && git config --local --unset-all 'core.sshCommand' || :\""
verify / windows	UNKNOWN STEP	2026-09-27T07:36:30.3248883Z [command]"C:\Program Files\Git\bin\git.exe" config --local --name-only --get-regexp http\.https\:\/\/github\.com\/\.extraheader
verify / windows	UNKNOWN STEP	2026-09-27T07:36:30.3520400Z http.https://github.com/.extraheader
verify / windows	UNKNOWN STEP	2026-09-27T07:36:30.3565650Z [command]"C:\Program Files\Git\bin\git.exe" config --local --unset-all http.https://github.com/.extraheader
verify / windows	UNKNOWN STEP	2026-09-27T07:36:30.3869279Z [command]"C:\Program Files\Git\bin\git.exe" submodule foreach --recursive "sh -c \"git config --local --name-only --get-regexp 'http\.https\:\/\/github\.com\/\.extraheader' && git config --local --unset-all 'http.https://github.com/.extraheader' || :\""
verify / windows	UNKNOWN STEP	2026-09-27T07:36:30.9160301Z [command]"C:\Program Files\Git\bin\git.exe" config --local --name-only --get-regexp ^includeIf\.gitdir:
verify / windows	UNKNOWN STEP	2026-09-27T07:36:30.9460293Z [command]"C:\Program Files\Git\bin\git.exe" submodule foreach --recursive "git config --local --show-origin --name-only --get-regexp remote.origin.url"
verify / windows	UNKNOWN STEP	2026-09-27T07:36:31.4974069Z Cleaning up orphan processes
verify / windows	UNKNOWN STEP	2026-09-27T07:36:31.5516164Z Terminate orphan process: pid (5176) (vctip)
verify / windows	UNKNOWN STEP	2026-09-27T07:36:31.5570357Z ##[warning]Node.js 20 is deprecated. The following actions target Node.js 20 but are being forced to run on Node.js 24: actions/checkout@v4, actions/upload-artifact@v4. For more information see: https://github.blog/changelog/2025-09-19-deprecation-of-node-20-on-github-actions-runners/
verify / linux	UNKNOWN STEP	﻿2026-09-27T07:34:12.2935597Z Current runner version: '2.337.0'
verify / linux	UNKNOWN STEP	2026-09-27T07:34:12.2960859Z ##[group]Runner Image Provisioner
verify / linux	UNKNOWN STEP	2026-09-27T07:34:12.2961838Z Hosted Compute Agent
verify / linux	UNKNOWN STEP	2026-09-27T07:34:12.2962530Z Version: 20260828.587
verify / linux	UNKNOWN STEP	2026-09-27T07:34:12.2963477Z Commit: abac92662cab4cc7352de4f9f9d2e2419aad9c29
verify / linux	UNKNOWN STEP	2026-09-27T07:34:12.2964266Z Build Date: 2026-08-28T16:44:25Z
verify / linux	UNKNOWN STEP	2026-09-27T07:34:12.2965227Z Worker ID: {efc57edf-43ba-44f6-bcce-7fbe9e026f7f}
verify / linux	UNKNOWN STEP	2026-09-27T07:34:12.2966057Z Azure Region: northcentralus
verify / linux	UNKNOWN STEP	2026-09-27T07:34:12.2966684Z ##[endgroup]
verify / linux	UNKNOWN STEP	2026-09-27T07:34:12.2968190Z ##[group]Operating System
verify / linux	UNKNOWN STEP	2026-09-27T07:34:12.2968949Z Ubuntu
verify / linux	UNKNOWN STEP	2026-09-27T07:34:12.2969549Z 24.04.5
verify / linux	UNKNOWN STEP	2026-09-27T07:34:12.2970480Z LTS
verify / linux	UNKNOWN STEP	2026-09-27T07:34:12.2971041Z ##[endgroup]
verify / linux	UNKNOWN STEP	2026-09-27T07:34:12.2971600Z ##[group]Runner Image
verify / linux	UNKNOWN STEP	2026-09-27T07:34:12.2972281Z Image: ubuntu-24.04
verify / linux	UNKNOWN STEP	2026-09-27T07:34:12.2972889Z Version: 20260920.314.1
verify / linux	UNKNOWN STEP	2026-09-27T07:34:12.2974214Z Included Software: https://github.com/actions/runner-images/blob/ubuntu24/20260920.314/images/ubuntu/Ubuntu2404-Readme.md
verify / linux	UNKNOWN STEP	2026-09-27T07:34:12.2976217Z Image Release: https://github.com/actions/runner-images/releases/tag/ubuntu24%2F20260920.314
verify / linux	UNKNOWN STEP	2026-09-27T07:34:12.2977318Z ##[endgroup]
verify / linux	UNKNOWN STEP	2026-09-27T07:34:12.2978569Z ##[group]GITHUB_TOKEN Permissions
verify / linux	UNKNOWN STEP	2026-09-27T07:34:12.2980762Z Contents: read
verify / linux	UNKNOWN STEP	2026-09-27T07:34:12.2981392Z Metadata: read
verify / linux	UNKNOWN STEP	2026-09-27T07:34:12.2982039Z Packages: read
verify / linux	UNKNOWN STEP	2026-09-27T07:34:12.2982661Z ##[endgroup]
verify / linux	UNKNOWN STEP	2026-09-27T07:34:12.2985356Z Secret source: Actions
verify / linux	UNKNOWN STEP	2026-09-27T07:34:12.2986430Z Cache mode: write
verify / linux	UNKNOWN STEP	2026-09-27T07:34:12.2987409Z Prepare workflow directory
verify / linux	UNKNOWN STEP	2026-09-27T07:34:12.3550597Z Prepare all required actions
verify / linux	UNKNOWN STEP	2026-09-27T07:34:12.3601017Z Getting action download info
verify / linux	UNKNOWN STEP	2026-09-27T07:34:12.6066075Z Download action repository 'actions/checkout@v4' (SHA:11d5960a326750d5838078e36cf38b85af677262)
verify / linux	UNKNOWN STEP	2026-09-27T07:34:12.6977604Z Download action repository 'dtolnay/rust-toolchain@stable' (SHA:6bed0761d98439e5a578e2877258200ad565ba87)
verify / linux	UNKNOWN STEP	2026-09-27T07:34:12.8405395Z Download action repository 'Swatinem/rust-cache@v2' (SHA:6323deb102c322ba6fcbdcafc7e3dddab59af2b6)
verify / linux	UNKNOWN STEP	2026-09-27T07:34:13.2044004Z Download action repository 'actions/upload-artifact@v4' (SHA:ea165f8d65b6e75b540449e92b4886f43607fa02)
verify / linux	UNKNOWN STEP	2026-09-27T07:34:13.4476807Z Uses: Pianzh/Kotori/.github/workflows/verify.yml@refs/heads/chore/windows-dead-code (5767b0823e40869fcbe83d67d1bfbd165d2f928e)
verify / linux	UNKNOWN STEP	2026-09-27T07:34:13.4481797Z ##[group] Inputs
verify / linux	UNKNOWN STEP	2026-09-27T07:34:13.4482328Z   kopia-version: 0.23.1
verify / linux	UNKNOWN STEP	2026-09-27T07:34:13.4482820Z ##[endgroup]
verify / linux	UNKNOWN STEP	2026-09-27T07:34:13.4483259Z Complete job name: verify / linux
verify / linux	UNKNOWN STEP	2026-09-27T07:34:13.5209248Z ##[group]Run actions/checkout@v4
verify / linux	UNKNOWN STEP	2026-09-27T07:34:13.5210118Z with:
verify / linux	UNKNOWN STEP	2026-09-27T07:34:13.5210562Z   repository: Pianzh/Kotori
verify / linux	UNKNOWN STEP	2026-09-27T07:34:13.5214111Z   token: ***
verify / linux	UNKNOWN STEP	2026-09-27T07:34:13.5214539Z   ssh-strict: true
verify / linux	UNKNOWN STEP	2026-09-27T07:34:13.5215184Z   ssh-user: git
verify / linux	UNKNOWN STEP	2026-09-27T07:34:13.5215634Z   persist-credentials: true
verify / linux	UNKNOWN STEP	2026-09-27T07:34:13.5216125Z   clean: true
verify / linux	UNKNOWN STEP	2026-09-27T07:34:13.5216564Z   sparse-checkout-cone-mode: true
verify / linux	UNKNOWN STEP	2026-09-27T07:34:13.5217081Z   fetch-depth: 1
verify / linux	UNKNOWN STEP	2026-09-27T07:34:13.5217530Z   fetch-tags: false
verify / linux	UNKNOWN STEP	2026-09-27T07:34:13.5217963Z   show-progress: true
verify / linux	UNKNOWN STEP	2026-09-27T07:34:13.5218400Z   lfs: false
verify / linux	UNKNOWN STEP	2026-09-27T07:34:13.5218799Z   submodules: false
verify / linux	UNKNOWN STEP	2026-09-27T07:34:13.5219235Z   set-safe-directory: true
verify / linux	UNKNOWN STEP	2026-09-27T07:34:13.5219737Z   allow-unsafe-pr-checkout: false
verify / linux	UNKNOWN STEP	2026-09-27T07:34:13.5220492Z env:
verify / linux	UNKNOWN STEP	2026-09-27T07:34:13.5220909Z   CARGO_TERM_COLOR: always
verify / linux	UNKNOWN STEP	2026-09-27T07:34:13.5221566Z   KOTORI_TEST_ARTIFACTS: /home/runner/work/Kotori/Kotori/test-artifacts
verify / linux	UNKNOWN STEP	2026-09-27T07:34:13.5222305Z ##[endgroup]
verify / linux	UNKNOWN STEP	2026-09-27T07:34:13.6229495Z Syncing repository: Pianzh/Kotori
verify / linux	UNKNOWN STEP	2026-09-27T07:34:13.6232211Z ##[group]Getting Git version info
verify / linux	UNKNOWN STEP	2026-09-27T07:34:13.6233370Z Working directory is '/home/runner/work/Kotori/Kotori'
verify / linux	UNKNOWN STEP	2026-09-27T07:34:13.6235321Z [command]/usr/bin/git version
verify / linux	UNKNOWN STEP	2026-09-27T07:34:13.6310499Z git version 2.55.0
verify / linux	UNKNOWN STEP	2026-09-27T07:34:13.6339666Z ##[endgroup]
verify / linux	UNKNOWN STEP	2026-09-27T07:34:13.6357138Z Temporarily overriding HOME='/home/runner/work/_temp/9a5af6d0-692a-40b2-b4c3-11e512db1229' before making global git config changes
verify / linux	UNKNOWN STEP	2026-09-27T07:34:13.6359858Z Adding repository directory to the temporary git global config as a safe directory
verify / linux	UNKNOWN STEP	2026-09-27T07:34:13.6362977Z [command]/usr/bin/git config --global --add safe.directory /home/runner/work/Kotori/Kotori
verify / linux	UNKNOWN STEP	2026-09-27T07:34:13.6418571Z Deleting the contents of '/home/runner/work/Kotori/Kotori'
verify / linux	UNKNOWN STEP	2026-09-27T07:34:13.6423776Z ##[group]Initializing the repository
verify / linux	UNKNOWN STEP	2026-09-27T07:34:13.6429042Z [command]/usr/bin/git init /home/runner/work/Kotori/Kotori
verify / linux	UNKNOWN STEP	2026-09-27T07:34:13.6537521Z hint: Using 'master' as the name for the initial branch. This default branch name
verify / linux	UNKNOWN STEP	2026-09-27T07:34:13.6539504Z hint: will change to "main" in Git 3.0. To configure the initial branch name
verify / linux	UNKNOWN STEP	2026-09-27T07:34:13.6541037Z hint: to use in all of your new repositories, which will suppress this warning,
verify / linux	UNKNOWN STEP	2026-09-27T07:34:13.6542228Z hint: call:
verify / linux	UNKNOWN STEP	2026-09-27T07:34:13.6542852Z hint:
verify / linux	UNKNOWN STEP	2026-09-27T07:34:13.6543645Z hint: 	git config --global init.defaultBranch <name>
verify / linux	UNKNOWN STEP	2026-09-27T07:34:13.6544937Z hint:
verify / linux	UNKNOWN STEP	2026-09-27T07:34:13.6545972Z hint: Names commonly chosen instead of 'master' are 'main', 'trunk' and
verify / linux	UNKNOWN STEP	2026-09-27T07:34:13.6547506Z hint: 'development'. The just-created branch can be renamed via this command:
verify / linux	UNKNOWN STEP	2026-09-27T07:34:13.6548698Z hint:
verify / linux	UNKNOWN STEP	2026-09-27T07:34:13.6549367Z hint: 	git branch -m <name>
verify / linux	UNKNOWN STEP	2026-09-27T07:34:13.6550168Z hint:
verify / linux	UNKNOWN STEP	2026-09-27T07:34:13.6551258Z hint: Disable this message with "git config set advice.defaultBranchName false"
verify / linux	UNKNOWN STEP	2026-09-27T07:34:13.6553145Z Initialized empty Git repository in /home/runner/work/Kotori/Kotori/.git/
verify / linux	UNKNOWN STEP	2026-09-27T07:34:13.6556366Z [command]/usr/bin/git remote add origin https://github.com/Pianzh/Kotori
verify / linux	UNKNOWN STEP	2026-09-27T07:34:13.6605086Z ##[endgroup]
verify / linux	UNKNOWN STEP	2026-09-27T07:34:13.6606534Z ##[group]Disabling automatic garbage collection
verify / linux	UNKNOWN STEP	2026-09-27T07:34:13.6608624Z [command]/usr/bin/git config --local gc.auto 0
verify / linux	UNKNOWN STEP	2026-09-27T07:34:13.6730902Z ##[endgroup]
verify / linux	UNKNOWN STEP	2026-09-27T07:34:13.6732770Z ##[group]Setting up auth
verify / linux	UNKNOWN STEP	2026-09-27T07:34:13.6734398Z [command]/usr/bin/git config --local --name-only --get-regexp core\.sshCommand
verify / linux	UNKNOWN STEP	2026-09-27T07:34:13.6739811Z [command]/usr/bin/git submodule foreach --recursive sh -c "git config --local --name-only --get-regexp 'core\.sshCommand' && git config --local --unset-all 'core.sshCommand' || :"
verify / linux	UNKNOWN STEP	2026-09-27T07:34:13.7078011Z [command]/usr/bin/git config --local --name-only --get-regexp http\.https\:\/\/github\.com\/\.extraheader
verify / linux	UNKNOWN STEP	2026-09-27T07:34:13.7128007Z [command]/usr/bin/git submodule foreach --recursive sh -c "git config --local --name-only --get-regexp 'http\.https\:\/\/github\.com\/\.extraheader' && git config --local --unset-all 'http.https://github.com/.extraheader' || :"
verify / linux	UNKNOWN STEP	2026-09-27T07:34:13.7355249Z [command]/usr/bin/git config --local --name-only --get-regexp ^includeIf\.gitdir:
verify / linux	UNKNOWN STEP	2026-09-27T07:34:13.7391402Z [command]/usr/bin/git submodule foreach --recursive git config --local --show-origin --name-only --get-regexp remote.origin.url
verify / linux	UNKNOWN STEP	2026-09-27T07:34:13.7619349Z [command]/usr/bin/git config --local http.https://github.com/.extraheader AUTHORIZATION: basic ***
verify / linux	UNKNOWN STEP	2026-09-27T07:34:13.7659284Z ##[endgroup]
verify / linux	UNKNOWN STEP	2026-09-27T07:34:13.7660268Z ##[group]Fetching the repository
verify / linux	UNKNOWN STEP	2026-09-27T07:34:13.7669265Z [command]/usr/bin/git -c protocol.version=2 fetch --no-tags --prune --no-recurse-submodules --depth=1 origin +5767b0823e40869fcbe83d67d1bfbd165d2f928e:refs/remotes/origin/chore/windows-dead-code
verify / linux	UNKNOWN STEP	2026-09-27T07:34:14.3576140Z From https://github.com/Pianzh/Kotori
verify / linux	UNKNOWN STEP	2026-09-27T07:34:14.3577936Z  * [new ref]         5767b0823e40869fcbe83d67d1bfbd165d2f928e -> origin/chore/windows-dead-code
verify / linux	UNKNOWN STEP	2026-09-27T07:34:14.3581922Z ##[endgroup]
verify / linux	UNKNOWN STEP	2026-09-27T07:34:14.3583440Z ##[group]Determining the checkout info
verify / linux	UNKNOWN STEP	2026-09-27T07:34:14.3585283Z ##[endgroup]
verify / linux	UNKNOWN STEP	2026-09-27T07:34:14.3587552Z [command]/usr/bin/git sparse-checkout disable
verify / linux	UNKNOWN STEP	2026-09-27T07:34:14.3645330Z [command]/usr/bin/git config --local --unset-all extensions.worktreeConfig
verify / linux	UNKNOWN STEP	2026-09-27T07:34:14.3679958Z ##[group]Checking out the ref
verify / linux	UNKNOWN STEP	2026-09-27T07:34:14.3685435Z [command]/usr/bin/git checkout --progress --force -B chore/windows-dead-code refs/remotes/origin/chore/windows-dead-code
verify / linux	UNKNOWN STEP	2026-09-27T07:34:14.3996601Z Switched to a new branch 'chore/windows-dead-code'
verify / linux	UNKNOWN STEP	2026-09-27T07:34:14.4001962Z branch 'chore/windows-dead-code' set up to track 'origin/chore/windows-dead-code'.
verify / linux	UNKNOWN STEP	2026-09-27T07:34:14.4009138Z ##[endgroup]
verify / linux	UNKNOWN STEP	2026-09-27T07:34:14.4053821Z [command]/usr/bin/git log -1 --format=%H
verify / linux	UNKNOWN STEP	2026-09-27T07:34:14.4081696Z 5767b0823e40869fcbe83d67d1bfbd165d2f928e
verify / linux	UNKNOWN STEP	2026-09-27T07:34:14.4324044Z ##[group]Run sudo apt-get update
verify / linux	UNKNOWN STEP	2026-09-27T07:34:14.4325066Z ^[[36;1msudo apt-get update^[[0m
verify / linux	UNKNOWN STEP	2026-09-27T07:34:14.4325824Z ^[[36;1msudo apt-get install -y --no-install-recommends \^[[0m
verify / linux	UNKNOWN STEP	2026-09-27T07:34:14.4327320Z ^[[36;1m  libxcb-shape0-dev libxcb-xfixes0-dev libxkbcommon-dev \^[[0m
verify / linux	UNKNOWN STEP	2026-09-27T07:34:14.4328190Z ^[[36;1m  libfontconfig-dev libssl-dev rclone^[[0m
verify / linux	UNKNOWN STEP	2026-09-27T07:34:14.4593983Z shell: /usr/bin/bash -e {0}
verify / linux	UNKNOWN STEP	2026-09-27T07:34:14.4594919Z env:
verify / linux	UNKNOWN STEP	2026-09-27T07:34:14.4595475Z   CARGO_TERM_COLOR: always
verify / linux	UNKNOWN STEP	2026-09-27T07:34:14.4596392Z   KOTORI_TEST_ARTIFACTS: /home/runner/work/Kotori/Kotori/test-artifacts
verify / linux	UNKNOWN STEP	2026-09-27T07:34:14.4597428Z ##[endgroup]
verify / linux	UNKNOWN STEP	2026-09-27T07:34:14.6062665Z Get:1 file:/etc/apt/apt-mirrors.txt Mirrorlist [144 B]
verify / linux	UNKNOWN STEP	2026-09-27T07:34:14.6184094Z Get:6 https://packages.microsoft.com/ubuntu/24.04/prod noble InRelease [3600 B]
verify / linux	UNKNOWN STEP	2026-09-27T07:34:14.6419969Z Hit:2 http://azure.archive.ubuntu.com/ubuntu noble InRelease
verify / linux	UNKNOWN STEP	2026-09-27T07:34:14.6438627Z Get:3 http://azure.archive.ubuntu.com/ubuntu noble-updates InRelease [126 kB]
verify / linux	UNKNOWN STEP	2026-09-27T07:34:14.6516474Z Get:4 http://azure.archive.ubuntu.com/ubuntu noble-backports InRelease [126 kB]
verify / linux	UNKNOWN STEP	2026-09-27T07:34:14.6537728Z Get:5 http://azure.archive.ubuntu.com/ubuntu noble-security InRelease [126 kB]
verify / linux	UNKNOWN STEP	2026-09-27T07:34:14.7651453Z Get:7 https://packages.microsoft.com/ubuntu/24.04/prod noble/main arm64 Packages [446 kB]
verify / linux	UNKNOWN STEP	2026-09-27T07:34:14.7867284Z Get:8 https://packages.microsoft.com/ubuntu/24.04/prod noble/main amd64 Packages [498 kB]
verify / linux	UNKNOWN STEP	2026-09-27T07:34:14.8731749Z Get:9 http://azure.archive.ubuntu.com/ubuntu noble-updates/main amd64 Packages [1319 kB]
verify / linux	UNKNOWN STEP	2026-09-27T07:34:14.8846858Z Get:10 http://azure.archive.ubuntu.com/ubuntu noble-updates/main Translation-en [299 kB]
verify / linux	UNKNOWN STEP	2026-09-27T07:34:14.8866617Z Get:11 http://azure.archive.ubuntu.com/ubuntu noble-updates/main amd64 Components [181 kB]
verify / linux	UNKNOWN STEP	2026-09-27T07:34:14.8896735Z Get:12 http://azure.archive.ubuntu.com/ubuntu noble-updates/universe amd64 Packages [1697 kB]
verify / linux	UNKNOWN STEP	2026-09-27T07:34:14.8970758Z Get:13 http://azure.archive.ubuntu.com/ubuntu noble-updates/universe Translation-en [340 kB]
verify / linux	UNKNOWN STEP	2026-09-27T07:34:14.9000187Z Get:14 http://azure.archive.ubuntu.com/ubuntu noble-updates/universe amd64 Components [388 kB]
verify / linux	UNKNOWN STEP	2026-09-27T07:34:14.9031163Z Get:15 http://azure.archive.ubuntu.com/ubuntu noble-updates/restricted amd64 Packages [1654 kB]
verify / linux	UNKNOWN STEP	2026-09-27T07:34:14.9126667Z Get:16 http://azure.archive.ubuntu.com/ubuntu noble-updates/restricted Translation-en [377 kB]
verify / linux	UNKNOWN STEP	2026-09-27T07:34:14.9156109Z Get:17 http://azure.archive.ubuntu.com/ubuntu noble-updates/multiverse amd64 Components [940 B]
verify / linux	UNKNOWN STEP	2026-09-27T07:34:14.9360332Z Get:18 http://azure.archive.ubuntu.com/ubuntu noble-backports/main amd64 Packages [40.6 kB]
verify / linux	UNKNOWN STEP	2026-09-27T07:34:14.9859176Z Get:19 http://azure.archive.ubuntu.com/ubuntu noble-backports/main amd64 Components [5760 B]
verify / linux	UNKNOWN STEP	2026-09-27T07:34:14.9868601Z Get:20 http://azure.archive.ubuntu.com/ubuntu noble-backports/universe amd64 Packages [31.0 kB]
verify / linux	UNKNOWN STEP	2026-09-27T07:34:14.9873611Z Get:21 http://azure.archive.ubuntu.com/ubuntu noble-backports/universe Translation-en [18.6 kB]
verify / linux	UNKNOWN STEP	2026-09-27T07:34:14.9878854Z Get:22 http://azure.archive.ubuntu.com/ubuntu noble-backports/universe amd64 Components [12.6 kB]
verify / linux	UNKNOWN STEP	2026-09-27T07:34:14.9885788Z Get:23 http://azure.archive.ubuntu.com/ubuntu noble-security/main amd64 Packages [1053 kB]
verify / linux	UNKNOWN STEP	2026-09-27T07:34:14.9938716Z Get:24 http://azure.archive.ubuntu.com/ubuntu noble-security/main Translation-en [219 kB]
verify / linux	UNKNOWN STEP	2026-09-27T07:34:14.9959170Z Get:25 http://azure.archive.ubuntu.com/ubuntu noble-security/main amd64 Components [46.5 kB]
verify / linux	UNKNOWN STEP	2026-09-27T07:34:14.9975126Z Get:26 http://azure.archive.ubuntu.com/ubuntu noble-security/universe amd64 Packages [1220 kB]
verify / linux	UNKNOWN STEP	2026-09-27T07:34:15.0035081Z Get:27 http://azure.archive.ubuntu.com/ubuntu noble-security/universe Translation-en [245 kB]
verify / linux	UNKNOWN STEP	2026-09-27T07:34:15.0056933Z Get:28 http://azure.archive.ubuntu.com/ubuntu noble-security/universe amd64 Components [76.3 kB]
verify / linux	UNKNOWN STEP	2026-09-27T07:34:15.0074559Z Get:29 http://azure.archive.ubuntu.com/ubuntu noble-security/restricted amd64 Packages [1535 kB]
verify / linux	UNKNOWN STEP	2026-09-27T07:34:15.0146258Z Get:30 http://azure.archive.ubuntu.com/ubuntu noble-security/restricted Translation-en [353 kB]
verify / linux	UNKNOWN STEP	2026-09-27T07:34:19.4682646Z Fetched 12.4 MB in 1s (8788 kB/s)
verify / linux	UNKNOWN STEP	2026-09-27T07:34:20.2702375Z Reading package lists...
verify / linux	UNKNOWN STEP	2026-09-27T07:34:20.3012239Z Reading package lists...
verify / linux	UNKNOWN STEP	2026-09-27T07:34:20.4635652Z Building dependency tree...
verify / linux	UNKNOWN STEP	2026-09-27T07:34:20.4642364Z Reading state information...
verify / linux	UNKNOWN STEP	2026-09-27T07:34:20.5962223Z libssl-dev is already the newest version (3.0.13-0ubuntu3.15).
verify / linux	UNKNOWN STEP	2026-09-27T07:34:20.5963394Z The following additional packages will be installed:
verify / linux	UNKNOWN STEP	2026-09-27T07:34:20.5965510Z   libbrotli-dev libbz2-dev libfreetype-dev libpng-dev libpthread-stubs0-dev
verify / linux	UNKNOWN STEP	2026-09-27T07:34:20.5969490Z   libxau-dev libxcb-render0-dev libxcb-shape0 libxcb1-dev libxdmcp-dev
verify / linux	UNKNOWN STEP	2026-09-27T07:34:20.5970601Z   uuid-dev x11proto-dev xorg-sgml-doctools
verify / linux	UNKNOWN STEP	2026-09-27T07:34:20.5976279Z Suggested packages:
verify / linux	UNKNOWN STEP	2026-09-27T07:34:20.5976865Z   freetype2-doc libxcb-doc
verify / linux	UNKNOWN STEP	2026-09-27T07:34:20.5977454Z Recommended packages:
verify / linux	UNKNOWN STEP	2026-09-27T07:34:20.5978020Z   bzip2-doc libpng-tools
verify / linux	UNKNOWN STEP	2026-09-27T07:34:20.6193421Z The following NEW packages will be installed:
verify / linux	UNKNOWN STEP	2026-09-27T07:34:20.6194440Z   libbrotli-dev libbz2-dev libfontconfig-dev libfreetype-dev libpng-dev
verify / linux	UNKNOWN STEP	2026-09-27T07:34:20.6197861Z   libpthread-stubs0-dev libxau-dev libxcb-render0-dev libxcb-shape0
verify / linux	UNKNOWN STEP	2026-09-27T07:34:20.6198834Z   libxcb-shape0-dev libxcb-xfixes0-dev libxcb1-dev libxdmcp-dev
verify / linux	UNKNOWN STEP	2026-09-27T07:34:20.6200732Z   libxkbcommon-dev rclone uuid-dev x11proto-dev xorg-sgml-doctools
verify / linux	UNKNOWN STEP	2026-09-27T07:34:20.6399894Z 0 upgraded, 18 newly installed, 0 to remove and 32 not upgraded.
verify / linux	UNKNOWN STEP	2026-09-27T07:34:20.6400711Z Need to get 18.7 MB of archives.
verify / linux	UNKNOWN STEP	2026-09-27T07:34:20.6401330Z After this operation, 70.8 MB of additional disk space will be used.
verify / linux	UNKNOWN STEP	2026-09-27T07:34:20.6402060Z Get:1 file:/etc/apt/apt-mirrors.txt Mirrorlist [144 B]
verify / linux	UNKNOWN STEP	2026-09-27T07:34:20.6781668Z Get:2 http://azure.archive.ubuntu.com/ubuntu noble/main amd64 libbrotli-dev amd64 1.1.0-2build2 [353 kB]
verify / linux	UNKNOWN STEP	2026-09-27T07:34:20.7062700Z Get:3 http://azure.archive.ubuntu.com/ubuntu noble-updates/main amd64 libbz2-dev amd64 1.0.8-5.1ubuntu0.1 [33.6 kB]
verify / linux	UNKNOWN STEP	2026-09-27T07:34:20.7285299Z Get:4 http://azure.archive.ubuntu.com/ubuntu noble-updates/main amd64 libpng-dev amd64 1.6.43-5ubuntu0.6 [265 kB]
verify / linux	UNKNOWN STEP	2026-09-27T07:34:20.7523842Z Get:5 http://azure.archive.ubuntu.com/ubuntu noble-updates/main amd64 libfreetype-dev amd64 2.13.2+dfsg-1ubuntu0.1 [575 kB]
verify / linux	UNKNOWN STEP	2026-09-27T07:34:20.7789267Z Get:6 http://azure.archive.ubuntu.com/ubuntu noble-updates/main amd64 uuid-dev amd64 2.39.3-9ubuntu6.6 [33.5 kB]
verify / linux	UNKNOWN STEP	2026-09-27T07:34:20.8009878Z Get:7 http://azure.archive.ubuntu.com/ubuntu noble/main amd64 libfontconfig-dev amd64 2.15.0-1.1ubuntu2 [161 kB]
verify / linux	UNKNOWN STEP	2026-09-27T07:34:20.8238047Z Get:8 http://azure.archive.ubuntu.com/ubuntu noble/main amd64 libpthread-stubs0-dev amd64 0.4-1build3 [4746 B]
verify / linux	UNKNOWN STEP	2026-09-27T07:34:20.8453587Z Get:9 http://azure.archive.ubuntu.com/ubuntu noble/main amd64 xorg-sgml-doctools all 1:1.11-1.1 [10.9 kB]
verify / linux	UNKNOWN STEP	2026-09-27T07:34:20.8671145Z Get:10 http://azure.archive.ubuntu.com/ubuntu noble/main amd64 x11proto-dev all 2023.2-1 [602 kB]
verify / linux	UNKNOWN STEP	2026-09-27T07:34:20.8937008Z Get:11 http://azure.archive.ubuntu.com/ubuntu noble/main amd64 libxau-dev amd64 1:1.0.9-1build6 [9570 B]
verify / linux	UNKNOWN STEP	2026-09-27T07:34:20.9158863Z Get:12 http://azure.archive.ubuntu.com/ubuntu noble/main amd64 libxdmcp-dev amd64 1:1.1.3-0ubuntu6 [26.5 kB]
verify / linux	UNKNOWN STEP	2026-09-27T07:34:20.9389719Z Get:13 http://azure.archive.ubuntu.com/ubuntu noble/main amd64 libxcb1-dev amd64 1.15-1ubuntu2 [85.8 kB]
verify / linux	UNKNOWN STEP	2026-09-27T07:34:20.9614087Z Get:14 http://azure.archive.ubuntu.com/ubuntu noble/main amd64 libxcb-render0-dev amd64 1.15-1ubuntu2 [19.6 kB]
verify / linux	UNKNOWN STEP	2026-09-27T07:34:20.9831383Z Get:15 http://azure.archive.ubuntu.com/ubuntu noble/main amd64 libxcb-shape0 amd64 1.15-1ubuntu2 [6100 B]
verify / linux	UNKNOWN STEP	2026-09-27T07:34:21.0055982Z Get:16 http://azure.archive.ubuntu.com/ubuntu noble/main amd64 libxcb-shape0-dev amd64 1.15-1ubuntu2 [7310 B]
verify / linux	UNKNOWN STEP	2026-09-27T07:34:21.0332217Z Get:17 http://azure.archive.ubuntu.com/ubuntu noble/main amd64 libxcb-xfixes0-dev amd64 1.15-1ubuntu2 [12.6 kB]
verify / linux	UNKNOWN STEP	2026-09-27T07:34:21.0553771Z Get:18 http://azure.archive.ubuntu.com/ubuntu noble/main amd64 libxkbcommon-dev amd64 1.6.0-1build1 [56.3 kB]
verify / linux	UNKNOWN STEP	2026-09-27T07:34:21.0785849Z Get:19 http://azure.archive.ubuntu.com/ubuntu noble-updates/universe amd64 rclone amd64 1.60.1+dfsg-3ubuntu0.24.04.6 [16.5 MB]
verify / linux	UNKNOWN STEP	2026-09-27T07:34:21.6997786Z Fetched 18.7 MB in 1s (22.8 MB/s)
verify / linux	UNKNOWN STEP	2026-09-27T07:34:21.7329949Z Selecting previously unselected package libbrotli-dev:amd64.
verify / linux	UNKNOWN STEP	2026-09-27T07:34:21.7615082Z (Reading database ... 
verify / linux	UNKNOWN STEP	2026-09-27T07:34:21.7615769Z (Reading database ... 5%
verify / linux	UNKNOWN STEP	2026-09-27T07:34:21.7616097Z (Reading database ... 10%
verify / linux	UNKNOWN STEP	2026-09-27T07:34:21.7616538Z (Reading database ... 15%
verify / linux	UNKNOWN STEP	2026-09-27T07:34:21.7616824Z (Reading database ... 20%
verify / linux	UNKNOWN STEP	2026-09-27T07:34:21.7617102Z (Reading database ... 25%
verify / linux	UNKNOWN STEP	2026-09-27T07:34:21.7617387Z (Reading database ... 30%
verify / linux	UNKNOWN STEP	2026-09-27T07:34:21.7617722Z (Reading database ... 35%
verify / linux	UNKNOWN STEP	2026-09-27T07:34:21.7618035Z (Reading database ... 40%
verify / linux	UNKNOWN STEP	2026-09-27T07:34:21.7618314Z (Reading database ... 45%
verify / linux	UNKNOWN STEP	2026-09-27T07:34:21.7618605Z (Reading database ... 50%
verify / linux	UNKNOWN STEP	2026-09-27T07:34:21.7668769Z (Reading database ... 55%
verify / linux	UNKNOWN STEP	2026-09-27T07:34:21.8651370Z (Reading database ... 60%
verify / linux	UNKNOWN STEP	2026-09-27T07:34:22.0528113Z (Reading database ... 65%
verify / linux	UNKNOWN STEP	2026-09-27T07:34:22.2594079Z (Reading database ... 70%
verify / linux	UNKNOWN STEP	2026-09-27T07:34:22.4641584Z (Reading database ... 75%
verify / linux	UNKNOWN STEP	2026-09-27T07:34:22.6016331Z (Reading database ... 80%
verify / linux	UNKNOWN STEP	2026-09-27T07:34:22.7297350Z (Reading database ... 85%
verify / linux	UNKNOWN STEP	2026-09-27T07:34:22.8214925Z (Reading database ... 90%
verify / linux	UNKNOWN STEP	2026-09-27T07:34:22.9135388Z (Reading database ... 95%
verify / linux	UNKNOWN STEP	2026-09-27T07:34:22.9136089Z (Reading database ... 100%
verify / linux	UNKNOWN STEP	2026-09-27T07:34:22.9136659Z (Reading database ... 202190 files and directories currently installed.)
verify / linux	UNKNOWN STEP	2026-09-27T07:34:22.9176341Z Preparing to unpack .../00-libbrotli-dev_1.1.0-2build2_amd64.deb ...
verify / linux	UNKNOWN STEP	2026-09-27T07:34:22.9204684Z Unpacking libbrotli-dev:amd64 (1.1.0-2build2) ...
verify / linux	UNKNOWN STEP	2026-09-27T07:34:22.9474427Z Selecting previously unselected package libbz2-dev:amd64.
verify / linux	UNKNOWN STEP	2026-09-27T07:34:22.9598643Z Preparing to unpack .../01-libbz2-dev_1.0.8-5.1ubuntu0.1_amd64.deb ...
verify / linux	UNKNOWN STEP	2026-09-27T07:34:22.9606552Z Unpacking libbz2-dev:amd64 (1.0.8-5.1ubuntu0.1) ...
verify / linux	UNKNOWN STEP	2026-09-27T07:34:22.9803227Z Selecting previously unselected package libpng-dev:amd64.
verify / linux	UNKNOWN STEP	2026-09-27T07:34:22.9925868Z Preparing to unpack .../02-libpng-dev_1.6.43-5ubuntu0.6_amd64.deb ...
verify / linux	UNKNOWN STEP	2026-09-27T07:34:22.9953173Z Unpacking libpng-dev:amd64 (1.6.43-5ubuntu0.6) ...
verify / linux	UNKNOWN STEP	2026-09-27T07:34:23.0244611Z Selecting previously unselected package libfreetype-dev:amd64.
verify / linux	UNKNOWN STEP	2026-09-27T07:34:23.0369217Z Preparing to unpack .../03-libfreetype-dev_2.13.2+dfsg-1ubuntu0.1_amd64.deb ...
verify / linux	UNKNOWN STEP	2026-09-27T07:34:23.0378078Z Unpacking libfreetype-dev:amd64 (2.13.2+dfsg-1ubuntu0.1) ...
verify / linux	UNKNOWN STEP	2026-09-27T07:34:23.0696400Z Selecting previously unselected package uuid-dev:amd64.
verify / linux	UNKNOWN STEP	2026-09-27T07:34:23.0821374Z Preparing to unpack .../04-uuid-dev_2.39.3-9ubuntu6.6_amd64.deb ...
verify / linux	UNKNOWN STEP	2026-09-27T07:34:23.0830785Z Unpacking uuid-dev:amd64 (2.39.3-9ubuntu6.6) ...
verify / linux	UNKNOWN STEP	2026-09-27T07:34:23.1072449Z Selecting previously unselected package libfontconfig-dev:amd64.
verify / linux	UNKNOWN STEP	2026-09-27T07:34:23.1193367Z Preparing to unpack .../05-libfontconfig-dev_2.15.0-1.1ubuntu2_amd64.deb ...
verify / linux	UNKNOWN STEP	2026-09-27T07:34:23.1201215Z Unpacking libfontconfig-dev:amd64 (2.15.0-1.1ubuntu2) ...
verify / linux	UNKNOWN STEP	2026-09-27T07:34:23.1418585Z Selecting previously unselected package libpthread-stubs0-dev:amd64.
verify / linux	UNKNOWN STEP	2026-09-27T07:34:23.1538930Z Preparing to unpack .../06-libpthread-stubs0-dev_0.4-1build3_amd64.deb ...
verify / linux	UNKNOWN STEP	2026-09-27T07:34:23.1546162Z Unpacking libpthread-stubs0-dev:amd64 (0.4-1build3) ...
verify / linux	UNKNOWN STEP	2026-09-27T07:34:23.1725416Z Selecting previously unselected package xorg-sgml-doctools.
verify / linux	UNKNOWN STEP	2026-09-27T07:34:23.1846214Z Preparing to unpack .../07-xorg-sgml-doctools_1%3a1.11-1.1_all.deb ...
verify / linux	UNKNOWN STEP	2026-09-27T07:34:23.1856403Z Unpacking xorg-sgml-doctools (1:1.11-1.1) ...
verify / linux	UNKNOWN STEP	2026-09-27T07:34:23.2086099Z Selecting previously unselected package x11proto-dev.
verify / linux	UNKNOWN STEP	2026-09-27T07:34:23.2206117Z Preparing to unpack .../08-x11proto-dev_2023.2-1_all.deb ...
verify / linux	UNKNOWN STEP	2026-09-27T07:34:23.2214312Z Unpacking x11proto-dev (2023.2-1) ...
verify / linux	UNKNOWN STEP	2026-09-27T07:34:23.2719836Z Selecting previously unselected package libxau-dev:amd64.
verify / linux	UNKNOWN STEP	2026-09-27T07:34:23.2847015Z Preparing to unpack .../09-libxau-dev_1%3a1.0.9-1build6_amd64.deb ...
verify / linux	UNKNOWN STEP	2026-09-27T07:34:23.2855706Z Unpacking libxau-dev:amd64 (1:1.0.9-1build6) ...
verify / linux	UNKNOWN STEP	2026-09-27T07:34:23.3065867Z Selecting previously unselected package libxdmcp-dev:amd64.
verify / linux	UNKNOWN STEP	2026-09-27T07:34:23.3188837Z Preparing to unpack .../10-libxdmcp-dev_1%3a1.1.3-0ubuntu6_amd64.deb ...
verify / linux	UNKNOWN STEP	2026-09-27T07:34:23.3197682Z Unpacking libxdmcp-dev:amd64 (1:1.1.3-0ubuntu6) ...
verify / linux	UNKNOWN STEP	2026-09-27T07:34:23.3398838Z Selecting previously unselected package libxcb1-dev:amd64.
verify / linux	UNKNOWN STEP	2026-09-27T07:34:23.3521261Z Preparing to unpack .../11-libxcb1-dev_1.15-1ubuntu2_amd64.deb ...
verify / linux	UNKNOWN STEP	2026-09-27T07:34:23.3530004Z Unpacking libxcb1-dev:amd64 (1.15-1ubuntu2) ...
verify / linux	UNKNOWN STEP	2026-09-27T07:34:23.3743727Z Selecting previously unselected package libxcb-render0-dev:amd64.
verify / linux	UNKNOWN STEP	2026-09-27T07:34:23.3863450Z Preparing to unpack .../12-libxcb-render0-dev_1.15-1ubuntu2_amd64.deb ...
verify / linux	UNKNOWN STEP	2026-09-27T07:34:23.3871595Z Unpacking libxcb-render0-dev:amd64 (1.15-1ubuntu2) ...
verify / linux	UNKNOWN STEP	2026-09-27T07:34:23.4091802Z Selecting previously unselected package libxcb-shape0:amd64.
verify / linux	UNKNOWN STEP	2026-09-27T07:34:23.4210947Z Preparing to unpack .../13-libxcb-shape0_1.15-1ubuntu2_amd64.deb ...
verify / linux	UNKNOWN STEP	2026-09-27T07:34:23.4228578Z Unpacking libxcb-shape0:amd64 (1.15-1ubuntu2) ...
verify / linux	UNKNOWN STEP	2026-09-27T07:34:23.4408865Z Selecting previously unselected package libxcb-shape0-dev:amd64.
verify / linux	UNKNOWN STEP	2026-09-27T07:34:23.4525960Z Preparing to unpack .../14-libxcb-shape0-dev_1.15-1ubuntu2_amd64.deb ...
verify / linux	UNKNOWN STEP	2026-09-27T07:34:23.4535064Z Unpacking libxcb-shape0-dev:amd64 (1.15-1ubuntu2) ...
verify / linux	UNKNOWN STEP	2026-09-27T07:34:23.4720780Z Selecting previously unselected package libxcb-xfixes0-dev:amd64.
verify / linux	UNKNOWN STEP	2026-09-27T07:34:23.4840831Z Preparing to unpack .../15-libxcb-xfixes0-dev_1.15-1ubuntu2_amd64.deb ...
verify / linux	UNKNOWN STEP	2026-09-27T07:34:23.4849471Z Unpacking libxcb-xfixes0-dev:amd64 (1.15-1ubuntu2) ...
verify / linux	UNKNOWN STEP	2026-09-27T07:34:23.5042149Z Selecting previously unselected package libxkbcommon-dev:amd64.
verify / linux	UNKNOWN STEP	2026-09-27T07:34:23.5164417Z Preparing to unpack .../16-libxkbcommon-dev_1.6.0-1build1_amd64.deb ...
verify / linux	UNKNOWN STEP	2026-09-27T07:34:23.5175517Z Unpacking libxkbcommon-dev:amd64 (1.6.0-1build1) ...
verify / linux	UNKNOWN STEP	2026-09-27T07:34:23.5383087Z Selecting previously unselected package rclone.
verify / linux	UNKNOWN STEP	2026-09-27T07:34:23.5504407Z Preparing to unpack .../17-rclone_1.60.1+dfsg-3ubuntu0.24.04.6_amd64.deb ...
verify / linux	UNKNOWN STEP	2026-09-27T07:34:23.5512249Z Unpacking rclone (1.60.1+dfsg-3ubuntu0.24.04.6) ...
verify / linux	UNKNOWN STEP	2026-09-27T07:34:23.7919918Z Setting up rclone (1.60.1+dfsg-3ubuntu0.24.04.6) ...
verify / linux	UNKNOWN STEP	2026-09-27T07:34:23.7943883Z Setting up libxkbcommon-dev:amd64 (1.6.0-1build1) ...
verify / linux	UNKNOWN STEP	2026-09-27T07:34:23.7964175Z Setting up libpng-dev:amd64 (1.6.43-5ubuntu0.6) ...
verify / linux	UNKNOWN STEP	2026-09-27T07:34:23.7989293Z Setting up libxcb-shape0:amd64 (1.15-1ubuntu2) ...
verify / linux	UNKNOWN STEP	2026-09-27T07:34:23.8011704Z Setting up libpthread-stubs0-dev:amd64 (0.4-1build3) ...
verify / linux	UNKNOWN STEP	2026-09-27T07:34:23.8031494Z Setting up uuid-dev:amd64 (2.39.3-9ubuntu6.6) ...
verify / linux	UNKNOWN STEP	2026-09-27T07:34:23.8051581Z Setting up xorg-sgml-doctools (1:1.11-1.1) ...
verify / linux	UNKNOWN STEP	2026-09-27T07:34:23.8073486Z Setting up libbrotli-dev:amd64 (1.1.0-2build2) ...
verify / linux	UNKNOWN STEP	2026-09-27T07:34:23.8093942Z Setting up libbz2-dev:amd64 (1.0.8-5.1ubuntu0.1) ...
verify / linux	UNKNOWN STEP	2026-09-27T07:34:23.8116978Z Setting up libfreetype-dev:amd64 (2.13.2+dfsg-1ubuntu0.1) ...
verify / linux	UNKNOWN STEP	2026-09-27T07:34:23.8144492Z Setting up libfontconfig-dev:amd64 (2.15.0-1.1ubuntu2) ...
verify / linux	UNKNOWN STEP	2026-09-27T07:34:23.8191268Z Processing triggers for sgml-base (1.31) ...
verify / linux	UNKNOWN STEP	2026-09-27T07:34:23.8410795Z Setting up x11proto-dev (2023.2-1) ...
verify / linux	UNKNOWN STEP	2026-09-27T07:34:23.8434548Z Setting up libxau-dev:amd64 (1:1.0.9-1build6) ...
verify / linux	UNKNOWN STEP	2026-09-27T07:34:23.8486394Z Processing triggers for libc-bin (2.39-0ubuntu8.9) ...
verify / linux	UNKNOWN STEP	2026-09-27T07:34:23.9002722Z Processing triggers for man-db (2.12.0-4build2) ...
verify / linux	UNKNOWN STEP	2026-09-27T07:34:23.9024599Z Not building database; man-db/auto-update is not 'true'.
verify / linux	UNKNOWN STEP	2026-09-27T07:34:23.9036455Z Setting up libxdmcp-dev:amd64 (1:1.1.3-0ubuntu6) ...
verify / linux	UNKNOWN STEP	2026-09-27T07:34:23.9062758Z Setting up libxcb1-dev:amd64 (1.15-1ubuntu2) ...
verify / linux	UNKNOWN STEP	2026-09-27T07:34:23.9088979Z Setting up libxcb-render0-dev:amd64 (1.15-1ubuntu2) ...
verify / linux	UNKNOWN STEP	2026-09-27T07:34:23.9112196Z Setting up libxcb-shape0-dev:amd64 (1.15-1ubuntu2) ...
verify / linux	UNKNOWN STEP	2026-09-27T07:34:23.9134424Z Setting up libxcb-xfixes0-dev:amd64 (1.15-1ubuntu2) ...
verify / linux	UNKNOWN STEP	2026-09-27T07:34:25.1796212Z 
verify / linux	UNKNOWN STEP	2026-09-27T07:34:25.1796677Z Running kernel seems to be up-to-date.
verify / linux	UNKNOWN STEP	2026-09-27T07:34:25.1797092Z 
verify / linux	UNKNOWN STEP	2026-09-27T07:34:25.1797266Z No services need to be restarted.
verify / linux	UNKNOWN STEP	2026-09-27T07:34:25.1797584Z 
verify / linux	UNKNOWN STEP	2026-09-27T07:34:25.1797762Z No containers need to be restarted.
verify / linux	UNKNOWN STEP	2026-09-27T07:34:25.1797992Z 
verify / linux	UNKNOWN STEP	2026-09-27T07:34:25.1798141Z No user sessions are running outdated binaries.
verify / linux	UNKNOWN STEP	2026-09-27T07:34:25.1798400Z 
verify / linux	UNKNOWN STEP	2026-09-27T07:34:25.1798644Z No VM guests are running outdated hypervisor (qemu) binaries on this host.
verify / linux	UNKNOWN STEP	2026-09-27T07:34:25.9865615Z ##[group]Run dtolnay/rust-toolchain@stable
verify / linux	UNKNOWN STEP	2026-09-27T07:34:25.9865945Z with:
verify / linux	UNKNOWN STEP	2026-09-27T07:34:25.9866153Z   components: rustfmt, clippy
verify / linux	UNKNOWN STEP	2026-09-27T07:34:25.9866403Z   toolchain: stable
verify / linux	UNKNOWN STEP	2026-09-27T07:34:25.9866604Z env:
verify / linux	UNKNOWN STEP	2026-09-27T07:34:25.9866787Z   CARGO_TERM_COLOR: always
verify / linux	UNKNOWN STEP	2026-09-27T07:34:25.9867125Z   KOTORI_TEST_ARTIFACTS: /home/runner/work/Kotori/Kotori/test-artifacts
verify / linux	UNKNOWN STEP	2026-09-27T07:34:25.9867496Z ##[endgroup]
verify / linux	UNKNOWN STEP	2026-09-27T07:34:25.9932491Z ##[start-action display=Parse toolchain version;id=__dtolnay_rust-toolchain.parse]
verify / linux	UNKNOWN STEP	2026-09-27T07:34:25.9960396Z ##[group]Run if [[ -z $toolchain ]]; then
verify / linux	UNKNOWN STEP	2026-09-27T07:34:25.9960746Z ^[[36;1mif [[ -z $toolchain ]]; then^[[0m
verify / linux	UNKNOWN STEP	2026-09-27T07:34:25.9961296Z ^[[36;1m  # GitHub does not enforce `required: true` inputs itself. https://github.com/actions/runner/issues/1070^[[0m
verify / linux	UNKNOWN STEP	2026-09-27T07:34:25.9961865Z ^[[36;1m  echo "'toolchain' is a required input" >&2^[[0m
verify / linux	UNKNOWN STEP	2026-09-27T07:34:25.9962160Z ^[[36;1m  exit 1^[[0m
verify / linux	UNKNOWN STEP	2026-09-27T07:34:25.9962546Z ^[[36;1melif [[ $toolchain =~ ^stable' '[0-9]+' '(year|month|week|day)s?' 'ago$ ]]; then^[[0m
verify / linux	UNKNOWN STEP	2026-09-27T07:34:25.9962976Z ^[[36;1m  if [[ Linux == macOS ]]; then^[[0m
verify / linux	UNKNOWN STEP	2026-09-27T07:34:25.9963504Z ^[[36;1m    echo "toolchain=1.$((($(date -v-$(sed 's/stable \([0-9]*\) \(.\).*/\1\2/' <<< $toolchain) +%s)/60/60/24-16569)/7/6))" >> $GITHUB_OUTPUT^[[0m
verify / linux	UNKNOWN STEP	2026-09-27T07:34:25.9964024Z ^[[36;1m  else^[[0m
verify / linux	UNKNOWN STEP	2026-09-27T07:34:25.9964438Z ^[[36;1m    echo "toolchain=1.$((($(date --date "${toolchain#stable }" +%s)/60/60/24-16569)/7/6))" >> $GITHUB_OUTPUT^[[0m
verify / linux	UNKNOWN STEP	2026-09-27T07:34:25.9965105Z ^[[36;1m  fi^[[0m
verify / linux	UNKNOWN STEP	2026-09-27T07:34:25.9965414Z ^[[36;1melif [[ $toolchain =~ ^stable' 'minus' '[0-9]+' 'releases?$ ]]; then^[[0m
verify / linux	UNKNOWN STEP	2026-09-27T07:34:25.9965949Z ^[[36;1m  echo "toolchain=1.$((($(date +%s)/60/60/24-16569)/7/6-${toolchain//[^0-9]/}))" >> $GITHUB_OUTPUT^[[0m
verify / linux	UNKNOWN STEP	2026-09-27T07:34:25.9966414Z ^[[36;1melif [[ $toolchain =~ ^1\.[0-9]+$ ]]; then^[[0m
verify / linux	UNKNOWN STEP	2026-09-27T07:34:25.9966940Z ^[[36;1m  echo "toolchain=1.$((i=${toolchain#1.}, c=($(date +%s)/60/60/24-16569)/7/6, i+9*i*(10*i<=c)+90*i*(100*i<=c)))" >> $GITHUB_OUTPUT^[[0m
verify / linux	UNKNOWN STEP	2026-09-27T07:34:25.9967443Z ^[[36;1melse^[[0m
verify / linux	UNKNOWN STEP	2026-09-27T07:34:25.9967681Z ^[[36;1m  echo "toolchain=$toolchain" >> $GITHUB_OUTPUT^[[0m
verify / linux	UNKNOWN STEP	2026-09-27T07:34:25.9967976Z ^[[36;1mfi^[[0m
verify / linux	UNKNOWN STEP	2026-09-27T07:34:26.0033850Z shell: /usr/bin/bash --noprofile --norc -e -o pipefail {0}
verify / linux	UNKNOWN STEP	2026-09-27T07:34:26.0034196Z env:
verify / linux	UNKNOWN STEP	2026-09-27T07:34:26.0034392Z   CARGO_TERM_COLOR: always
verify / linux	UNKNOWN STEP	2026-09-27T07:34:26.0034948Z   KOTORI_TEST_ARTIFACTS: /home/runner/work/Kotori/Kotori/test-artifacts
verify / linux	UNKNOWN STEP	2026-09-27T07:34:26.0035330Z   toolchain: stable
verify / linux	UNKNOWN STEP	2026-09-27T07:34:26.0035533Z ##[endgroup]
verify / linux	UNKNOWN STEP	2026-09-27T07:34:26.0147555Z ##[end-action id=__dtolnay_rust-toolchain.parse;outcome=success;conclusion=success;duration_ms=21]
verify / linux	UNKNOWN STEP	2026-09-27T07:34:26.0160586Z ##[start-action display=Construct rustup command line;id=__dtolnay_rust-toolchain.flags]
verify / linux	UNKNOWN STEP	2026-09-27T07:34:26.0189142Z ##[group]Run echo "targets=$(for t in ${targets//,/ }; do echo -n ' --target' $t; done)" >> $GITHUB_OUTPUT
verify / linux	UNKNOWN STEP	2026-09-27T07:34:26.0189828Z ^[[36;1mecho "targets=$(for t in ${targets//,/ }; do echo -n ' --target' $t; done)" >> $GITHUB_OUTPUT^[[0m
verify / linux	UNKNOWN STEP	2026-09-27T07:34:26.0190605Z ^[[36;1mecho "components=$(for c in ${components//,/ }; do echo -n ' --component' $c; done)" >> $GITHUB_OUTPUT^[[0m
verify / linux	UNKNOWN STEP	2026-09-27T07:34:26.0191115Z ^[[36;1mecho "downgrade=" >> $GITHUB_OUTPUT^[[0m
verify / linux	UNKNOWN STEP	2026-09-27T07:34:26.0250307Z shell: /usr/bin/bash --noprofile --norc -e -o pipefail {0}
verify / linux	UNKNOWN STEP	2026-09-27T07:34:26.0250653Z env:
verify / linux	UNKNOWN STEP	2026-09-27T07:34:26.0250851Z   CARGO_TERM_COLOR: always
verify / linux	UNKNOWN STEP	2026-09-27T07:34:26.0251201Z   KOTORI_TEST_ARTIFACTS: /home/runner/work/Kotori/Kotori/test-artifacts
verify / linux	UNKNOWN STEP	2026-09-27T07:34:26.0251579Z   targets: 
verify / linux	UNKNOWN STEP	2026-09-27T07:34:26.0251779Z   components: rustfmt, clippy
verify / linux	UNKNOWN STEP	2026-09-27T07:34:26.0252019Z ##[endgroup]
verify / linux	UNKNOWN STEP	2026-09-27T07:34:26.0348518Z ##[end-action id=__dtolnay_rust-toolchain.flags;outcome=success;conclusion=success;duration_ms=18]
verify / linux	UNKNOWN STEP	2026-09-27T07:34:26.0350758Z ##[start-action display=Set $CARGO_HOME;id=__dtolnay_rust-toolchain.__run]
verify / linux	UNKNOWN STEP	2026-09-27T07:34:26.0397822Z ##[group]Run echo CARGO_HOME=${CARGO_HOME:-"$HOME/.cargo"} >> $GITHUB_ENV
verify / linux	UNKNOWN STEP	2026-09-27T07:34:26.0398305Z ^[[36;1mecho CARGO_HOME=${CARGO_HOME:-"$HOME/.cargo"} >> $GITHUB_ENV^[[0m
verify / linux	UNKNOWN STEP	2026-09-27T07:34:26.0459937Z shell: /usr/bin/bash --noprofile --norc -e -o pipefail {0}
verify / linux	UNKNOWN STEP	2026-09-27T07:34:26.0460269Z env:
verify / linux	UNKNOWN STEP	2026-09-27T07:34:26.0460468Z   CARGO_TERM_COLOR: always
verify / linux	UNKNOWN STEP	2026-09-27T07:34:26.0460812Z   KOTORI_TEST_ARTIFACTS: /home/runner/work/Kotori/Kotori/test-artifacts
verify / linux	UNKNOWN STEP	2026-09-27T07:34:26.0461186Z ##[endgroup]
verify / linux	UNKNOWN STEP	2026-09-27T07:34:26.0550391Z ##[end-action id=__dtolnay_rust-toolchain.__run;outcome=success;conclusion=success;duration_ms=17]
verify / linux	UNKNOWN STEP	2026-09-27T07:34:26.0552731Z ##[start-action display=Install rustup if needed;id=__dtolnay_rust-toolchain.__run_2]
verify / linux	UNKNOWN STEP	2026-09-27T07:34:26.0596724Z ##[group]Run if ! command -v rustup &>/dev/null; then
verify / linux	UNKNOWN STEP	2026-09-27T07:34:26.0597102Z ^[[36;1mif ! command -v rustup &>/dev/null; then^[[0m
verify / linux	UNKNOWN STEP	2026-09-27T07:34:26.0597867Z ^[[36;1m  curl --proto '=https' --tlsv1.2 --retry 10 --retry-connrefused --location --silent --show-error --fail https://sh.rustup.rs | sh -s -- --default-toolchain none -y^[[0m
verify / linux	UNKNOWN STEP	2026-09-27T07:34:26.0598612Z ^[[36;1m  echo "$CARGO_HOME/bin" >> $GITHUB_PATH^[[0m
verify / linux	UNKNOWN STEP	2026-09-27T07:34:26.0598896Z ^[[36;1mfi^[[0m
verify / linux	UNKNOWN STEP	2026-09-27T07:34:26.0658884Z shell: /usr/bin/bash --noprofile --norc -e -o pipefail {0}
verify / linux	UNKNOWN STEP	2026-09-27T07:34:26.0659227Z env:
verify / linux	UNKNOWN STEP	2026-09-27T07:34:26.0659422Z   CARGO_TERM_COLOR: always
verify / linux	UNKNOWN STEP	2026-09-27T07:34:26.0659774Z   KOTORI_TEST_ARTIFACTS: /home/runner/work/Kotori/Kotori/test-artifacts
verify / linux	UNKNOWN STEP	2026-09-27T07:34:26.0660163Z   CARGO_HOME: /home/runner/.cargo
verify / linux	UNKNOWN STEP	2026-09-27T07:34:26.0660401Z ##[endgroup]
verify / linux	UNKNOWN STEP	2026-09-27T07:34:26.0748237Z ##[end-action id=__dtolnay_rust-toolchain.__run_2;outcome=success;conclusion=success;duration_ms=19]
verify / linux	UNKNOWN STEP	2026-09-27T07:34:26.0750552Z ##[start-action display=Install rustup if needed on windows;id=__dtolnay_rust-toolchain.__run_3]
verify / linux	UNKNOWN STEP	2026-09-27T07:34:26.0758323Z ##[end-action id=__dtolnay_rust-toolchain.__run_3;outcome=skipped;conclusion=skipped;duration_ms=0]
verify / linux	UNKNOWN STEP	2026-09-27T07:34:26.0769860Z ##[start-action display=rustup toolchain install stable;id=__dtolnay_rust-toolchain.__run_4]
verify / linux	UNKNOWN STEP	2026-09-27T07:34:26.0790135Z ##[group]Run rustup toolchain install stable --component rustfmt --component clippy --profile minimal --no-self-update
verify / linux	UNKNOWN STEP	2026-09-27T07:34:26.0790957Z ^[[36;1mrustup toolchain install stable --component rustfmt --component clippy --profile minimal --no-self-update^[[0m
verify / linux	UNKNOWN STEP	2026-09-27T07:34:26.0852831Z shell: /usr/bin/bash --noprofile --norc -e -o pipefail {0}
verify / linux	UNKNOWN STEP	2026-09-27T07:34:26.0853172Z env:
verify / linux	UNKNOWN STEP	2026-09-27T07:34:26.0853370Z   CARGO_TERM_COLOR: always
verify / linux	UNKNOWN STEP	2026-09-27T07:34:26.0853715Z   KOTORI_TEST_ARTIFACTS: /home/runner/work/Kotori/Kotori/test-artifacts
verify / linux	UNKNOWN STEP	2026-09-27T07:34:26.0854098Z   CARGO_HOME: /home/runner/.cargo
verify / linux	UNKNOWN STEP	2026-09-27T07:34:26.0854360Z   RUSTUP_PERMIT_COPY_RENAME: 1
verify / linux	UNKNOWN STEP	2026-09-27T07:34:26.0854593Z ##[endgroup]
verify / linux	UNKNOWN STEP	2026-09-27T07:34:26.4223650Z info: syncing channel updates for stable-x86_64-unknown-linux-gnu
verify / linux	UNKNOWN STEP	2026-09-27T07:34:26.6898808Z info: latest update on 2026-09-03 for version 1.98.1 (48a229cea 2026-09-01)
verify / linux	UNKNOWN STEP	2026-09-27T07:34:26.7134536Z info: component clippy is up to date
verify / linux	UNKNOWN STEP	2026-09-27T07:34:26.7135625Z info: component rustfmt is up to date
verify / linux	UNKNOWN STEP	2026-09-27T07:34:26.7147748Z 
verify / linux	UNKNOWN STEP	2026-09-27T07:34:26.7233165Z   stable-x86_64-unknown-linux-gnu unchanged - rustc 1.98.1 (48a229cea 2026-09-01)
verify / linux	UNKNOWN STEP	2026-09-27T07:34:26.7233731Z 
verify / linux	UNKNOWN STEP	2026-09-27T07:34:26.7267535Z ##[end-action id=__dtolnay_rust-toolchain.__run_4;outcome=success;conclusion=success;duration_ms=649]
verify / linux	UNKNOWN STEP	2026-09-27T07:34:26.7273175Z ##[start-action display=rustup default stable;id=__dtolnay_rust-toolchain.__run_5]
verify / linux	UNKNOWN STEP	2026-09-27T07:34:26.7291037Z ##[group]Run rustup default stable
verify / linux	UNKNOWN STEP	2026-09-27T07:34:26.7291320Z ^[[36;1mrustup default stable^[[0m
verify / linux	UNKNOWN STEP	2026-09-27T07:34:26.7354132Z shell: /usr/bin/bash --noprofile --norc -e -o pipefail {0}
verify / linux	UNKNOWN STEP	2026-09-27T07:34:26.7354474Z env:
verify / linux	UNKNOWN STEP	2026-09-27T07:34:26.7355071Z   CARGO_TERM_COLOR: always
verify / linux	UNKNOWN STEP	2026-09-27T07:34:26.7355431Z   KOTORI_TEST_ARTIFACTS: /home/runner/work/Kotori/Kotori/test-artifacts
verify / linux	UNKNOWN STEP	2026-09-27T07:34:26.7355822Z   CARGO_HOME: /home/runner/.cargo
verify / linux	UNKNOWN STEP	2026-09-27T07:34:26.7356069Z ##[endgroup]
verify / linux	UNKNOWN STEP	2026-09-27T07:34:26.7475950Z info: using existing install for stable-x86_64-unknown-linux-gnu
verify / linux	UNKNOWN STEP	2026-09-27T07:34:26.7484861Z info: default toolchain set to stable-x86_64-unknown-linux-gnu
verify / linux	UNKNOWN STEP	2026-09-27T07:34:26.7485182Z 
verify / linux	UNKNOWN STEP	2026-09-27T07:34:26.7562236Z   stable-x86_64-unknown-linux-gnu unchanged - rustc 1.98.1 (48a229cea 2026-09-01)
verify / linux	UNKNOWN STEP	2026-09-27T07:34:26.7562871Z 
verify / linux	UNKNOWN STEP	2026-09-27T07:34:26.7578500Z ##[end-action id=__dtolnay_rust-toolchain.__run_5;outcome=success;conclusion=success;duration_ms=30]
verify / linux	UNKNOWN STEP	2026-09-27T07:34:26.7580893Z ##[start-action display=Create cachekey;id=__dtolnay_rust-toolchain.rustc-version]
verify / linux	UNKNOWN STEP	2026-09-27T07:34:26.7598752Z ##[group]Run DATE=$(rustc +stable --version --verbose | sed -ne 's/^commit-date: \(20[0-9][0-9]\)-\([01][0-9]\)-\([0-3][0-9]\)$/\1\2\3/p')
verify / linux	UNKNOWN STEP	2026-09-27T07:34:26.7599605Z ^[[36;1mDATE=$(rustc +stable --version --verbose | sed -ne 's/^commit-date: \(20[0-9][0-9]\)-\([01][0-9]\)-\([0-3][0-9]\)$/\1\2\3/p')^[[0m
verify / linux	UNKNOWN STEP	2026-09-27T07:34:26.7600289Z ^[[36;1mHASH=$(rustc +stable --version --verbose | sed -ne 's/^commit-hash: //p')^[[0m
verify / linux	UNKNOWN STEP	2026-09-27T07:34:26.7600801Z ^[[36;1mecho "cachekey=$(echo $DATE$HASH | head -c12)" >> $GITHUB_OUTPUT^[[0m
verify / linux	UNKNOWN STEP	2026-09-27T07:34:26.7660519Z shell: /usr/bin/bash --noprofile --norc -e -o pipefail {0}
verify / linux	UNKNOWN STEP	2026-09-27T07:34:26.7660860Z env:
verify / linux	UNKNOWN STEP	2026-09-27T07:34:26.7661067Z   CARGO_TERM_COLOR: always
verify / linux	UNKNOWN STEP	2026-09-27T07:34:26.7661407Z   KOTORI_TEST_ARTIFACTS: /home/runner/work/Kotori/Kotori/test-artifacts
verify / linux	UNKNOWN STEP	2026-09-27T07:34:26.7661791Z   CARGO_HOME: /home/runner/.cargo
verify / linux	UNKNOWN STEP	2026-09-27T07:34:26.7662037Z ##[endgroup]
verify / linux	UNKNOWN STEP	2026-09-27T07:34:26.9492474Z ##[end-action id=__dtolnay_rust-toolchain.rustc-version;outcome=success;conclusion=success;duration_ms=191]
verify / linux	UNKNOWN STEP	2026-09-27T07:34:26.9495814Z ##[start-action display=Disable incremental compilation;id=__dtolnay_rust-toolchain.__run_6]
verify / linux	UNKNOWN STEP	2026-09-27T07:34:26.9514370Z ##[group]Run if [ -z "${CARGO_INCREMENTAL+set}" ]; then
verify / linux	UNKNOWN STEP	2026-09-27T07:34:26.9515267Z ^[[36;1mif [ -z "${CARGO_INCREMENTAL+set}" ]; then^[[0m
verify / linux	UNKNOWN STEP	2026-09-27T07:34:26.9515610Z ^[[36;1m  echo CARGO_INCREMENTAL=0 >> $GITHUB_ENV^[[0m
verify / linux	UNKNOWN STEP	2026-09-27T07:34:26.9515913Z ^[[36;1mfi^[[0m
verify / linux	UNKNOWN STEP	2026-09-27T07:34:26.9579527Z shell: /usr/bin/bash --noprofile --norc -e -o pipefail {0}
verify / linux	UNKNOWN STEP	2026-09-27T07:34:26.9579872Z env:
verify / linux	UNKNOWN STEP	2026-09-27T07:34:26.9580070Z   CARGO_TERM_COLOR: always
verify / linux	UNKNOWN STEP	2026-09-27T07:34:26.9580417Z   KOTORI_TEST_ARTIFACTS: /home/runner/work/Kotori/Kotori/test-artifacts
verify / linux	UNKNOWN STEP	2026-09-27T07:34:26.9580813Z   CARGO_HOME: /home/runner/.cargo
verify / linux	UNKNOWN STEP	2026-09-27T07:34:26.9581058Z ##[endgroup]
verify / linux	UNKNOWN STEP	2026-09-27T07:34:26.9665066Z ##[end-action id=__dtolnay_rust-toolchain.__run_6;outcome=success;conclusion=success;duration_ms=16]
verify / linux	UNKNOWN STEP	2026-09-27T07:34:26.9667222Z ##[start-action display=Enable colors in Cargo output;id=__dtolnay_rust-toolchain.__run_7]
verify / linux	UNKNOWN STEP	2026-09-27T07:34:26.9682608Z ##[group]Run if [ -z "${CARGO_TERM_COLOR+set}" ]; then
verify / linux	UNKNOWN STEP	2026-09-27T07:34:26.9682977Z ^[[36;1mif [ -z "${CARGO_TERM_COLOR+set}" ]; then^[[0m
verify / linux	UNKNOWN STEP	2026-09-27T07:34:26.9683310Z ^[[36;1m  echo CARGO_TERM_COLOR=always >> $GITHUB_ENV^[[0m
verify / linux	UNKNOWN STEP	2026-09-27T07:34:26.9683595Z ^[[36;1mfi^[[0m
verify / linux	UNKNOWN STEP	2026-09-27T07:34:26.9739982Z shell: /usr/bin/bash --noprofile --norc -e -o pipefail {0}
verify / linux	UNKNOWN STEP	2026-09-27T07:34:26.9740485Z env:
verify / linux	UNKNOWN STEP	2026-09-27T07:34:26.9740683Z   CARGO_TERM_COLOR: always
verify / linux	UNKNOWN STEP	2026-09-27T07:34:26.9741037Z   KOTORI_TEST_ARTIFACTS: /home/runner/work/Kotori/Kotori/test-artifacts
verify / linux	UNKNOWN STEP	2026-09-27T07:34:26.9741428Z   CARGO_HOME: /home/runner/.cargo
verify / linux	UNKNOWN STEP	2026-09-27T07:34:26.9741676Z   CARGO_INCREMENTAL: 0
verify / linux	UNKNOWN STEP	2026-09-27T07:34:26.9741883Z ##[endgroup]
verify / linux	UNKNOWN STEP	2026-09-27T07:34:26.9822159Z ##[end-action id=__dtolnay_rust-toolchain.__run_7;outcome=success;conclusion=success;duration_ms=15]
verify / linux	UNKNOWN STEP	2026-09-27T07:34:26.9824199Z ##[start-action display=Enable Cargo sparse registry;id=__dtolnay_rust-toolchain.__run_8]
verify / linux	UNKNOWN STEP	2026-09-27T07:34:26.9841979Z ##[group]Run # implemented in 1.66, stabilized in 1.68, made default in 1.70
verify / linux	UNKNOWN STEP	2026-09-27T07:34:26.9842683Z ^[[36;1m# implemented in 1.66, stabilized in 1.68, made default in 1.70^[[0m
verify / linux	UNKNOWN STEP	2026-09-27T07:34:26.9843596Z ^[[36;1mif [ -z "${CARGO_REGISTRIES_CRATES_IO_PROTOCOL+set}" -o -f "/home/runner/work/_temp"/.implicit_cargo_registries_crates_io_protocol ]; then^[[0m
verify / linux	UNKNOWN STEP	2026-09-27T07:34:26.9844508Z ^[[36;1m  if rustc +stable --version --verbose | grep -q '^release: 1\.6[89]\.'; then^[[0m
verify / linux	UNKNOWN STEP	2026-09-27T07:34:26.9845384Z ^[[36;1m    touch "/home/runner/work/_temp"/.implicit_cargo_registries_crates_io_protocol || true^[[0m
verify / linux	UNKNOWN STEP	2026-09-27T07:34:26.9845935Z ^[[36;1m    echo CARGO_REGISTRIES_CRATES_IO_PROTOCOL=sparse >> $GITHUB_ENV^[[0m
verify / linux	UNKNOWN STEP	2026-09-27T07:34:26.9846441Z ^[[36;1m  elif rustc +stable --version --verbose | grep -q '^release: 1\.6[67]\.'; then^[[0m
verify / linux	UNKNOWN STEP	2026-09-27T07:34:26.9847014Z ^[[36;1m    touch "/home/runner/work/_temp"/.implicit_cargo_registries_crates_io_protocol || true^[[0m
verify / linux	UNKNOWN STEP	2026-09-27T07:34:26.9847542Z ^[[36;1m    echo CARGO_REGISTRIES_CRATES_IO_PROTOCOL=git >> $GITHUB_ENV^[[0m
verify / linux	UNKNOWN STEP	2026-09-27T07:34:26.9847881Z ^[[36;1m  fi^[[0m
verify / linux	UNKNOWN STEP	2026-09-27T07:34:26.9848065Z ^[[36;1mfi^[[0m
verify / linux	UNKNOWN STEP	2026-09-27T07:34:26.9904438Z shell: /usr/bin/bash --noprofile --norc -e -o pipefail {0}
verify / linux	UNKNOWN STEP	2026-09-27T07:34:26.9905064Z env:
verify / linux	UNKNOWN STEP	2026-09-27T07:34:26.9905265Z   CARGO_TERM_COLOR: always
verify / linux	UNKNOWN STEP	2026-09-27T07:34:26.9905617Z   KOTORI_TEST_ARTIFACTS: /home/runner/work/Kotori/Kotori/test-artifacts
verify / linux	UNKNOWN STEP	2026-09-27T07:34:26.9905994Z   CARGO_HOME: /home/runner/.cargo
verify / linux	UNKNOWN STEP	2026-09-27T07:34:26.9906240Z   CARGO_INCREMENTAL: 0
verify / linux	UNKNOWN STEP	2026-09-27T07:34:26.9906461Z ##[endgroup]
verify / linux	UNKNOWN STEP	2026-09-27T07:34:27.0238260Z ##[end-action id=__dtolnay_rust-toolchain.__run_8;outcome=success;conclusion=success;duration_ms=41]
verify / linux	UNKNOWN STEP	2026-09-27T07:34:27.0240961Z ##[start-action display=Work around spurious network errors in curl 8.0;id=__dtolnay_rust-toolchain.__run_9]
verify / linux	UNKNOWN STEP	2026-09-27T07:34:27.0259262Z ##[group]Run # https://rust-lang.zulipchat.com/#narrow/stream/246057-t-cargo/topic/timeout.20investigation
verify / linux	UNKNOWN STEP	2026-09-27T07:34:27.0260039Z ^[[36;1m# https://rust-lang.zulipchat.com/#narrow/stream/246057-t-cargo/topic/timeout.20investigation^[[0m
verify / linux	UNKNOWN STEP	2026-09-27T07:34:27.0260659Z ^[[36;1mif rustc +stable --version --verbose | grep -q '^release: 1\.7[01]\.'; then^[[0m
verify / linux	UNKNOWN STEP	2026-09-27T07:34:27.0261126Z ^[[36;1m  echo CARGO_HTTP_MULTIPLEXING=false >> $GITHUB_ENV^[[0m
verify / linux	UNKNOWN STEP	2026-09-27T07:34:27.0261444Z ^[[36;1mfi^[[0m
verify / linux	UNKNOWN STEP	2026-09-27T07:34:27.0325117Z shell: /usr/bin/bash --noprofile --norc -e -o pipefail {0}
verify / linux	UNKNOWN STEP	2026-09-27T07:34:27.0325502Z env:
verify / linux	UNKNOWN STEP	2026-09-27T07:34:27.0325884Z   CARGO_TERM_COLOR: always
verify / linux	UNKNOWN STEP	2026-09-27T07:34:27.0326389Z   KOTORI_TEST_ARTIFACTS: /home/runner/work/Kotori/Kotori/test-artifacts
verify / linux	UNKNOWN STEP	2026-09-27T07:34:27.0326912Z   CARGO_HOME: /home/runner/.cargo
verify / linux	UNKNOWN STEP	2026-09-27T07:34:27.0327302Z   CARGO_INCREMENTAL: 0
verify / linux	UNKNOWN STEP	2026-09-27T07:34:27.0327706Z ##[endgroup]
verify / linux	UNKNOWN STEP	2026-09-27T07:34:27.0558161Z ##[end-action id=__dtolnay_rust-toolchain.__run_9;outcome=success;conclusion=success;duration_ms=31]
verify / linux	UNKNOWN STEP	2026-09-27T07:34:27.0562687Z ##[start-action display=rustc +stable --version --verbose;id=__dtolnay_rust-toolchain.__run_10]
verify / linux	UNKNOWN STEP	2026-09-27T07:34:27.0580816Z ##[group]Run rustc +stable --version --verbose
verify / linux	UNKNOWN STEP	2026-09-27T07:34:27.0581158Z ^[[36;1mrustc +stable --version --verbose^[[0m
verify / linux	UNKNOWN STEP	2026-09-27T07:34:27.0642381Z shell: /usr/bin/bash --noprofile --norc -e -o pipefail {0}
verify / linux	UNKNOWN STEP	2026-09-27T07:34:27.0642757Z env:
verify / linux	UNKNOWN STEP	2026-09-27T07:34:27.0642967Z   CARGO_TERM_COLOR: always
verify / linux	UNKNOWN STEP	2026-09-27T07:34:27.0643374Z   KOTORI_TEST_ARTIFACTS: /home/runner/work/Kotori/Kotori/test-artifacts
verify / linux	UNKNOWN STEP	2026-09-27T07:34:27.0643970Z   CARGO_HOME: /home/runner/.cargo
verify / linux	UNKNOWN STEP	2026-09-27T07:34:27.0644244Z   CARGO_INCREMENTAL: 0
verify / linux	UNKNOWN STEP	2026-09-27T07:34:27.0644475Z ##[endgroup]
verify / linux	UNKNOWN STEP	2026-09-27T07:34:27.0833727Z rustc 1.98.1 (48a229cea 2026-09-01)
verify / linux	UNKNOWN STEP	2026-09-27T07:34:27.0834242Z binary: rustc
verify / linux	UNKNOWN STEP	2026-09-27T07:34:27.0834553Z commit-hash: 48a229ceaefd4985c50990b14116b6d856af0985
verify / linux	UNKNOWN STEP	2026-09-27T07:34:27.0835199Z commit-date: 2026-09-01
verify / linux	UNKNOWN STEP	2026-09-27T07:34:27.0835473Z host: x86_64-unknown-linux-gnu
verify / linux	UNKNOWN STEP	2026-09-27T07:34:27.0835764Z release: 1.98.1
verify / linux	UNKNOWN STEP	2026-09-27T07:34:27.0836008Z LLVM version: 22.1.8
verify / linux	UNKNOWN STEP	2026-09-27T07:34:27.0855976Z ##[end-action id=__dtolnay_rust-toolchain.__run_10;outcome=success;conclusion=success;duration_ms=29]
verify / linux	UNKNOWN STEP	2026-09-27T07:34:27.0969078Z ##[group]Run Swatinem/rust-cache@v2
verify / linux	UNKNOWN STEP	2026-09-27T07:34:27.0969378Z with:
verify / linux	UNKNOWN STEP	2026-09-27T07:34:27.0969579Z   prefix-key: v0-rust
verify / linux	UNKNOWN STEP	2026-09-27T07:34:27.0969803Z   add-job-id-key: true
verify / linux	UNKNOWN STEP	2026-09-27T07:34:27.0970042Z   add-rust-environment-hash-key: true
verify / linux	UNKNOWN STEP	2026-09-27T07:34:27.0970323Z   cache-targets: true
verify / linux	UNKNOWN STEP	2026-09-27T07:34:27.0970542Z   cache-all-crates: false
verify / linux	UNKNOWN STEP	2026-09-27T07:34:27.0970778Z   cache-workspace-crates: false
verify / linux	UNKNOWN STEP	2026-09-27T07:34:27.0971018Z   save-if: true
verify / linux	UNKNOWN STEP	2026-09-27T07:34:27.0971220Z   cache-provider: github
verify / linux	UNKNOWN STEP	2026-09-27T07:34:27.0971457Z   cache-bin: true
verify / linux	UNKNOWN STEP	2026-09-27T07:34:27.0971655Z   lookup-only: false
verify / linux	UNKNOWN STEP	2026-09-27T07:34:27.0971858Z   cmd-format: {0}
verify / linux	UNKNOWN STEP	2026-09-27T07:34:27.0972055Z env:
verify / linux	UNKNOWN STEP	2026-09-27T07:34:27.0972240Z   CARGO_TERM_COLOR: always
verify / linux	UNKNOWN STEP	2026-09-27T07:34:27.0972583Z   KOTORI_TEST_ARTIFACTS: /home/runner/work/Kotori/Kotori/test-artifacts
verify / linux	UNKNOWN STEP	2026-09-27T07:34:27.0972976Z   CARGO_HOME: /home/runner/.cargo
verify / linux	UNKNOWN STEP	2026-09-27T07:34:27.0973222Z   CARGO_INCREMENTAL: 0
verify / linux	UNKNOWN STEP	2026-09-27T07:34:27.0973464Z ##[endgroup]
verify / linux	UNKNOWN STEP	2026-09-27T07:34:28.8173395Z ##[group]Cache Configuration
verify / linux	UNKNOWN STEP	2026-09-27T07:34:28.8173872Z Cache Provider:
verify / linux	UNKNOWN STEP	2026-09-27T07:34:28.8174083Z     github
verify / linux	UNKNOWN STEP	2026-09-27T07:34:28.8174525Z Workspaces:
verify / linux	UNKNOWN STEP	2026-09-27T07:34:28.8175476Z     /home/runner/work/Kotori/Kotori
verify / linux	UNKNOWN STEP	2026-09-27T07:34:28.8176096Z Cache Paths:
verify / linux	UNKNOWN STEP	2026-09-27T07:34:28.8176462Z     /home/runner/.cargo/bin
verify / linux	UNKNOWN STEP	2026-09-27T07:34:28.8176877Z     /home/runner/.cargo/.crates.toml
verify / linux	UNKNOWN STEP	2026-09-27T07:34:28.8177336Z     /home/runner/.cargo/.crates2.json
verify / linux	UNKNOWN STEP	2026-09-27T07:34:28.8177782Z     /home/runner/.cargo/registry
verify / linux	UNKNOWN STEP	2026-09-27T07:34:28.8178189Z     /home/runner/.cargo/git
verify / linux	UNKNOWN STEP	2026-09-27T07:34:28.8178597Z     /home/runner/work/Kotori/Kotori/target
verify / linux	UNKNOWN STEP	2026-09-27T07:34:28.8179043Z Restore Key:
verify / linux	UNKNOWN STEP	2026-09-27T07:34:28.8179392Z     v0-rust-linux-Linux-x64-6ff13d87
verify / linux	UNKNOWN STEP	2026-09-27T07:34:28.8179820Z Cache Key:
verify / linux	UNKNOWN STEP	2026-09-27T07:34:28.8180216Z     v0-rust-linux-Linux-x64-6ff13d87-fbcba0e4
verify / linux	UNKNOWN STEP	2026-09-27T07:34:28.8180700Z .. Prefix:
verify / linux	UNKNOWN STEP	2026-09-27T07:34:28.8181056Z   - v0-rust-linux-Linux-x64
verify / linux	UNKNOWN STEP	2026-09-27T07:34:28.8181503Z .. Environment considered:
verify / linux	UNKNOWN STEP	2026-09-27T07:34:28.8181882Z   - Rust Versions:
verify / linux	UNKNOWN STEP	2026-09-27T07:34:28.8182418Z     - 1.98.1 x86_64-unknown-linux-gnu 48a229ceaefd4985c50990b14116b6d856af0985
verify / linux	UNKNOWN STEP	2026-09-27T07:34:28.8183053Z   - CARGO_HOME
verify / linux	UNKNOWN STEP	2026-09-27T07:34:28.8183381Z   - CARGO_INCREMENTAL
verify / linux	UNKNOWN STEP	2026-09-27T07:34:28.8183736Z   - CARGO_TERM_COLOR
verify / linux	UNKNOWN STEP	2026-09-27T07:34:28.8184090Z .. Lockfiles considered:
verify / linux	UNKNOWN STEP	2026-09-27T07:34:28.8184584Z   - /home/runner/work/Kotori/Kotori/.cargo/config.toml
verify / linux	UNKNOWN STEP	2026-09-27T07:34:28.8185351Z   - /home/runner/work/Kotori/Kotori/Cargo.lock
verify / linux	UNKNOWN STEP	2026-09-27T07:34:28.8185867Z   - /home/runner/work/Kotori/Kotori/Cargo.toml
verify / linux	UNKNOWN STEP	2026-09-27T07:34:28.8186616Z ##[endgroup]
verify / linux	UNKNOWN STEP	2026-09-27T07:34:28.8186806Z 
verify / linux	UNKNOWN STEP	2026-09-27T07:34:28.8186952Z ... Restoring cache ...
verify / linux	UNKNOWN STEP	2026-09-27T07:34:28.9223676Z Cache hit for: v0-rust-linux-Linux-x64-6ff13d87-fbcba0e4
verify / linux	UNKNOWN STEP	2026-09-27T07:34:30.0149521Z Received 134217728 of 1327599312 (10.1%), 128.0 MBs/sec
verify / linux	UNKNOWN STEP	2026-09-27T07:34:31.0151903Z Received 402653184 of 1327599312 (30.3%), 191.9 MBs/sec
verify / linux	UNKNOWN STEP	2026-09-27T07:34:32.0167052Z Received 671088640 of 1327599312 (50.5%), 213.2 MBs/sec
verify / linux	UNKNOWN STEP	2026-09-27T07:34:33.0174055Z Received 939524096 of 1327599312 (70.8%), 223.8 MBs/sec
verify / linux	UNKNOWN STEP	2026-09-27T07:34:34.0357807Z Received 1207959552 of 1327599312 (91.0%), 229.4 MBs/sec
verify / linux	UNKNOWN STEP	2026-09-27T07:34:34.5170438Z Received 1327599312 of 1327599312 (100.0%), 230.1 MBs/sec
verify / linux	UNKNOWN STEP	2026-09-27T07:34:34.5171552Z Cache Size: ~1266 MB (1327599312 B)
verify / linux	UNKNOWN STEP	2026-09-27T07:34:34.5209044Z [command]/usr/bin/tar -xf /home/runner/work/_temp/c5c434b1-3727-4756-a623-379b2ee5d078/cache.tzst -P -C /home/runner/work/Kotori/Kotori --use-compress-program unzstd
verify / linux	UNKNOWN STEP	2026-09-27T07:34:45.5227379Z Cache restored successfully
verify / linux	UNKNOWN STEP	2026-09-27T07:34:45.5801242Z Restored from cache key "v0-rust-linux-Linux-x64-6ff13d87-fbcba0e4" full match: true.
verify / linux	UNKNOWN STEP	2026-09-27T07:34:45.5980896Z ##[group]Run cargo fmt --all --check
verify / linux	UNKNOWN STEP	2026-09-27T07:34:45.5981243Z ^[[36;1mcargo fmt --all --check^[[0m
verify / linux	UNKNOWN STEP	2026-09-27T07:34:45.6044494Z shell: /usr/bin/bash -e {0}
verify / linux	UNKNOWN STEP	2026-09-27T07:34:45.6045044Z env:
verify / linux	UNKNOWN STEP	2026-09-27T07:34:45.6045261Z   CARGO_TERM_COLOR: always
verify / linux	UNKNOWN STEP	2026-09-27T07:34:45.6045637Z   KOTORI_TEST_ARTIFACTS: /home/runner/work/Kotori/Kotori/test-artifacts
verify / linux	UNKNOWN STEP	2026-09-27T07:34:45.6046047Z   CARGO_HOME: /home/runner/.cargo
verify / linux	UNKNOWN STEP	2026-09-27T07:34:45.6046302Z   CARGO_INCREMENTAL: 0
verify / linux	UNKNOWN STEP	2026-09-27T07:34:45.6046534Z   CACHE_ON_FAILURE: false
verify / linux	UNKNOWN STEP	2026-09-27T07:34:45.6046777Z ##[endgroup]
verify / linux	UNKNOWN STEP	2026-09-27T07:34:48.4901735Z ##[group]Run bash scripts/check-file-size.sh
verify / linux	UNKNOWN STEP	2026-09-27T07:34:48.4902119Z ^[[36;1mbash scripts/check-file-size.sh^[[0m
verify / linux	UNKNOWN STEP	2026-09-27T07:34:48.4963238Z shell: /usr/bin/bash -e {0}
verify / linux	UNKNOWN STEP	2026-09-27T07:34:48.4963494Z env:
verify / linux	UNKNOWN STEP	2026-09-27T07:34:48.4963694Z   CARGO_TERM_COLOR: always
verify / linux	UNKNOWN STEP	2026-09-27T07:34:48.4964046Z   KOTORI_TEST_ARTIFACTS: /home/runner/work/Kotori/Kotori/test-artifacts
verify / linux	UNKNOWN STEP	2026-09-27T07:34:48.4964446Z   CARGO_HOME: /home/runner/.cargo
verify / linux	UNKNOWN STEP	2026-09-27T07:34:48.4964963Z   CARGO_INCREMENTAL: 0
verify / linux	UNKNOWN STEP	2026-09-27T07:34:48.4965192Z   CACHE_ON_FAILURE: false
verify / linux	UNKNOWN STEP	2026-09-27T07:34:48.4965407Z ##[endgroup]
verify / linux	UNKNOWN STEP	2026-09-27T07:34:48.9568124Z 超过硬线 600 行的源文件：0 个（基线 0 个）；另有 0 个落在软线 500 行之上
verify / linux	UNKNOWN STEP	2026-09-27T07:34:48.9568585Z （一个都没有，硬线守住了）
verify / linux	UNKNOWN STEP	2026-09-27T07:34:48.9602145Z ##[group]Run cargo clippy --all-targets --locked -- -D warnings
verify / linux	UNKNOWN STEP	2026-09-27T07:34:48.9602638Z ^[[36;1mcargo clippy --all-targets --locked -- -D warnings^[[0m
verify / linux	UNKNOWN STEP	2026-09-27T07:34:48.9663982Z shell: /usr/bin/bash -e {0}
verify / linux	UNKNOWN STEP	2026-09-27T07:34:48.9664276Z env:
verify / linux	UNKNOWN STEP	2026-09-27T07:34:48.9664485Z   CARGO_TERM_COLOR: always
verify / linux	UNKNOWN STEP	2026-09-27T07:34:48.9665204Z   KOTORI_TEST_ARTIFACTS: /home/runner/work/Kotori/Kotori/test-artifacts
verify / linux	UNKNOWN STEP	2026-09-27T07:34:48.9665632Z   CARGO_HOME: /home/runner/.cargo
verify / linux	UNKNOWN STEP	2026-09-27T07:34:48.9665902Z   CARGO_INCREMENTAL: 0
verify / linux	UNKNOWN STEP	2026-09-27T07:34:48.9666138Z   CACHE_ON_FAILURE: false
verify / linux	UNKNOWN STEP	2026-09-27T07:34:48.9666370Z ##[endgroup]
verify / linux	UNKNOWN STEP	2026-09-27T07:34:50.1501029Z ^[[1m^[[92m    Updating^[[0m crates.io index
verify / linux	UNKNOWN STEP	2026-09-27T07:34:53.3996362Z ^[[1m^[[92m   Compiling^[[0m kotori v0.1.0 (/home/runner/work/Kotori/Kotori)
verify / linux	UNKNOWN STEP	2026-09-27T07:35:34.4375976Z ^[[1m^[[92m    Finished^[[0m `dev` profile [optimized + debuginfo] target(s) in 45.10s
verify / linux	UNKNOWN STEP	2026-09-27T07:35:34.4912544Z ##[group]Run scripts/test.sh
verify / linux	UNKNOWN STEP	2026-09-27T07:35:34.4912848Z ^[[36;1mscripts/test.sh^[[0m
verify / linux	UNKNOWN STEP	2026-09-27T07:35:34.4974540Z shell: /usr/bin/bash -e {0}
verify / linux	UNKNOWN STEP	2026-09-27T07:35:34.4975185Z env:
verify / linux	UNKNOWN STEP	2026-09-27T07:35:34.4975637Z   CARGO_TERM_COLOR: always
verify / linux	UNKNOWN STEP	2026-09-27T07:35:34.4976141Z   KOTORI_TEST_ARTIFACTS: /home/runner/work/Kotori/Kotori/test-artifacts
verify / linux	UNKNOWN STEP	2026-09-27T07:35:34.4976728Z   CARGO_HOME: /home/runner/.cargo
verify / linux	UNKNOWN STEP	2026-09-27T07:35:34.5031427Z   CARGO_INCREMENTAL: 0
verify / linux	UNKNOWN STEP	2026-09-27T07:35:34.5031726Z   CACHE_ON_FAILURE: false
verify / linux	UNKNOWN STEP	2026-09-27T07:35:34.5031961Z ##[endgroup]
verify / linux	UNKNOWN STEP	2026-09-27T07:35:34.8895642Z ^[[1m^[[92m   Compiling^[[0m kotori v0.1.0 (/home/runner/work/Kotori/Kotori)
verify / linux	UNKNOWN STEP	2026-09-27T07:39:50.5232721Z ^[[1m^[[92m    Finished^[[0m `test` profile [optimized + debuginfo] target(s) in 4m 15s
verify / linux	UNKNOWN STEP	2026-09-27T07:39:50.5480778Z ^[[1m^[[92m     Running^[[0m unittests src/main.rs (target/debug/deps/kotori-7f624b4dfe063160)
verify / linux	UNKNOWN STEP	2026-09-27T07:39:50.5522949Z 
verify / linux	UNKNOWN STEP	2026-09-27T07:39:50.5523253Z running 535 tests
verify / linux	UNKNOWN STEP	2026-09-27T07:39:50.5542357Z test config::lock::tests::the_lock_lives_beside_the_config ... ok
verify / linux	UNKNOWN STEP	2026-09-27T07:39:50.5543437Z test config::lock::tests::a_second_writer_is_locked_out_until_the_first_one_finishes ... ok
verify / linux	UNKNOWN STEP	2026-09-27T07:39:50.5544447Z test config::paths::tests::a_portable_config_keeps_its_data_next_to_itself ... ok
verify / linux	UNKNOWN STEP	2026-09-27T07:39:50.5546027Z test config::paths::tests::a_config_next_to_the_binary_wins_over_the_default ... ok
verify / linux	UNKNOWN STEP	2026-09-27T07:39:50.5549516Z test config::paths::tests::an_unreadable_config_is_an_error_not_a_fresh_start ... ok
verify / linux	UNKNOWN STEP	2026-09-27T07:39:50.5550524Z test config::paths::tests::no_exe_information_falls_back_to_the_default ... ok
verify / linux	UNKNOWN STEP	2026-09-27T07:39:50.5551672Z test config::paths::tests::a_leftover_temp_file_does_not_disturb_the_config ... ok
verify / linux	UNKNOWN STEP	2026-09-27T07:39:50.5555713Z test config::paths::tests::a_malformed_config_is_backed_up_by_load_at ... ok
verify / linux	UNKNOWN STEP	2026-09-27T07:39:50.5557233Z test config::paths::tests::portable_means_the_config_sits_next_to_the_binary ... ok
verify / linux	UNKNOWN STEP	2026-09-27T07:39:50.5558049Z test config::profile::tests::a_hand_written_separator_is_rejected ... ok
verify / linux	UNKNOWN STEP	2026-09-27T07:39:50.5559255Z test config::paths::tests::without_a_beside_binary_config_the_default_directory_is_used ... ok
verify / linux	UNKNOWN STEP	2026-09-27T07:39:50.5560472Z test config::profile::tests::algorithm_labels_round_trip ... ok
verify / linux	UNKNOWN STEP	2026-09-27T07:39:50.5561514Z test config::profile::tests::an_empty_game_resolution_leaves_the_size_to_gamescope ... ok
verify / linux	UNKNOWN STEP	2026-09-27T07:39:50.5562230Z test config::profile::tests::an_empty_profile_gets_the_screen_and_a_filled_one_overrides_it ... ok
verify / linux	UNKNOWN STEP	2026-09-27T07:39:50.5562845Z test config::profile::tests::profile_validation_bounds_the_scaling_ratio ... ok
verify / linux	UNKNOWN STEP	2026-09-27T07:39:50.5563370Z test config::profile::tests::free_form_is_about_the_arguments_being_there ... ok
verify / linux	UNKNOWN STEP	2026-09-27T07:39:50.5563857Z test config::profile::tests::normalize_clamps_sharpness_only ... ok
verify / linux	UNKNOWN STEP	2026-09-27T07:39:50.5564346Z test config::profile::tests::profile_validation_rejects_impossible_values ... ok
verify / linux	UNKNOWN STEP	2026-09-27T07:39:50.5565114Z test config::profile::tests::sharpness_is_clamped_and_rebuilt ... ok
verify / linux	UNKNOWN STEP	2026-09-27T07:39:50.5565640Z test config::sync::tests::a_sync_config_that_still_carries_encryption_still_loads ... ok
verify / linux	UNKNOWN STEP	2026-09-27T07:39:50.5571105Z test config::sync::tests::a_sync_config_without_an_engine_key_gets_the_current_default ... ok
verify / linux	UNKNOWN STEP	2026-09-27T07:39:50.5572250Z test config::sync::tests::the_engine_survives_a_round_trip ... ok
verify / linux	UNKNOWN STEP	2026-09-27T07:39:50.5573272Z test config::sync::tests::a_sync_config_without_binary_paths_finds_the_programs_itself ... ok
verify / linux	UNKNOWN STEP	2026-09-27T07:39:50.5574327Z test config::tests::a_hand_written_game_entry_needs_only_a_name_and_an_exe ... ok
verify / linux	UNKNOWN STEP	2026-09-27T07:39:50.5580781Z test config::tests::a_config_that_still_carries_follow_window_still_loads ... ok
verify / linux	UNKNOWN STEP	2026-09-27T07:39:50.5581939Z test config::tests::a_sync_config_that_still_carries_encryption_still_loads ... ok
verify / linux	UNKNOWN STEP	2026-09-27T07:39:50.5582903Z test config::tests::as_str_matches_what_serde_writes ... ok
verify / linux	UNKNOWN STEP	2026-09-27T07:39:50.5585462Z test config::tests::auto_watch_defaults_on_and_still_answers_to_its_old_name ... ok
verify / linux	UNKNOWN STEP	2026-09-27T07:39:50.5586915Z test config::tests::corrupt_config_is_backed_up ... ok
verify / linux	UNKNOWN STEP	2026-09-27T07:39:50.5587823Z test config::tests::legacy_lanczos_config_no_longer_parses ... ok
verify / linux	UNKNOWN STEP	2026-09-27T07:39:50.5588673Z test config::tests::missing_file_falls_back_to_defaults ... ok
verify / linux	UNKNOWN STEP	2026-09-27T07:39:50.5589508Z test config::tests::partial_game_config_uses_serde_defaults ... ok
verify / linux	UNKNOWN STEP	2026-09-27T07:39:50.5590475Z test config::tests::one_entry_missing_its_exe_does_not_take_the_whole_file_down ... ok
verify / linux	UNKNOWN STEP	2026-09-27T07:39:50.5593266Z test config::tests::the_watched_process_name_falls_back_to_the_exe_file_name ... ok
verify / linux	UNKNOWN STEP	2026-09-27T07:39:50.5594433Z test config::tests::the_auto_watch_default_flips_old_configs_once_and_only_once ... ok
verify / linux	UNKNOWN STEP	2026-09-27T07:39:50.5595633Z test config::tests::config_round_trips_through_toml ... ok
verify / linux	UNKNOWN STEP	2026-09-27T07:39:50.5596509Z test daemon::protocol::tests::an_absent_key_leaves_its_field_alone ... ok
verify / linux	UNKNOWN STEP	2026-09-27T07:39:50.5597495Z test daemon::protocol::tests::a_patch_key_the_daemon_does_not_know_is_rejected ... ok
verify / linux	UNKNOWN STEP	2026-09-27T07:39:50.5652723Z test daemon::sync_rpc::tests::resolve::resolve_can_bind_an_existing_cloud_identity ... ok
verify / linux	UNKNOWN STEP	2026-09-27T07:39:50.5682142Z test daemon::sync_rpc::tests::resolve::repeating_the_same_pair_is_idempotent ... ok
verify / linux	UNKNOWN STEP	2026-09-27T07:39:50.5689535Z test daemon::sync_rpc::tests::cloud_sync_cannot_be_switched_on_without_a_save_location ... ok
verify / linux	UNKNOWN STEP	2026-09-27T07:39:50.5708920Z test daemon::sync_rpc::tests::resolve::resolve_rejects_an_unknown_choice_without_mutating_the_binding ... ok
verify / linux	UNKNOWN STEP	2026-09-27T07:39:50.5710979Z test daemon::sync_rpc::tests::resolve::resolve_pair_without_an_identity_creates_a_new_binding_decision ... ok
verify / linux	UNKNOWN STEP	2026-09-27T07:39:50.5753618Z test daemon::sync_rpc::tests::resolve::switching_one_game_off_stops_its_automatic_sync_only ... ok
verify / linux	UNKNOWN STEP	2026-09-27T07:39:50.5788438Z test daemon::sync_rpc::tests::settings_are_validated_before_they_are_stored ... ok
verify / linux	UNKNOWN STEP	2026-09-27T07:39:50.5832324Z test daemon::sync_rpc::tests::status_explains_what_is_missing_instead_of_failing ... ok
verify / linux	UNKNOWN STEP	2026-09-27T07:39:50.5833465Z test daemon::sync_rpc::tests::resolve::the_pre_launch_self_check_asks_once_and_remembers_the_answer ... ok
verify / linux	UNKNOWN STEP	2026-09-27T07:39:50.5885774Z test daemon::sync_rpc::tests::the_machine_identity_is_created_once_and_persisted ... ok
verify / linux	UNKNOWN STEP	2026-09-27T07:39:50.5925907Z test daemon::sync_rpc::tests_credentials::a_launch_never_fails_because_sync_is_broken ... ok
verify / linux	UNKNOWN STEP	2026-09-27T07:39:50.5947695Z test daemon::sync_rpc::tests_credentials::a_launch_with_sync_off_does_not_touch_the_network ... ok
verify / linux	UNKNOWN STEP	2026-09-27T07:39:50.5979300Z test daemon::sync_rpc::tests::status_never_returns_a_secret_value ... ok
verify / linux	UNKNOWN STEP	2026-09-27T07:39:50.5999077Z test daemon::sync_rpc::tests_credentials::a_short_master_password_is_refused_with_a_reason ... ok
verify / linux	UNKNOWN STEP	2026-09-27T07:39:50.6002291Z test daemon::sync_rpc::tests_credentials::an_explicitly_given_store_is_never_replaced_behind_the_caller ... ok
verify / linux	UNKNOWN STEP	2026-09-27T07:39:50.6238250Z test daemon::sync_rpc::tests_credentials::credentials_go_into_the_keyring_and_can_be_cleared ... ok
verify / linux	UNKNOWN STEP	2026-09-27T07:39:50.6243819Z test daemon::sync_rpc::tests_credentials::every_sync_config_key_is_accepted_by_the_settings_patch ... ok
verify / linux	UNKNOWN STEP	2026-09-27T07:39:50.6253731Z test daemon::sync_rpc::tests_credentials::kopia_password_can_be_stored_and_cleared ... ok
verify / linux	UNKNOWN STEP	2026-09-27T07:39:50.6466116Z test config::paths::tests::a_reader_never_sees_a_half_written_config ... ok
verify / linux	UNKNOWN STEP	2026-09-27T07:39:50.6470832Z test daemon::sync_rpc::tests_credentials::the_store_never_changes_under_a_running_daemon ... ok
verify / linux	UNKNOWN STEP	2026-09-27T07:39:50.6508415Z test daemon::tests::a_write_rereads_the_file_so_a_cli_add_is_not_overwritten ... ok
verify / linux	UNKNOWN STEP	2026-09-27T07:39:50.6513098Z test daemon::sync_rpc::tests_credentials::the_master_file_can_be_deleted_even_while_it_is_locked ... ok
verify / linux	UNKNOWN STEP	2026-09-27T07:39:50.6527212Z test daemon::tests::config_source::a_failed_credential_move_leaves_the_config_source_unchanged ... ok
verify / linux	UNKNOWN STEP	2026-09-27T07:39:50.6561306Z test daemon::tests::config_source::switching_the_config_source_moves_it_and_makes_the_portable_one_step_aside ... ok
verify / linux	UNKNOWN STEP	2026-09-27T07:39:50.6566554Z test daemon::tests::config_source::switching_the_config_source_takes_the_credentials_along ... ok
verify / linux	UNKNOWN STEP	2026-09-27T07:39:50.6575937Z test daemon::tests::every_game_config_key_is_either_patchable_or_a_known_exception ... ok
verify / linux	UNKNOWN STEP	2026-09-27T07:39:50.6583970Z test daemon::tests::config_source::switching_to_the_source_already_in_use_changes_nothing ... ok
verify / linux	UNKNOWN STEP	2026-09-27T07:39:50.6585578Z test daemon::tests::game_list_exposes_the_full_scale_profile ... ok
verify / linux	UNKNOWN STEP	2026-09-27T07:39:50.6586690Z test daemon::tests::games_are_sorted_by_name ... ok
verify / linux	UNKNOWN STEP	2026-09-27T07:39:50.6587723Z test daemon::tests::games_with_the_same_name_still_have_one_order ... ok
verify / linux	UNKNOWN STEP	2026-09-27T07:39:50.6588880Z test daemon::tests::malformed_json_is_a_parse_error ... ok
verify / linux	UNKNOWN STEP	2026-09-27T07:39:50.6589893Z test daemon::tests::missing_params_are_invalid_params ... ok
verify / linux	UNKNOWN STEP	2026-09-27T07:39:50.6613482Z test daemon::tests::mounts::a_path_that_is_not_here_is_still_refused_without_a_reference ... ok
verify / linux	UNKNOWN STEP	2026-09-27T07:39:50.6627584Z test daemon::tests::mounts::a_null_reference_turns_it_off_and_is_not_filled_back_in ... ok
verify / linux	UNKNOWN STEP	2026-09-27T07:39:50.6643813Z test daemon::tests::mounts::a_reference_lets_a_path_that_is_not_mounted_here_through ... ok
verify / linux	UNKNOWN STEP	2026-09-27T07:39:50.6654137Z test daemon::tests::mounts::a_reference_that_escapes_its_disk_is_refused ... ok
verify / linux	UNKNOWN STEP	2026-09-27T07:39:50.6671686Z test daemon::tests::mounts::an_explicit_reference_is_stored_and_the_absolute_path_gives_way ... ok
verify / linux	UNKNOWN STEP	2026-09-27T07:39:50.6681899Z test daemon::tests::mounts::creating_a_game_with_a_reference_does_not_need_the_file_to_be_here ... ok
verify / linux	UNKNOWN STEP	2026-09-27T07:39:50.6688928Z test daemon::tests::mounts::creating_a_game_without_a_reference_still_needs_a_real_exe ... ok
verify / linux	UNKNOWN STEP	2026-09-27T07:39:50.6689928Z test daemon::tests::shutdown_reply_is_flagged ... ok
verify / linux	UNKNOWN STEP	2026-09-27T07:39:50.6694540Z test daemon::tests::status_on_unknown_session_lists_nothing_new ... ok
verify / linux	UNKNOWN STEP	2026-09-27T07:39:50.6695692Z test daemon::tests::mounts::infer_says_nothing_about_a_path_that_is_not_there ... ok
verify / linux	UNKNOWN STEP	2026-09-27T07:39:50.6697202Z test daemon::tests::status_reports_no_sessions_initially ... ok
verify / linux	UNKNOWN STEP	2026-09-27T07:39:50.6700191Z test daemon::tests::unknown_method_is_reported_as_method_not_found ... ok
verify / linux	UNKNOWN STEP	2026-09-27T07:39:50.6701170Z test desktop::kde::tests::kwin_accepts_our_scripts ... ignored, needs a live KDE session
verify / linux	UNKNOWN STEP	2026-09-27T07:39:50.6704252Z test daemon::tests::wrong_jsonrpc_version_is_rejected ... ok
verify / linux	UNKNOWN STEP	2026-09-27T07:39:50.6806115Z test display::tests::a_probe_that_answers_hands_back_its_output ... ok
verify / linux	UNKNOWN STEP	2026-09-27T07:39:50.6807159Z test display::tests::kde_follows_current_mode_id ... ok
verify / linux	UNKNOWN STEP	2026-09-27T07:39:50.6808248Z test display::tests::kde_numeric_mode_ids_and_missing_keys_are_tolerated ... ok
verify / linux	UNKNOWN STEP	2026-09-27T07:39:50.6809535Z test display::tests::kde_prefers_primary_and_skips_unusable_outputs ... ok
verify / linux	UNKNOWN STEP	2026-09-27T07:39:50.6810619Z test display::tests::kde_unknown_mode_id_falls_back_to_output_size ... ok
verify / linux	UNKNOWN STEP	2026-09-27T07:39:50.6811849Z test display::tests::kde_uses_device_pixels_not_logical_size ... ok
verify / linux	UNKNOWN STEP	2026-09-27T07:39:50.6812988Z test display::tests::kde_without_outputs_returns_none ... ok
verify / linux	UNKNOWN STEP	2026-09-27T07:39:50.6815080Z test display::tests::kde_without_priority_falls_back_to_largest ... ok
verify / linux	UNKNOWN STEP	2026-09-27T07:39:50.6816866Z test display::tests::out_of_range_current_mode_falls_back_to_first ... ok
verify / linux	UNKNOWN STEP	2026-09-27T07:39:50.6818898Z test daemon::sync_rpc::tests_credentials::a_master_password_seals_the_credentials_and_survives_a_restart ... ok
verify / linux	UNKNOWN STEP	2026-09-27T07:39:50.6820189Z test display::tests::output_without_modes_is_skipped ... ok
verify / linux	UNKNOWN STEP	2026-09-27T07:39:50.6821080Z test display::tests::parses_resolution_specs ... ok
verify / linux	UNKNOWN STEP	2026-09-27T07:39:50.6821854Z test display::tests::picks_largest_output_deterministically ... ok
verify / linux	UNKNOWN STEP	2026-09-27T07:39:50.6822782Z test display::tests::uses_current_mode_not_logical_size ... ok
verify / linux	UNKNOWN STEP	2026-09-27T07:39:50.6826543Z test game::tests::a_second_entry_with_the_same_name_gets_a_numeric_suffix ... ok
verify / linux	UNKNOWN STEP	2026-09-27T07:39:50.6827380Z test game::tests::an_uninstaller_is_not_the_game_even_when_it_is_called_uninstaller ... ok
verify / linux	UNKNOWN STEP	2026-09-27T07:39:50.6830392Z test game::tests::an_exe_already_used_by_another_entry_is_reported_by_name ... ok
verify / linux	UNKNOWN STEP	2026-09-27T07:39:50.6832963Z test game::tests::falls_back_to_an_exe_when_only_helpers_exist ... ok
verify / linux	UNKNOWN STEP	2026-09-27T07:39:50.6833851Z test game::tests::game_ids_are_stable_and_filesystem_safe ... ok
verify / linux	UNKNOWN STEP	2026-09-27T07:39:50.6834993Z test game::tests::helpers_are_recognised_by_prefix_too ... ok
verify / linux	UNKNOWN STEP	2026-09-27T07:39:50.6837922Z test game::tests::no_executables_means_no_candidate ... ok
verify / linux	UNKNOWN STEP	2026-09-27T07:39:50.6841213Z test game::tests::prefers_the_chinese_localised_executable ... ok
verify / linux	UNKNOWN STEP	2026-09-27T07:39:50.6848161Z test game::tests::directories_whose_ids_collide_are_all_added_not_swallowed ... ok
verify / linux	UNKNOWN STEP	2026-09-27T07:39:50.6852572Z test game::tests::scan_counts_subdirectories_and_the_root_itself ... ok
verify / linux	UNKNOWN STEP	2026-09-27T07:39:50.6858048Z test game::tests::scan_counts_the_scanned_directory_itself ... ok
verify / linux	UNKNOWN STEP	2026-09-27T07:39:50.6860028Z test game::tests::scan_of_missing_directory_is_an_error ... ok
verify / linux	UNKNOWN STEP	2026-09-27T07:39:50.6861573Z test game::tests::scan_of_a_file_is_an_error_too ... ok
verify / linux	UNKNOWN STEP	2026-09-27T07:39:50.6865932Z test game::tests::skips_installers_and_tools ... ok
verify / linux	UNKNOWN STEP	2026-09-27T07:39:50.6869467Z test game::tests::self_and_subdirectory_hits_stay_two_distinct_entries ... ok
verify / linux	UNKNOWN STEP	2026-09-27T07:39:50.6871633Z test game::tests::the_executable_named_like_its_directory_beats_a_lookalike ... ok
verify / linux	UNKNOWN STEP	2026-09-27T07:39:50.6872716Z test mount::tests::a_disk_mounted_at_two_points_resolves_to_the_shorter_one ... ok
verify / linux	UNKNOWN STEP	2026-09-27T07:39:50.6873308Z test mount::tests::a_nested_mount_only_claims_paths_under_its_own_point ... ok
verify / linux	UNKNOWN STEP	2026-09-27T07:39:50.6874895Z test mount::tests::btrfs_subvol_layout_keeps_the_subvol_root_in_references ... ok
verify / linux	UNKNOWN STEP	2026-09-27T07:39:50.6875840Z test mount::tests::escape_sequences_are_decoded ... ok
verify / linux	UNKNOWN STEP	2026-09-27T07:39:50.6878602Z test mount::tests::escaped_root_and_point_are_both_decoded ... ok
verify / linux	UNKNOWN STEP	2026-09-27T07:39:50.6879718Z test mount::tests::infer_refuses_paths_without_a_known_disk ... ok
verify / linux	UNKNOWN STEP	2026-09-27T07:39:50.6880679Z test mount::tests::nested_mount_wins_over_the_parent ... ok
verify / linux	UNKNOWN STEP	2026-09-27T07:39:50.6881430Z test mount::tests::parse_reads_root_and_mountpoint ... ok
verify / linux	UNKNOWN STEP	2026-09-27T07:39:50.6882306Z test mount::tests::references_with_traversal_or_absolute_parts_are_rejected ... ok
verify / linux	UNKNOWN STEP	2026-09-27T07:39:50.6883352Z test mount::tests::resolve_reports_a_disk_that_is_not_mounted ... ok
verify / linux	UNKNOWN STEP	2026-09-27T07:39:50.6884259Z test mount::tests::the_same_disk_remounting_elsewhere_keeps_references_working ... ok
verify / linux	UNKNOWN STEP	2026-09-27T07:39:50.6885443Z test mount::tests::tree_rooted_mount_keeps_its_root_in_references ... ok
verify / linux	UNKNOWN STEP	2026-09-27T07:39:50.6886267Z test mount::tests::two_devices_with_the_same_uuid_are_refused ... ok
verify / linux	UNKNOWN STEP	2026-09-27T07:39:50.6887058Z test picker::tests::a_localhost_host_is_not_part_of_the_path ... ok
verify / linux	UNKNOWN STEP	2026-09-27T07:39:50.6887845Z test picker::tests::a_plain_file_uri_becomes_the_path_behind_it ... ok
verify / linux	UNKNOWN STEP	2026-09-27T07:39:50.6888585Z test picker::tests::a_request_says_what_it_wants ... ok
verify / linux	UNKNOWN STEP	2026-09-27T07:39:50.6889311Z test picker::tests::anything_that_is_not_a_local_file_is_refused ... ok
verify / linux	UNKNOWN STEP	2026-09-27T07:39:50.6890100Z test picker::tests::non_ascii_names_come_back_readable ... ok
verify / linux	UNKNOWN STEP	2026-09-27T07:39:50.6890805Z test picker::tests::cancelling_a_dialog_is_not_a_failure ... ok
verify / linux	UNKNOWN STEP	2026-09-27T07:39:50.6896030Z test platform::tests::a_missing_optional_dependency_does_not_make_the_report_fail ... ok
verify / linux	UNKNOWN STEP	2026-09-27T07:39:50.6900605Z test platform::tests::a_required_dependency_that_answers_badly_is_not_reported_as_missing ... ok
verify / linux	UNKNOWN STEP	2026-09-27T07:39:50.6901674Z test platform::tests::a_version_line_becomes_one_plain_line ... ok
verify / linux	UNKNOWN STEP	2026-09-27T07:39:50.6902484Z test platform::tests::an_older_gamescope_is_degraded_not_ready ... ok
verify / linux	UNKNOWN STEP	2026-09-27T07:39:50.6903334Z test platform::tests::kopia_is_an_alternative_not_a_requirement ... ok
verify / linux	UNKNOWN STEP	2026-09-27T07:39:50.6904221Z test platform::tests::os_release_is_read_without_assuming_quotes_and_order ... ok
verify / linux	UNKNOWN STEP	2026-09-27T07:39:50.6905366Z test platform::tests::the_gamescope_version_is_read_out_of_a_noisy_line ... ok
verify / linux	UNKNOWN STEP	2026-09-27T07:39:50.6906232Z test platform::tests::the_install_command_follows_the_distro ... ok
verify / linux	UNKNOWN STEP	2026-09-27T07:39:50.6907131Z test platform::tests::the_wire_shape_is_what_the_settings_page_reads ... ok
verify / linux	UNKNOWN STEP	2026-09-27T07:39:50.6908215Z test process::tests::comm_truncation_counts_bytes_not_characters ... ok
verify / linux	UNKNOWN STEP	2026-09-27T07:39:50.6909040Z test process::tests::command_line_paths_become_unix_paths ... ok
verify / linux	UNKNOWN STEP	2026-09-27T07:39:50.6909897Z test process::tests::descendants_come_from_one_pass_and_keep_their_names ... ok
verify / linux	UNKNOWN STEP	2026-09-27T07:39:50.6910739Z test process::tests::does_not_match_unrelated_processes ... ok
verify / linux	UNKNOWN STEP	2026-09-27T07:39:50.6911432Z test process::tests::matches_truncated_comm_names ... ok
verify / linux	UNKNOWN STEP	2026-09-27T07:39:50.6913798Z test process::tests::matches_wine_style_processes ... ok
verify / linux	UNKNOWN STEP	2026-09-27T07:39:50.6914548Z test process::tests::normalizes_windows_and_unix_paths ... ok
verify / linux	UNKNOWN STEP	2026-09-27T07:39:50.6916651Z test process::tests::plumbing_is_told_apart_from_a_game ... ok
verify / linux	UNKNOWN STEP	2026-09-27T07:39:50.6927397Z test process::tests::a_process_reports_its_own_exe_path ... ok
verify / linux	UNKNOWN STEP	2026-09-27T07:39:50.6990723Z test process::tests::the_pickable_list_keeps_game_shaped_processes_only ... ok
verify / linux	UNKNOWN STEP	2026-09-27T07:39:50.7005202Z test process::tests::the_exe_path_decides_which_game_is_running ... ok
verify / linux	UNKNOWN STEP	2026-09-27T07:39:50.7017917Z test process::tests::waiting_for_a_missing_process_returns_immediately ... ok
verify / linux	UNKNOWN STEP	2026-09-27T07:39:50.7108787Z test process::unix::tests::finds_descendants_and_calls_the_game_one_a_game ... ok
verify / linux	UNKNOWN STEP	2026-09-27T07:39:50.7111003Z test rpc::tests::a_missing_endpoint_is_reported_as_a_connection_error ... ok
verify / linux	UNKNOWN STEP	2026-09-27T07:39:50.7120737Z test rpc::tests::malformed_empty_and_error_responses_are_reported ... ok
verify / linux	UNKNOWN STEP	2026-09-27T07:39:50.7122180Z test scale::action::tests::a_profile_ratio_lands_on_its_ladder_step ... ok
verify / linux	UNKNOWN STEP	2026-09-27T07:39:50.7123464Z test scale::action::tests::one_key_flips_between_the_configured_ratio_and_one_to_one ... ok
verify / linux	UNKNOWN STEP	2026-09-27T07:39:50.7124393Z test scale::action::tests::profile_ratio_is_the_one_the_launch_arguments_encode ... ok
verify / linux	UNKNOWN STEP	2026-09-27T07:39:50.7126556Z test scale::action::tests::the_ladder_starts_at_one_and_stops_at_its_ends ... ok
verify / linux	UNKNOWN STEP	2026-09-27T07:39:50.7127754Z test process::unix::tests::finds_this_test_binary_and_a_spawned_process ... ok
verify / linux	UNKNOWN STEP	2026-09-27T07:39:50.7128786Z test scale::args::tests::a_brand_new_profile_launches_as_a_resizable_window ... ok
verify / linux	UNKNOWN STEP	2026-09-27T07:39:50.7129882Z test scale::args::tests::a_scaling_ratio_wins_over_an_explicit_size ... ok
verify / linux	UNKNOWN STEP	2026-09-27T07:39:50.7130886Z test scale::args::tests::an_empty_profile_opens_at_the_screen_size ... ok
verify / linux	UNKNOWN STEP	2026-09-27T07:39:50.7131947Z test scale::args::tests::an_explicit_size_overrides_the_screen ... ok
verify / linux	UNKNOWN STEP	2026-09-27T07:39:50.7133157Z test scale::args::tests::free_form_arguments_replace_everything_kotori_would_have_built ... ok
verify / linux	UNKNOWN STEP	2026-09-27T07:39:50.7134309Z test scale::args::tests::fsr_uses_the_316_scaler_model ... ok
verify / linux	UNKNOWN STEP	2026-09-27T07:39:50.7135621Z test scale::args::tests::game_command_follows_the_separator_last ... ok
verify / linux	UNKNOWN STEP	2026-09-27T07:39:50.7136700Z test scale::args::tests::integer_scaling_uses_nearest_neighbour ... ok
verify / linux	UNKNOWN STEP	2026-09-27T07:39:50.7137774Z test scale::args::tests::never_emits_the_legacy_mouse_sensitivity_flag ... ok
verify / linux	UNKNOWN STEP	2026-09-27T07:39:50.7138867Z test scale::args::tests::nis_and_bilinear_pick_their_filters ... ok
verify / linux	UNKNOWN STEP	2026-09-27T07:39:50.7139925Z test scale::args::tests::only_an_explicit_game_resolution_emits_w_and_h ... ok
verify / linux	UNKNOWN STEP	2026-09-27T07:39:50.7141030Z test scale::args::tests::optional_flags_are_only_emitted_when_requested ... ok
verify / linux	UNKNOWN STEP	2026-09-27T07:39:50.7142080Z test scale::args::tests::sharpness_polarity_matches_gamescope ... ok
verify / linux	UNKNOWN STEP	2026-09-27T07:39:50.7143186Z test scale::gamescope::tests::an_action_named_for_one_session_ignores_the_others ... ok
verify / linux	UNKNOWN STEP	2026-09-27T07:39:50.7144341Z test scale::teardown::tests::a_missing_process_has_no_wait_channel ... ok
verify / linux	UNKNOWN STEP	2026-09-27T07:39:50.7145741Z test scale::teardown::tests::a_prefix_another_session_still_uses_is_left_alone ... ok
verify / linux	UNKNOWN STEP	2026-09-27T07:39:50.7146921Z test scale::teardown::tests::only_a_wait4_park_counts_as_a_stuck_teardown ... ok
verify / linux	UNKNOWN STEP	2026-09-27T07:39:50.7176272Z test scale::teardown::tests::killing_nothing_is_also_harmless ... ok
verify / linux	UNKNOWN STEP	2026-09-27T07:39:50.7177194Z test scale::x11::probe::tests::a_tiny_or_unrelated_class_is_not_a_match ... ok
verify / linux	UNKNOWN STEP	2026-09-27T07:39:50.7178129Z test scale::x11::probe::tests::a_zero_sized_window_is_not_a_resolution ... ok
verify / linux	UNKNOWN STEP	2026-09-27T07:39:50.7179391Z test scale::x11::probe::tests::an_exe_name_is_recognised_with_or_without_its_extension ... ok
verify / linux	UNKNOWN STEP	2026-09-27T07:39:50.7180379Z test scale::x11::probe::tests::the_biggest_window_wins ... ok
verify / linux	UNKNOWN STEP	2026-09-27T07:39:50.7181254Z test scale::x11::probe::tests::wm_class_splits_on_nuls_and_drops_the_empty_ones ... ok
verify / linux	UNKNOWN STEP	2026-09-27T07:39:50.7182240Z test scale::x11::x11_tests::a_missing_socket_directory_is_not_an_error ... ok
verify / linux	UNKNOWN STEP	2026-09-27T07:39:50.7183408Z test scale::teardown::tests::terminating_nothing_is_instant_and_harmless ... ok
verify / linux	UNKNOWN STEP	2026-09-27T07:39:50.7184362Z test scale::x11::x11_tests::an_empty_socket_directory_finds_nothing ... ok
verify / linux	UNKNOWN STEP	2026-09-27T07:39:50.7185404Z test scale::x11::x11_tests::nearest_and_bilinear_pick_a_scaler_too ... ok
verify / linux	UNKNOWN STEP	2026-09-27T07:39:50.7185963Z test scale::x11::x11_tests::runtime_settings_match_the_launch_arguments ... ok
verify / linux	UNKNOWN STEP	2026-09-27T07:39:50.7192596Z test scale::x11::x11_tests::sharpness_stops_at_gamescopes_limits ... ok
verify / linux	UNKNOWN STEP	2026-09-27T07:39:50.7193707Z test scale::x11::x11_tests::socket_names_are_read_and_sorted ... ok
verify / linux	UNKNOWN STEP	2026-09-27T07:39:50.7195129Z test scale::x11::x11_tests::toggling_fsr_twice_comes_back_to_where_it_started ... ok
verify / linux	UNKNOWN STEP	2026-09-27T07:39:50.7196410Z test scale::x11::x11_tests::toggling_nis_is_the_same_shape ... ok
verify / linux	UNKNOWN STEP	2026-09-27T07:39:50.7197555Z test scale::x11::x11_tests::unknown_filter_values_are_reported_not_guessed ... ok
verify / linux	UNKNOWN STEP	2026-09-27T07:39:50.7198836Z test secrets::encrypted::encrypted_tests::a_missing_file_reads_as_locked_rather_than_corrupt ... ok
verify / linux	UNKNOWN STEP	2026-09-27T07:39:50.7200501Z test secrets::encrypted::encrypted_tests::a_short_password_is_refused_before_anything_is_written ... ok
verify / linux	UNKNOWN STEP	2026-09-27T07:39:50.7394160Z test secrets::encrypted::encrypted_tests::a_round_trip_keeps_every_value_exactly ... ok
verify / linux	UNKNOWN STEP	2026-09-27T07:39:50.7546452Z test secrets::encrypted::encrypted_tests::a_wrong_password_is_refused_and_leaves_the_store_locked ... ok
verify / linux	UNKNOWN STEP	2026-09-27T07:39:50.7548083Z test secrets::encrypted::encrypted_tests::hex_round_trips_and_rejects_nonsense ... ok
verify / linux	UNKNOWN STEP	2026-09-27T07:39:50.7606058Z test secrets::encrypted::encrypted_tests::every_write_uses_a_fresh_nonce ... ok
verify / linux	UNKNOWN STEP	2026-09-27T07:39:50.8269470Z test secrets::encrypted::encrypted_tests::locking_forgets_the_key_but_not_the_data ... ok
verify / linux	UNKNOWN STEP	2026-09-27T07:39:50.8491790Z test secrets::encrypted::encrypted_tests::rekeying_replaces_the_password ... ok
verify / linux	UNKNOWN STEP	2026-09-27T07:39:50.8671065Z test secrets::encrypted::encrypted_tests::the_file_contains_no_sign_of_the_secrets ... ok
verify / linux	UNKNOWN STEP	2026-09-27T07:39:50.8726638Z test display::tests::a_probe_that_never_answers_is_killed_and_read_as_no_answer ... ok
verify / linux	UNKNOWN STEP	2026-09-27T07:39:50.8729483Z test secrets::plain::tests::a_corrupt_file_is_an_error_not_an_empty_store ... ok
verify / linux	UNKNOWN STEP	2026-09-27T07:39:50.8746695Z test secrets::plain::tests::a_round_trip_keeps_every_value_exactly ... ok
verify / linux	UNKNOWN STEP	2026-09-27T07:39:50.8757107Z test secrets::plain::tests::the_file_is_private_from_the_moment_it_exists ... ok
verify / linux	UNKNOWN STEP	2026-09-27T07:39:50.8792995Z test secrets::tests::a_healthy_backend_answers_the_probe_without_finding_anything ... ok
verify / linux	UNKNOWN STEP	2026-09-27T07:39:50.8847952Z test secrets::tests::a_keyring_that_shows_up_takes_over_the_plaintext_file ... ok
verify / linux	UNKNOWN STEP	2026-09-27T07:39:50.8858229Z test secrets::tests::a_machine_without_a_keyring_falls_back_to_a_private_plain_file ... ok
verify / linux	UNKNOWN STEP	2026-09-27T07:39:50.8859562Z test secrets::tests::a_machine_without_a_keyring_keeps_secrets_in_memory_only ... ok
verify / linux	UNKNOWN STEP	2026-09-27T07:39:50.8873329Z test secrets::encrypted::encrypted_tests::tampering_with_the_parameters_or_the_payload_is_detected ... ok
verify / linux	UNKNOWN STEP	2026-09-27T07:39:50.8878588Z test secrets::tests::a_portable_config_never_reaches_for_the_system_keyring ... ok
verify / linux	UNKNOWN STEP	2026-09-27T07:39:50.8932219Z test secrets::tests::a_running_keyring_wins_over_the_plaintext_file ... ok
verify / linux	UNKNOWN STEP	2026-09-27T07:39:50.8967756Z test secrets::tests::an_installed_but_dead_backend_is_not_mistaken_for_a_working_one ... ok
verify / linux	UNKNOWN STEP	2026-09-27T07:39:50.8970328Z test secrets::tests::every_hint_has_something_to_say ... ok
verify / linux	UNKNOWN STEP	2026-09-27T07:39:50.8972623Z test secrets::tests::missing_backend_is_reported_instead_of_falling_back_to_plaintext ... ok
verify / linux	UNKNOWN STEP	2026-09-27T07:39:50.9042832Z test secrets::tests::round_trips_a_secret_through_the_keyring ... ok
verify / linux	UNKNOWN STEP	2026-09-27T07:39:50.9105818Z test secrets::tests::secrets_are_stored_under_distinct_accounts ... ok
verify / linux	UNKNOWN STEP	2026-09-27T07:39:50.9107055Z test secrets::tests::system_detection_reports_what_is_on_this_machine ... ok
verify / linux	UNKNOWN STEP	2026-09-27T07:39:50.9108164Z test secrets::tests::the_store_describes_itself_honestly ... ok
verify / linux	UNKNOWN STEP	2026-09-27T07:39:50.9109451Z test sync::archive::tests::a_manifest_from_a_newer_kotori_is_refused_rather_than_guessed ... ok
verify / linux	UNKNOWN STEP	2026-09-27T07:39:50.9112473Z test sync::archive::tests::a_manual_restore_lays_the_whole_package_back_down ... ok
verify / linux	UNKNOWN STEP	2026-09-27T07:39:50.9125471Z test sync::archive::tests::a_member_over_the_file_limit_is_refused ... ok
verify / linux	UNKNOWN STEP	2026-09-27T07:39:50.9131984Z test sync::archive::tests::a_package_over_the_total_byte_limit_is_refused ... ok
verify / linux	UNKNOWN STEP	2026-09-27T07:39:50.9134560Z test sync::archive::tests::a_package_that_tries_to_escape_its_directory_is_refused ... ok
verify / linux	UNKNOWN STEP	2026-09-27T07:39:50.9142902Z test sync::archive::tests::a_package_with_too_many_members_is_refused ... ok
verify / linux	UNKNOWN STEP	2026-09-27T07:39:50.9161711Z test secrets::encrypted::encrypted_tests::writing_replaces_the_contents_without_losing_the_password ... ok
verify / linux	UNKNOWN STEP	2026-09-27T07:39:50.9166143Z test sync::archive::tests::a_packed_save_comes_back_with_its_contents_and_its_times ... ok
verify / linux	UNKNOWN STEP	2026-09-27T07:39:50.9167183Z test sync::archive::tests::an_automatic_pull_never_overwrites_a_newer_local_save ... ok
verify / linux	UNKNOWN STEP	2026-09-27T07:39:50.9169482Z test sync::archive::tests::packing_reports_locations_that_are_not_on_this_machine ... ok
verify / linux	UNKNOWN STEP	2026-09-27T07:39:50.9172309Z test sync::archive::tests::exclusions_still_work_without_rclone ... ok
verify / linux	UNKNOWN STEP	2026-09-27T07:39:50.9174448Z test secrets::tests::an_encrypted_file_wins_over_a_running_keyring ... ok
verify / linux	UNKNOWN STEP	2026-09-27T07:39:50.9178857Z test sync::cloud::cloud_tests::a_fingerprint_finds_the_identity_it_belongs_to ... ok
verify / linux	UNKNOWN STEP	2026-09-27T07:39:50.9180364Z test sync::cloud::cloud_tests::an_identity_card_round_trips_and_tolerates_missing_optional_fields ... ok
verify / linux	UNKNOWN STEP	2026-09-27T07:39:50.9181752Z test sync::cloud::cloud_tests::an_identity_keeps_one_entry_per_machine_and_only_appends ... ok
verify / linux	UNKNOWN STEP	2026-09-27T07:39:50.9183075Z test sync::cloud::cloud_tests::an_identity_survives_the_round_trip_into_a_manifest ... ok
verify / linux	UNKNOWN STEP	2026-09-27T07:39:50.9184304Z test sync::archive::tests::the_same_file_written_twice_is_compared_by_size ... ok
verify / linux	UNKNOWN STEP	2026-09-27T07:39:50.9185672Z test sync::cloud::cloud_tests::directory_listings_become_usable_names ... ok
verify / linux	UNKNOWN STEP	2026-09-27T07:39:50.9186839Z test sync::cloud::cloud_tests::only_the_same_identity_may_touch_local_saves ... ok
verify / linux	UNKNOWN STEP	2026-09-27T07:39:50.9188189Z test sync::engine::diagnostics::tests::rclone_failures_are_explained_in_terms_of_what_to_check ... ok
verify / linux	UNKNOWN STEP	2026-09-27T07:39:50.9189566Z test sync::engine::kopia::kopia_tests::kopia_failures_are_explained_and_deprecation_noise_is_dropped ... ok
verify / linux	UNKNOWN STEP	2026-09-27T07:39:50.9191006Z test sync::engine::kopia::kopia_tests::the_default_password_is_the_one_every_machine_shares ... ok
verify / linux	UNKNOWN STEP	2026-09-27T07:39:50.9192360Z test sync::engine::kopia::kopia_tests::a_changed_endpoint_is_a_different_connection ... ok
verify / linux	UNKNOWN STEP	2026-09-27T07:39:50.9193360Z test sync::engine::kopia_args::tests::a_snapshot_is_marked_with_our_own_version_name_and_a_game_tag ... ok
verify / linux	UNKNOWN STEP	2026-09-27T07:39:50.9195000Z test sync::engine::kopia_args::tests::creating_and_connecting_differ_only_in_the_subcommand ... ok
verify / linux	UNKNOWN STEP	2026-09-27T07:39:50.9196172Z test sync::engine::kopia_args::tests::deleting_a_snapshot_says_it_out_loud ... ok
verify / linux	UNKNOWN STEP	2026-09-27T07:39:50.9197403Z test sync::engine::kopia_args::tests::listing_asks_for_every_machine_not_just_this_one ... ok
verify / linux	UNKNOWN STEP	2026-09-27T07:39:50.9198766Z test sync::engine::kopia_args::tests::the_identity_snapshot_is_marked_as_identity_and_never_looks_like_a_version ... ok
verify / linux	UNKNOWN STEP	2026-09-27T07:39:50.9200224Z test sync::engine::kopia_args::tests::the_repository_lives_beside_the_rclone_packages_never_on_top_of_them ... ok
verify / linux	UNKNOWN STEP	2026-09-27T07:39:50.9201467Z test sync::engine::kopia_parse::tests::broken_json_is_reported_not_swallowed ... ok
verify / linux	UNKNOWN STEP	2026-09-27T07:39:50.9202734Z test sync::engine::kopia_parse::tests::cloud_games_come_from_the_game_tag_and_identity_snapshots_are_not_versions ... ok
verify / linux	UNKNOWN STEP	2026-09-27T07:39:50.9204304Z test sync::engine::kopia_parse::tests::identity_snapshots_are_never_counted_as_versions ... ok
verify / linux	UNKNOWN STEP	2026-09-27T07:39:50.9206065Z test sync::engine::kopia_parse::tests::every_identity_snapshot_of_one_game_is_found_not_just_the_newest ... ok
verify / linux	UNKNOWN STEP	2026-09-27T07:39:50.9207320Z test sync::engine::kopia_parse::tests::only_snapshots_we_named_ourselves_are_ours ... ok
verify / linux	UNKNOWN STEP	2026-09-27T07:39:50.9209522Z test sync::engine::tests::a_real_kopia_repository_is_visible_from_another_machine ... ignored, 需要真 kopia：设 KOTORI_KOPIA 指向它再跑 --ignored
verify / linux	UNKNOWN STEP	2026-09-27T07:39:50.9211587Z test sync::engine::tests::a_real_kopia_repository_keeps_the_identity_card_beside_the_saves ... ignored, 需要真 kopia：设 KOTORI_KOPIA 指向它再跑 --ignored
verify / linux	UNKNOWN STEP	2026-09-27T07:39:50.9213485Z test sync::engine::tests::a_real_kopia_repository_keeps_two_games_apart ... ignored, 需要真 kopia：设 KOTORI_KOPIA 指向它再跑 --ignored
verify / linux	UNKNOWN STEP	2026-09-27T07:39:50.9215444Z test sync::engine::tests::a_real_kopia_repository_round_trips_a_save ... ignored, 需要真 kopia：设 KOTORI_KOPIA 指向它再跑 --ignored
verify / linux	UNKNOWN STEP	2026-09-27T07:39:50.9216909Z test sync::engine::kopia_parse::tests::version_infos_carry_the_size_and_the_moment_of_each_version ... ok
verify / linux	UNKNOWN STEP	2026-09-27T07:39:50.9218106Z test sync::engine::tests::the_backend_is_whichever_engine_the_settings_name ... ok
verify / linux	UNKNOWN STEP	2026-09-27T07:39:50.9219176Z test sync::executables::tests::a_directory_or_a_file_both_point_at_the_program ... ok
verify / linux	UNKNOWN STEP	2026-09-27T07:39:50.9220515Z test sync::executables::tests::a_configured_path_with_nothing_in_it_says_so ... ok
verify / linux	UNKNOWN STEP	2026-09-27T07:39:50.9221519Z test sync::executables::tests::an_empty_setting_is_not_a_location ... ok
verify / linux	UNKNOWN STEP	2026-09-27T07:39:50.9222471Z test sync::executables::tests::a_windows_style_name_is_found_too ... ok
verify / linux	UNKNOWN STEP	2026-09-27T07:39:50.9223574Z test sync::executables::tests::a_program_beside_kotori_is_found_with_or_without_the_exe_suffix ... ok
verify / linux	UNKNOWN STEP	2026-09-27T07:39:50.9224982Z test sync::executables::tests::nothing_beside_kotori_means_none ... ok
verify / linux	UNKNOWN STEP	2026-09-27T07:39:50.9226018Z test sync::fingerprint::tests::a_file_that_cannot_be_read_has_no_fingerprint ... ok
verify / linux	UNKNOWN STEP	2026-09-27T07:39:50.9227155Z test sync::fingerprint::tests::the_fingerprint_says_what_it_is_and_how_big ... ok
verify / linux	UNKNOWN STEP	2026-09-27T07:39:50.9228317Z test sync::index::index_tests::a_bundle_merges_its_deltas_and_remembers_what_it_swallowed ... ok
verify / linux	UNKNOWN STEP	2026-09-27T07:39:50.9229484Z test sync::index::index_tests::a_delta_is_a_whole_index_without_any_merge_history ... ok
verify / linux	UNKNOWN STEP	2026-09-27T07:39:50.9230788Z test sync::fingerprint::tests::filling_missing_fingerprints_touches_only_the_ones_without_one ... ok
verify / linux	UNKNOWN STEP	2026-09-27T07:39:50.9232078Z test sync::index::index_tests::a_fingerprint_finds_its_entry_and_says_how_many_it_found ... ok
verify / linux	UNKNOWN STEP	2026-09-27T07:39:50.9233265Z test sync::index::index_tests::a_later_write_does_not_erase_the_other_machines_record ... ok
verify / linux	UNKNOWN STEP	2026-09-27T07:39:50.9234450Z test sync::index::index_tests::a_multibyte_delta_name_is_rejected_instead_of_panicking ... ok
verify / linux	UNKNOWN STEP	2026-09-27T07:39:50.9236104Z test sync::index::index_tests::an_unknown_format_version_is_not_guessed_at ... ok
verify / linux	UNKNOWN STEP	2026-09-27T07:39:50.9237439Z test sync::index::index_tests::absorbing_deltas_reports_what_it_swallowed ... ok
verify / linux	UNKNOWN STEP	2026-09-27T07:39:50.9238686Z test sync::index::index_tests::every_timestamp_is_the_same_width_so_string_order_is_time_order ... ok
verify / linux	UNKNOWN STEP	2026-09-27T07:39:50.9239980Z test sync::index::index_tests::merging_keeps_one_entry_per_identity_and_lets_the_newer_one_win ... ok
verify / linux	UNKNOWN STEP	2026-09-27T07:39:50.9241129Z test sync::index::index_tests::only_our_own_format_counts_as_supported ... ok
verify / linux	UNKNOWN STEP	2026-09-27T07:39:50.9242217Z test sync::index_cache::tests::a_cache_holding_a_future_index_format_is_not_served ... ok
verify / linux	UNKNOWN STEP	2026-09-27T07:39:50.9243725Z test sync::index_cache::tests::a_broken_or_unknown_cache_is_treated_as_missing ... ok
verify / linux	UNKNOWN STEP	2026-09-27T07:39:50.9245506Z test sync::index_cache::tests::a_cached_index_round_trips_with_its_signature ... ok
verify / linux	UNKNOWN STEP	2026-09-27T07:39:50.9246573Z test sync::index_cache::tests::an_empty_cloud_is_remembered_too ... ok
verify / linux	UNKNOWN STEP	2026-09-27T07:39:50.9247552Z test sync::matching::tests::any_of_the_fingerprints_counts_as_a_hit ... ok
verify / linux	UNKNOWN STEP	2026-09-27T07:39:50.9248781Z test sync::index_cache::tests::another_target_never_reads_this_target_s_cache ... ok
verify / linux	UNKNOWN STEP	2026-09-27T07:39:50.9249846Z test sync::matching::tests::owners_count_identities_not_machines ... ok
verify / linux	UNKNOWN STEP	2026-09-27T07:39:50.9250803Z test sync::matching::tests::shared_parents_counts_the_overlap ... ok
verify / linux	UNKNOWN STEP	2026-09-27T07:39:50.9251695Z test sync::matching::tests::the_strongest_likeness_wins ... ok
verify / linux	UNKNOWN STEP	2026-09-27T07:39:50.9252680Z test sync::pairing::tests::a_likeness_that_is_not_a_fingerprint_always_asks ... ok
verify / linux	UNKNOWN STEP	2026-09-27T07:39:50.9253802Z test sync::pairing::tests::a_local_game_already_claimed_elsewhere_is_not_stolen ... ok
verify / linux	UNKNOWN STEP	2026-09-27T07:39:50.9255076Z test sync::pairing::tests::a_rejected_pairing_is_never_suggested_again ... ok
verify / linux	UNKNOWN STEP	2026-09-27T07:39:50.9256111Z test sync::pairing::tests::an_identity_already_bound_stays_bound ... ok
verify / linux	UNKNOWN STEP	2026-09-27T07:39:50.9257109Z test sync::pairing::tests::one_fingerprint_hit_binds_itself_and_two_ask ... ok
verify / linux	UNKNOWN STEP	2026-09-27T07:39:50.9258210Z test sync::pairing::tests::one_identity_seen_by_two_machines_is_still_one_identity ... ok
verify / linux	UNKNOWN STEP	2026-09-27T07:39:50.9259282Z test sync::rclone_args::tests::a_transfer_is_one_object_each_way ... ok
verify / linux	UNKNOWN STEP	2026-09-27T07:39:50.9260373Z test sync::rclone_args::tests::listing_asks_for_files_only_and_deleting_names_one_object ... ok
verify / linux	UNKNOWN STEP	2026-09-27T07:39:50.9261529Z test sync::rclone_env::tests::an_endpoint_override_reaches_rclone_verbatim ... ok
verify / linux	UNKNOWN STEP	2026-09-27T07:39:50.9262612Z test sync::rclone_env::tests::credentials_travel_in_the_environment_not_a_file ... ok
verify / linux	UNKNOWN STEP	2026-09-27T07:39:50.9263896Z test sync::remote_paths::tests::a_parent_dir_is_the_second_to_last_segment ... ok
verify / linux	UNKNOWN STEP	2026-09-27T07:39:50.9265154Z test sync::remote_paths::tests::remote_paths_are_built_from_the_prefix ... ok
verify / linux	UNKNOWN STEP	2026-09-27T07:39:50.9266183Z test sync::remote_paths::tests::save_keys_are_stable_and_readable ... ok
verify / linux	UNKNOWN STEP	2026-09-27T07:39:50.9446573Z test sync::fingerprint::tests::the_two_megabyte_boundary_does_not_double_count_bytes ... ok
verify / linux	UNKNOWN STEP	2026-09-27T07:39:51.1144143Z test sync::runner::identity::tests::a_first_upload_mints_one_identity_and_writes_the_card ... ok
verify / linux	UNKNOWN STEP	2026-09-27T07:39:51.1320955Z test sync::runner::identity::tests::a_claimed_identity_is_sticky_even_when_the_fingerprint_changes ... ok
verify / linux	UNKNOWN STEP	2026-09-27T07:39:51.1339479Z test sync::runner::identity::tests::a_directory_taken_by_another_identity_gets_a_suffix_not_a_second_helping ... ok
verify / linux	UNKNOWN STEP	2026-09-27T07:39:51.1341146Z test sync::runner::index_tests::a_delta_name_that_carries_a_slash_never_lands_in_the_bucket ... ok
verify / linux	UNKNOWN STEP	2026-09-27T07:39:51.1475890Z test sync::runner::identity::tests::a_second_machine_adopts_the_identity_its_fingerprint_points_at ... ok
verify / linux	UNKNOWN STEP	2026-09-27T07:39:51.1638474Z test sync::runner::index_tests::an_index_that_was_never_written_reads_as_nothing_at_all ... ok
verify / linux	UNKNOWN STEP	2026-09-27T07:39:51.1648234Z test sync::runner::index_tests::a_stray_object_in_the_log_directory_is_never_read ... ok
verify / linux	UNKNOWN STEP	2026-09-27T07:39:51.1649689Z test sync::runner::index_tests::the_bundle_view_is_the_union_of_the_snapshot_and_its_deltas ... ok
verify / linux	UNKNOWN STEP	2026-09-27T07:39:51.1816702Z test sync::runner::index_tests::a_corrupt_index_is_treated_as_missing_and_can_be_rebuilt ... ok
verify / linux	UNKNOWN STEP	2026-09-27T07:39:51.1896973Z test sync::runner::index_tests::one_machine_writes_the_index_and_another_reads_it_without_touching_any_card ... ok
verify / linux	UNKNOWN STEP	2026-09-27T07:39:51.1917870Z test daemon::sync_rpc::tests::sync_status_does_not_hold_the_config_lock_across_its_await ... ok
verify / linux	UNKNOWN STEP	2026-09-27T07:39:51.1963682Z test sync::runner::pull::tests::a_game_the_cloud_has_never_seen_is_not_an_error ... ok
verify / linux	UNKNOWN STEP	2026-09-27T07:39:51.2014120Z test sync::runner::pull::tests::a_location_the_package_does_not_cover_is_reported_separately ... ok
verify / linux	UNKNOWN STEP	2026-09-27T07:39:51.2046149Z test sync::runner::pull::tests::a_package_that_cannot_be_fetched_says_so_instead_of_pretending_there_is_none ... ok
verify / linux	UNKNOWN STEP	2026-09-27T07:39:51.2106495Z test sync::runner::pull::tests::a_pull_before_this_machine_claimed_an_identity_is_skipped ... ok
verify / linux	UNKNOWN STEP	2026-09-27T07:39:51.2123306Z test sync::runner::index_tests::the_union_keeps_what_each_machine_knows_about_the_same_game ... ok
verify / linux	UNKNOWN STEP	2026-09-27T07:39:51.2124545Z test sync::runner::pull::tests::a_pull_brings_back_files_the_cloud_has_newer_versions_of ... ok
verify / linux	UNKNOWN STEP	2026-09-27T07:39:51.2196392Z test sync::runner::pull::tests::a_pull_from_another_identity_touches_nothing ... ok
verify / linux	UNKNOWN STEP	2026-09-27T07:39:51.2216451Z test sync::runner::pull::tests::a_pull_refuses_a_package_without_any_identity ... ok
verify / linux	UNKNOWN STEP	2026-09-27T07:39:51.2246305Z test sync::runner::pull::tests::a_pull_takes_the_newest_package_and_leaves_newer_local_files_alone ... ok
verify / linux	UNKNOWN STEP	2026-09-27T07:39:51.2265551Z test sync::runner::restore::tests::a_bogus_version_name_is_refused_before_anything_is_touched ... ok
verify / linux	UNKNOWN STEP	2026-09-27T07:39:51.2295133Z test sync::runner::restore::tests::extra_local_files_are_listed_and_never_deleted ... ok
verify / linux	UNKNOWN STEP	2026-09-27T07:39:51.2296806Z test sync::runner::restore::tests::restoring_lays_the_package_down_over_whatever_is_local ... ok
verify / linux	UNKNOWN STEP	2026-09-27T07:39:51.2298341Z test sync::runner::restore::tests::restoring_another_identity_is_refused_and_touches_nothing ... ok
verify / linux	UNKNOWN STEP	2026-09-27T07:39:51.2380216Z test sync::runner::restore::tests::retention_keeps_everything_unless_the_user_asked_otherwise ... ok
verify / linux	UNKNOWN STEP	2026-09-27T07:39:51.2384901Z test sync::runner::restore::tests::retention_only_ever_deletes_our_own_old_packages ... ok
verify / linux	UNKNOWN STEP	2026-09-27T07:39:51.2386338Z test sync::runner::staging::tests::stale_stage_directories_are_swept_and_others_are_left_alone ... ok
verify / linux	UNKNOWN STEP	2026-09-27T07:39:51.2390121Z test sync::runner::staging::tests::sweeping_a_directory_that_was_never_created_is_not_an_error ... ok
verify / linux	UNKNOWN STEP	2026-09-27T07:39:51.2391850Z test sync::runner::restore::tests::restoring_without_a_version_takes_the_newest_package ... ok
verify / linux	UNKNOWN STEP	2026-09-27T07:39:51.2414116Z test sync::runner::tests::a_disabled_sync_config_is_refused ... ok
verify / linux	UNKNOWN STEP	2026-09-27T07:39:51.2417975Z test sync::runner::tests::a_missing_endpoint_means_rclone_picks_one ... ok
verify / linux	UNKNOWN STEP	2026-09-27T07:39:51.2433751Z test sync::runner::tests::missing_credentials_stop_the_run_before_rclone_is_started ... ok
verify / linux	UNKNOWN STEP	2026-09-27T07:39:51.2468691Z test sync::runner::tests::credentials_reach_rclone_through_the_environment_only ... ok
verify / linux	UNKNOWN STEP	2026-09-27T07:39:51.2527282Z test sync::runner::tests::the_scratch_directory_is_cleaned_up_even_after_a_failure ... ok
verify / linux	UNKNOWN STEP	2026-09-27T07:39:51.2536305Z test sync::runner::upload::tests::a_failed_transfer_is_named_and_leaves_the_old_packages_alone ... ok
verify / linux	UNKNOWN STEP	2026-09-27T07:39:51.2553421Z test sync::runner::tests::the_newest_package_is_the_largest_name ... ok
verify / linux	UNKNOWN STEP	2026-09-27T07:39:51.2557461Z test sync::runner::upload::tests::a_location_that_does_not_exist_locally_is_reported_not_ignored ... ok
verify / linux	UNKNOWN STEP	2026-09-27T07:39:51.2586635Z test sync::runner::index_tests::two_machines_writing_at_once_never_lose_an_entry ... ok
verify / linux	UNKNOWN STEP	2026-09-27T07:39:51.2600194Z test sync::save_targets::tests::save_locations_resolve_to_this_machines_directories ... ok
verify / linux	UNKNOWN STEP	2026-09-27T07:39:51.2608110Z test sync::save_targets::tests::syncing_the_filesystem_root_is_refused ... ok
verify / linux	UNKNOWN STEP	2026-09-27T07:39:51.2609347Z test sync::save_targets::tests::two_locations_sharing_a_cloud_key_are_refused ... ok
verify / linux	UNKNOWN STEP	2026-09-27T07:39:51.2610600Z test sync::selfcheck::tests::a_confirmation_without_an_identity_does_not_count ... ok
verify / linux	UNKNOWN STEP	2026-09-27T07:39:51.2611848Z test sync::selfcheck::tests::a_confirmed_game_is_not_scanned_again ... ok
verify / linux	UNKNOWN STEP	2026-09-27T07:39:51.2613059Z test sync::selfcheck::tests::a_fingerprint_hit_wins_over_an_unrelated_conclusion ... ok
verify / linux	UNKNOWN STEP	2026-09-27T07:39:51.2614497Z test sync::selfcheck::tests::a_game_that_answered_new_is_not_asked_again_nor_scanned ... ok
verify / linux	UNKNOWN STEP	2026-09-27T07:39:51.2615942Z test sync::selfcheck::tests::a_game_whose_switch_is_off_is_never_asked_about ... ok
verify / linux	UNKNOWN STEP	2026-09-27T07:39:51.2616957Z test sync::selfcheck::tests::a_game_without_a_fingerprint_is_asked_instead_of_guessed ... ok
verify / linux	UNKNOWN STEP	2026-09-27T07:39:51.2617985Z test sync::runner::upload::tests::one_missing_location_does_not_hold_back_the_others ... ok
verify / linux	UNKNOWN STEP	2026-09-27T07:39:51.2619118Z test sync::selfcheck::tests::another_target_makes_the_conclusion_stale_and_the_fingerprint_decides ... ok
verify / linux	UNKNOWN STEP	2026-09-27T07:39:51.2620238Z test sync::selfcheck::tests::many_hits_ask_once_and_carry_the_best_one ... ok
verify / linux	UNKNOWN STEP	2026-09-27T07:39:51.2621050Z test sync::selfcheck::tests::no_target_means_nothing_to_do ... ok
verify / linux	UNKNOWN STEP	2026-09-27T07:39:51.2622140Z test sync::selfcheck::tests::re_enabling_a_game_that_was_switched_off_creates_a_new_identity_silently ... ok
verify / linux	UNKNOWN STEP	2026-09-27T07:39:51.2623054Z test sync::signature::tests::a_conclusion_round_trips_and_keeps_its_kind ... ok
verify / linux	UNKNOWN STEP	2026-09-27T07:39:51.2623577Z test sync::signature::tests::a_target_without_a_bucket_has_no_signature ... ok
verify / linux	UNKNOWN STEP	2026-09-27T07:39:51.2624469Z test sync::signature::tests::engine_bucket_and_prefix_are_all_part_of_the_target ... ok
verify / linux	UNKNOWN STEP	2026-09-27T07:39:51.2626034Z test sync::signature::tests::the_same_target_written_differently_has_the_same_signature ... ok
verify / linux	UNKNOWN STEP	2026-09-27T07:39:51.2626993Z test sync::snapshots::tests::a_stamp_turns_into_the_moment_it_names ... ok
verify / linux	UNKNOWN STEP	2026-09-27T07:39:51.2627945Z test sync::snapshots::tests::retention_ignores_anything_that_is_not_a_snapshot ... ok
verify / linux	UNKNOWN STEP	2026-09-27T07:39:51.2628909Z test sync::snapshots::tests::retention_keeps_everything_by_default ... ok
verify / linux	UNKNOWN STEP	2026-09-27T07:39:51.2629840Z test sync::snapshots::tests::retention_removes_only_the_oldest_snapshots ... ok
verify / linux	UNKNOWN STEP	2026-09-27T07:39:51.2642545Z test sync::snapshots::tests::two_uploads_in_the_same_second_are_still_ordered ... ok
verify / linux	UNKNOWN STEP	2026-09-27T07:39:51.2643570Z test sync::snapshots::tests::version_stamps_sort_chronologically ... ok
verify / linux	UNKNOWN STEP	2026-09-27T07:39:51.2644560Z test sync::validate::tests::refuses_incomplete_settings ... ok
verify / linux	UNKNOWN STEP	2026-09-27T07:39:51.2648127Z test sync::versions::tests::lsjson_becomes_versions_with_their_sizes ... ok
verify / linux	UNKNOWN STEP	2026-09-27T07:39:51.2650726Z test sync::versions::tests::strangers_in_the_bucket_are_never_shown_as_versions ... ok
verify / linux	UNKNOWN STEP	2026-09-27T07:39:51.2651766Z test ui::app::tests::a_late_save_never_touches_another_games_draft ... ok
verify / linux	UNKNOWN STEP	2026-09-27T07:39:51.2652677Z test sync::runner::upload::tests::upload_sends_the_whole_game_as_one_package ... ok
verify / linux	UNKNOWN STEP	2026-09-27T07:39:51.2653730Z test ui::app::tests::a_late_status_reply_never_eats_what_the_user_typed ... ok
verify / linux	UNKNOWN STEP	2026-09-27T07:39:51.2655008Z test ui::app::tests::a_service_that_is_alive_again_clears_the_stopped_flag ... ok
verify / linux	UNKNOWN STEP	2026-09-27T07:39:51.2655925Z test ui::app::tests::an_inferred_mount_lands_in_the_add_form ... ok
verify / linux	UNKNOWN STEP	2026-09-27T07:39:51.2656782Z test ui::app::tests::an_inferred_mount_lands_in_the_draft_without_saving ... ok
verify / linux	UNKNOWN STEP	2026-09-27T07:39:51.2657723Z test ui::app::tests::an_unsaved_path_edit_is_dropped_when_leaving_the_page ... ok
verify / linux	UNKNOWN STEP	2026-09-27T07:39:51.2658601Z test ui::app::tests::picking_an_engine_submits_it_in_the_same_click ... ok
verify / linux	UNKNOWN STEP	2026-09-27T07:39:51.2659458Z test ui::app::tests::saving_consumes_the_secrets_it_was_given_and_no_more ... ok
verify / linux	UNKNOWN STEP	2026-09-27T07:39:51.2660365Z test ui::app::tests::stopping_the_service_by_hand_is_not_undone_by_the_ui ... ok
verify / linux	UNKNOWN STEP	2026-09-27T07:39:51.2661226Z test ui::app::tests::switching_games_mid_save_still_persists_the_new_edits ... ok
verify / linux	UNKNOWN STEP	2026-09-27T07:39:51.2662186Z test ui::app::tests::switching_the_engine_leaves_unsaved_edits_alone ... ok
verify / linux	UNKNOWN STEP	2026-09-27T07:39:51.2663120Z test ui::app::tests::the_latest_edit_is_the_one_that_gets_saved ... ok
verify / linux	UNKNOWN STEP	2026-09-27T07:39:51.2664006Z test ui::app::tests::the_path_button_sends_the_path_group ... ok
verify / linux	UNKNOWN STEP	2026-09-27T07:39:51.2681377Z test ui::app::tests::the_run_button_stops_a_running_game_instead_of_launching_it_again ... ok
verify / linux	UNKNOWN STEP	2026-09-27T07:39:51.2689911Z test ui::app::tests_detail::a_late_wine_status_reply_does_not_clobber_a_typed_prefix ... ok
verify / linux	UNKNOWN STEP	2026-09-27T07:39:51.2691146Z test ui::app::tests_detail::a_pick_request_says_what_kind_of_thing_it_wants ... ok
verify / linux	UNKNOWN STEP	2026-09-27T07:39:51.2693171Z test ui::app::tests_detail::a_picked_path_lands_on_its_own_field_and_asks_where_the_disk_is ... ok
verify / linux	UNKNOWN STEP	2026-09-27T07:39:51.2694993Z test ui::app::tests_detail::an_empty_name_and_dir_are_filled_in_from_the_exe_on_submit ... ok
verify / linux	UNKNOWN STEP	2026-09-27T07:39:51.2696310Z test ui::app::tests_detail::browsing_is_refused_when_the_machine_has_no_dialog ... ok
verify / linux	UNKNOWN STEP	2026-09-27T07:39:51.2697438Z test ui::app::tests_detail::browsing_for_an_exe_fills_the_dir_and_the_name_too ... ok
verify / linux	UNKNOWN STEP	2026-09-27T07:39:51.2698631Z test ui::app::tests_detail::deleting_the_master_file_needs_the_confirmation_it_asked_for ... ok
verify / linux	UNKNOWN STEP	2026-09-27T07:39:51.2699902Z test ui::app::tests_detail::deleting_a_credential_takes_effect_at_once_and_says_so ... ok
verify / linux	UNKNOWN STEP	2026-09-27T07:39:51.2701245Z test ui::app::tests_detail::nothing_is_saved_while_only_memory_is_available ... ok
verify / linux	UNKNOWN STEP	2026-09-27T07:39:51.2704212Z test ui::app::tests_detail::reset_goes_back_to_the_stored_settings ... ok
verify / linux	UNKNOWN STEP	2026-09-27T07:39:51.2705731Z test ui::app::tests_detail::testing_the_connection_says_something_right_away ... ok
verify / linux	UNKNOWN STEP	2026-09-27T07:39:51.2706999Z test ui::app::tests_detail::the_followed_process_name_is_part_of_the_draft ... ok
verify / linux	UNKNOWN STEP	2026-09-27T07:39:51.2708394Z test ui::app::tests_detail::the_save_message_names_the_store_that_actually_holds_the_credentials ... ok
verify / linux	UNKNOWN STEP	2026-09-27T07:39:51.2709512Z test ui::backend::tests::an_unrelated_failure_is_not_a_graphics_failure ... ok
verify / linux	UNKNOWN STEP	2026-09-27T07:39:51.2710463Z test ui::backend::tests::the_opengl_failure_we_actually_hit_is_recognised ... ok
verify / linux	UNKNOWN STEP	2026-09-27T07:39:51.2711419Z test ui::model::add::tests::a_hand_picked_row_wins_over_the_fingerprint_hit ... ok
verify / linux	UNKNOWN STEP	2026-09-27T07:39:51.2712277Z test ui::model::add::tests::a_late_answer_is_thrown_away ... ok
verify / linux	UNKNOWN STEP	2026-09-27T07:39:51.2713186Z test ui::model::add::tests::a_missing_index_and_an_empty_cloud_say_different_things ... ok
verify / linux	UNKNOWN STEP	2026-09-27T07:39:51.2714122Z test ui::model::add::tests::a_single_hit_is_chosen_for_the_user ... ok
verify / linux	UNKNOWN STEP	2026-09-27T07:39:51.2725245Z test ui::model::add::tests::declining_means_no_binding_until_the_user_changes_their_mind ... ok
verify / linux	UNKNOWN STEP	2026-09-27T07:39:51.2726465Z test ui::model::add::tests::picking_by_hand_binds_even_when_the_fingerprint_matched_nothing ... ok
verify / linux	UNKNOWN STEP	2026-09-27T07:39:51.2727710Z test ui::model::add::tests::resetting_clears_everything ... ok
verify / linux	UNKNOWN STEP	2026-09-27T07:39:51.2728473Z test ui::model::add::tests::several_hits_are_never_guessed ... ok
verify / linux	UNKNOWN STEP	2026-09-27T07:39:51.2729437Z test ui::model::add::tests::the_decline_button_only_makes_sense_when_there_is_a_candidate ... ok
verify / linux	UNKNOWN STEP	2026-09-27T07:39:51.2730468Z test ui::model::add::tests::typing_waits_and_only_the_last_edit_asks ... ok
verify / linux	UNKNOWN STEP	2026-09-27T07:39:51.2731344Z test ui::model::cloud::cloud_tests::a_failed_delete_changes_nothing ... ok
verify / linux	UNKNOWN STEP	2026-09-27T07:39:51.2732305Z test ui::model::cloud::cloud_tests::a_late_reply_never_lands_under_the_wrong_game ... ok
verify / linux	UNKNOWN STEP	2026-09-27T07:39:51.2733331Z test ui::model::cloud::cloud_tests::a_new_board_is_quiet_and_not_red ... ok
verify / linux	UNKNOWN STEP	2026-09-27T07:39:51.2734351Z test ui::model::cloud::cloud_tests::a_version_deleted_one_level_down_is_reflected_here ... ok
verify / linux	UNKNOWN STEP	2026-09-27T07:39:51.2735721Z test ui::model::cloud::cloud_tests::each_row_says_how_many_versions_and_where_the_machine_stands ... ok
verify / linux	UNKNOWN STEP	2026-09-27T07:39:51.2736823Z test ui::model::cloud::cloud_tests::refreshing_closes_whatever_was_open ... ok
verify / linux	UNKNOWN STEP	2026-09-27T07:39:51.2737792Z test ui::model::cloud::cloud_tests::search_matches_the_name_the_key_and_the_exe_path ... ok
verify / linux	UNKNOWN STEP	2026-09-27T07:39:51.2738751Z test ui::model::cloud::cloud_tests::sizes_are_written_the_way_people_read_them ... ok
verify / linux	UNKNOWN STEP	2026-09-27T07:39:51.2739728Z test ui::model::cloud::cloud_tests::the_reply_says_when_this_list_was_fetched ... ok
verify / linux	UNKNOWN STEP	2026-09-27T07:39:51.2741465Z test sync::runner::upload::tests::retention_only_ever_deletes_our_own_old_packages ... ok
verify / linux	UNKNOWN STEP	2026-09-27T07:39:51.2742629Z test ui::model::cloud::cloud_tests::the_two_whole_game_deletes_fix_the_local_table_too ... ok
verify / linux	UNKNOWN STEP	2026-09-27T07:39:51.2743481Z test ui::model::cloud_label::tests::a_missing_name_falls_back_to_the_short_id ... ok
verify / linux	UNKNOWN STEP	2026-09-27T07:39:51.2744310Z test ui::model::cloud_label::tests::the_summary_lists_what_the_index_knows ... ok
verify / linux	UNKNOWN STEP	2026-09-27T07:39:51.2745541Z test ui::model::cloud_pick::tests::an_empty_list_never_looks_like_an_empty_cloud ... ok
verify / linux	UNKNOWN STEP	2026-09-27T07:39:51.2746630Z test ui::model::cloud_pick::tests::opening_again_starts_from_a_clean_slate ... ok
verify / linux	UNKNOWN STEP	2026-09-27T07:39:51.2747683Z test ui::model::cloud_pick::tests::picking_goes_by_cloud_id_and_closes_the_sheet ... ok
verify / linux	UNKNOWN STEP	2026-09-27T07:39:51.2748711Z test ui::model::cloud_pick::tests::the_query_filters_the_snapshot_and_says_what_it_hid ... ok
verify / linux	UNKNOWN STEP	2026-09-27T07:39:51.2749773Z test ui::model::cloud_version::tests::a_failed_delete_keeps_the_page_open_and_says_why ... ok
verify / linux	UNKNOWN STEP	2026-09-27T07:39:51.2750955Z test ui::model::cloud_version::tests::a_successful_delete_closes_the_page_and_hands_the_version_back ... ok
verify / linux	UNKNOWN STEP	2026-09-27T07:39:51.2751946Z test ui::model::cloud_version::tests::deleting_waits_for_the_second_click ... ok
verify / linux	UNKNOWN STEP	2026-09-27T07:39:51.2752693Z test ui::model::confirm::tests::the_count_line_disappears_when_there_is_nothing_to_count ... ok
verify / linux	UNKNOWN STEP	2026-09-27T07:39:51.2753352Z test ui::model::cloud_version::tests::opening_a_version_clears_whatever_the_last_one_left_behind ... ok
verify / linux	UNKNOWN STEP	2026-09-27T07:39:51.2753960Z test ui::model::confirm::tests::each_action_says_what_it_does_and_to_whom ... ok
verify / linux	UNKNOWN STEP	2026-09-27T07:39:51.2754508Z test ui::model::game::tests::a_mount_needs_a_disk_and_may_have_an_empty_relative ... ok
verify / linux	UNKNOWN STEP	2026-09-27T07:39:51.2755348Z test ui::model::game::tests::draft_seeds_exe_and_detects_changes ... ok
verify / linux	UNKNOWN STEP	2026-09-27T07:39:51.2755833Z test ui::model::game::tests::the_path_group_notices_a_reference_edit_only ... ok
verify / linux	UNKNOWN STEP	2026-09-27T07:39:51.2756340Z test ui::model::picker::tests::opening_again_starts_from_a_clean_slate ... ok
verify / linux	UNKNOWN STEP	2026-09-27T07:39:51.2756833Z test ui::model::picker::tests::picking_uses_the_filtered_index ... ok
verify / linux	UNKNOWN STEP	2026-09-27T07:39:51.2757339Z test ui::model::picker::tests::the_query_matches_every_clue_and_says_what_it_hid ... ok
verify / linux	UNKNOWN STEP	2026-09-27T07:39:51.2757914Z test ui::model::sync::tests::switching_the_engine_names_the_one_that_becomes_invisible ... ok
verify / linux	UNKNOWN STEP	2026-09-27T07:39:51.2758481Z test ui::model::sync::tests::the_form_patches_exactly_the_keys_the_config_has ... ok
verify / linux	UNKNOWN STEP	2026-09-27T07:39:51.2759201Z test ui::model::sync::tests::the_sync_form_seeds_from_settings_and_never_from_secrets ... ok
verify / linux	UNKNOWN STEP	2026-09-27T07:39:51.2760143Z test ui::model::versions::tests::a_replace_waits_for_the_second_click_and_can_be_called_off ... ok
verify / linux	UNKNOWN STEP	2026-09-27T07:39:51.2761366Z test ui::model::versions::tests::clearing_or_forgetting_empties_the_list_but_a_failure_changes_nothing ... ok
verify / linux	UNKNOWN STEP	2026-09-27T07:39:51.2762095Z test ui::model::versions::tests::confirming_hands_over_that_one_version_and_shows_the_outcome_here ... ok
verify / linux	UNKNOWN STEP	2026-09-27T07:39:51.2762744Z test ui::model::versions::tests::deleting_one_version_takes_exactly_that_row_out_of_the_list ... ok
verify / linux	UNKNOWN STEP	2026-09-27T07:39:51.2763895Z test ui::model::versions::tests::opening_clears_whatever_the_last_one_left_behind ... ok
verify / linux	UNKNOWN STEP	2026-09-27T07:39:51.2764572Z test ui::model::versions::tests::leaving_the_page_takes_the_dialog_with_it ... ok
verify / linux	UNKNOWN STEP	2026-09-27T07:39:51.2765816Z test ui::model::versions::tests::the_newest_version_is_listed_first ... ok
verify / linux	UNKNOWN STEP	2026-09-27T07:39:51.2766320Z test ui::parse::cloud::tests::a_match_reply_carries_the_key_the_binding_needs ... ok
verify / linux	UNKNOWN STEP	2026-09-27T07:39:51.2766885Z test ui::parse::cloud::tests::the_cloud_list_keeps_the_cloud_name_and_the_local_side_apart ... ok
verify / linux	UNKNOWN STEP	2026-09-27T07:39:51.2767444Z test ui::parse::cloud::tests::versions_come_back_with_their_size_and_time ... ok
verify / linux	UNKNOWN STEP	2026-09-27T07:39:51.2768009Z test ui::parse::environment::tests::a_missing_required_dependency_is_named_in_the_summary ... ok
verify / linux	UNKNOWN STEP	2026-09-27T07:39:51.2768602Z test ui::parse::environment::tests::an_unknown_state_is_read_as_missing_not_as_fine ... ok
verify / linux	UNKNOWN STEP	2026-09-27T07:39:51.2769177Z test ui::parse::environment::tests::the_environment_report_keeps_its_wording_in_rust ... ok
verify / linux	UNKNOWN STEP	2026-09-27T07:39:51.2769715Z test ui::parse::games::tests::malformed_and_empty_response_are_errors ... ok
verify / linux	UNKNOWN STEP	2026-09-27T07:39:51.2770201Z test ui::parse::games::tests::missing_optional_fields_fall_back_safely ... ok
verify / linux	UNKNOWN STEP	2026-09-27T07:39:51.2770686Z test ui::parse::games::tests::open_then_save_preserves_stored_values ... ok
verify / linux	UNKNOWN STEP	2026-09-27T07:39:51.2771143Z test ui::parse::games::tests::parses_the_full_scale_profile ... ok
verify / linux	UNKNOWN STEP	2026-09-27T07:39:51.2771615Z test ui::parse::games::tests::parses_watch_mode_and_save_paths_from_the_daemon ... ok
verify / linux	UNKNOWN STEP	2026-09-27T07:39:51.2772143Z test ui::parse::games::tests::search_matches_name_and_path_case_insensitively ... ok
verify / linux	UNKNOWN STEP	2026-09-27T07:39:51.2772697Z test ui::parse::process::tests::a_reply_without_the_key_is_an_error_not_an_empty_list ... ok
verify / linux	UNKNOWN STEP	2026-09-27T07:39:51.2773261Z test ui::parse::games::tests::unit_variant_algorithms_survive_a_load_save_cycle ... ok
verify / linux	UNKNOWN STEP	2026-09-27T07:39:51.2773768Z test ui::parse::reconnect::tests::retry_backoff_grows_then_caps ... ok
verify / linux	UNKNOWN STEP	2026-09-27T07:39:51.2774395Z test ui::parse::save_paths::tests::kind_placeholders_teach_each_format ... ok
verify / linux	UNKNOWN STEP	2026-09-27T07:39:51.2775372Z test ui::parse::save_paths::tests::save_paths_round_trip_between_editor_and_daemon ... ok
verify / linux	UNKNOWN STEP	2026-09-27T07:39:51.2776080Z test ui::parse::scale::tests::non_numeric_resolution_is_rejected ... ok
verify / linux	UNKNOWN STEP	2026-09-27T07:39:51.2776565Z test ui::parse::scale::tests::the_scaling_ratio_survives_an_open_and_save ... ok
verify / linux	UNKNOWN STEP	2026-09-27T07:39:51.2777052Z test ui::parse::scale::tests::unknown_algorithm_is_rejected_on_save ... ok
verify / linux	UNKNOWN STEP	2026-09-27T07:39:51.2777485Z test ui::parse::sync::tests::parses_the_sync_status ... ok
verify / linux	UNKNOWN STEP	2026-09-27T07:39:51.2777905Z test ui::parse::sync::tests::sync_outcomes_are_summarised_for_a_human ... ok
verify / linux	UNKNOWN STEP	2026-09-27T07:39:51.2778389Z test ui::parse::sync::tests::the_credentials_section_counts_what_is_stored ... ok
verify / linux	UNKNOWN STEP	2026-09-27T07:39:51.2778824Z test ui::parse::wine::tests::parses_wine_status ... ok
verify / linux	UNKNOWN STEP	2026-09-27T07:39:51.2779279Z test ui::render::detail::tests::an_unknown_algorithm_falls_back_to_the_first_option ... ok
verify / linux	UNKNOWN STEP	2026-09-27T07:39:51.2779885Z test ui::parse::process::tests::a_process_list_becomes_rows_and_missing_paths_are_just_empty ... ok
verify / linux	UNKNOWN STEP	2026-09-27T07:39:51.2780463Z test ui::render::detail::tests::the_stored_profile_is_what_the_page_resets_to ... ok
verify / linux	UNKNOWN STEP	2026-09-27T07:39:51.2780965Z test ui::render::games::tests::the_empty_library_says_why_it_is_empty ... ok
verify / linux	UNKNOWN STEP	2026-09-27T07:39:51.2781522Z test ui::render::games::tests::the_library_row_reports_a_live_session_and_the_auto_watch_flag_apart ... ok
verify / linux	UNKNOWN STEP	2026-09-27T07:39:51.2782265Z test ui::render::games::tests::the_ratio_column_shows_digits_and_nothing_else ... ok
verify / linux	UNKNOWN STEP	2026-09-27T07:39:51.2782786Z test ui::render::games::tests::the_subtitle_counts_what_is_shown_and_what_exists ... ok
verify / linux	UNKNOWN STEP	2026-09-27T07:39:51.2783314Z test sync::validate::tests::missing_secrets_are_reported_before_a_run ... ok
verify / linux	UNKNOWN STEP	2026-09-27T07:39:51.7956051Z test ui::render::hit_test::the_cloud_rows_open_their_detail_and_each_version_opens_its_own_page ... ok
verify / linux	UNKNOWN STEP	2026-09-27T07:39:51.7971883Z test ui::render::settings::tests::the_service_line_tells_stopped_by_hand_apart_from_not_running ... ok
verify / linux	UNKNOWN STEP	2026-09-27T07:39:51.7986114Z test ui::render::sync::tests::every_store_gets_its_own_index_and_its_own_name ... ok
verify / linux	UNKNOWN STEP	2026-09-27T07:39:51.7987360Z test ui::render::tests::the_connection_line_tells_retrying_apart_from_giving_up ... ok
verify / linux	UNKNOWN STEP	2026-09-27T07:39:51.7988575Z test ui::render::scroll_test::dragging_the_pointer_scrolls_the_list ... ok
verify / linux	UNKNOWN STEP	2026-09-27T07:39:51.8009708Z test ui::render::hit_test::a_click_lands_on_the_control_under_the_pointer ... ok
verify / linux	UNKNOWN STEP	2026-09-27T07:39:51.8220954Z test ui::render::window_test::cloud::the_ask_dialog_card_holds_its_content ... ok
verify / linux	UNKNOWN STEP	2026-09-27T07:39:51.8245032Z test ui::render::window_test::cloud::the_archive_management_page_renders_and_deletes_through_the_shared_dialog ... ok
verify / linux	UNKNOWN STEP	2026-09-27T07:39:51.8289834Z test ui::render::window_test::cloud::the_confirm_dialog_card_holds_its_content ... ok
verify / linux	UNKNOWN STEP	2026-09-27T07:39:51.8430249Z test ui::render::hit_test::the_identity_row_opens_the_versions_page_but_its_button_still_wins ... ok
verify / linux	UNKNOWN STEP	2026-09-27T07:39:51.8446086Z test ui::render::window_test::versions::a_failed_delete_leaves_the_list_alone_and_says_which_action_failed ... ok
verify / linux	UNKNOWN STEP	2026-09-27T07:39:51.8515000Z test ui::render::window_test::versions::a_failed_reading_says_why_on_this_page ... ok
verify / linux	UNKNOWN STEP	2026-09-27T07:39:51.8891892Z test ui::render::window_test::versions::an_unbound_game_says_it_has_no_identity ... ok
verify / linux	UNKNOWN STEP	2026-09-27T07:39:51.8893505Z test ui::render::window_test::versions::a_game_with_nothing_in_the_cloud_says_so_instead_of_listing_nothing ... ok
verify / linux	UNKNOWN STEP	2026-09-27T07:39:51.8918467Z test ui::render::window_test::versions::a_replace_asks_first_and_cancelling_leaves_nothing_behind ... ok
verify / linux	UNKNOWN STEP	2026-09-27T07:39:51.9355956Z test ui::render::window_test::versions::deleting_one_version_asks_first_then_drops_that_row ... ok
verify / linux	UNKNOWN STEP	2026-09-27T07:39:51.9400994Z test ui::render::window_test::versions::the_cleanup_block_hugs_its_own_title ... ok
verify / linux	UNKNOWN STEP	2026-09-27T07:39:51.9417477Z test ui::tasks::tests::a_relative_directory_without_a_disk_is_refused_locally ... ok
verify / linux	UNKNOWN STEP	2026-09-27T07:39:51.9419038Z test ui::tasks::tests::an_unresolved_empty_exe_does_not_block_saving ... ok
verify / linux	UNKNOWN STEP	2026-09-27T07:39:51.9420201Z test ui::tasks::tests::the_path_patch_carries_only_what_changed ... ok
verify / linux	UNKNOWN STEP	2026-09-27T07:39:51.9426078Z test ui::update::add::autofill_tests::exe_fills_dir_and_name_on_both_platforms ... ok
verify / linux	UNKNOWN STEP	2026-09-27T07:39:51.9447309Z test ui::wire::tests::no_breaks_deletes_instead_of_replacing ... ok
verify / linux	UNKNOWN STEP	2026-09-27T07:39:51.9448356Z test ui::wire::tests::one_line_leaves_no_line_breaks_behind ... ok
verify / linux	UNKNOWN STEP	2026-09-27T07:39:51.9449864Z test util::exec::tests::quiet_leaves_a_std_command_usable ... ok
verify / linux	UNKNOWN STEP	2026-09-27T07:39:51.9455871Z test util::exec::tests::quiet_leaves_a_tokio_command_usable ... ok
verify / linux	UNKNOWN STEP	2026-09-27T07:39:51.9458796Z test util::tests::the_same_file_under_two_spellings_is_one_file ... ok
verify / linux	UNKNOWN STEP	2026-09-27T07:39:51.9476976Z test wine::path_tests::a_path_outside_a_prefix_is_refused_with_a_way_out ... ok
verify / linux	UNKNOWN STEP	2026-09-27T07:39:51.9481703Z test wine::path_tests::a_picked_path_is_expressed_the_most_portable_way_first ... ok
verify / linux	UNKNOWN STEP	2026-09-27T07:39:51.9510101Z test wine::path_tests::a_picked_path_turns_into_the_written_form_and_back ... ok
verify / linux	UNKNOWN STEP	2026-09-27T07:39:51.9527065Z test wine::path_tests::a_real_windows_profile_path_becomes_a_token_too ... ok
verify / linux	UNKNOWN STEP	2026-09-27T07:39:51.9536604Z test wine::path_tests::absolute_paths_stay_put_and_expand_home ... ok
verify / linux	UNKNOWN STEP	2026-09-27T07:39:51.9546754Z test wine::path_tests::infers_the_storage_kind_from_a_bare_path ... ok
verify / linux	UNKNOWN STEP	2026-09-27T07:39:51.9570949Z test wine::path_tests::picks_the_current_user_directory_first ... ok
verify / linux	UNKNOWN STEP	2026-09-27T07:39:51.9595649Z test wine::path_tests::relative_paths_resolve_against_the_game_root ... ok
verify / linux	UNKNOWN STEP	2026-09-27T07:39:51.9625739Z test ui::render::window_test::versions::the_two_whole_game_cleanups_share_the_same_dialog ... ok
verify / linux	UNKNOWN STEP	2026-09-27T07:39:51.9635664Z test wine::path_tests::resolves_literal_drive_paths_and_mixed_separators ... ok
verify / linux	UNKNOWN STEP	2026-09-27T07:39:51.9636799Z test wine::path_tests::save_path_accepts_both_config_forms ... ok
verify / linux	UNKNOWN STEP	2026-09-27T07:39:51.9638335Z test wine::path_tests::resolves_tokens_inside_the_prefix ... ok
verify / linux	UNKNOWN STEP	2026-09-27T07:39:51.9639402Z test wine::path_tests::typed_text_infers_its_kind_like_a_picked_path_would ... ok
verify / linux	UNKNOWN STEP	2026-09-27T07:39:51.9641060Z test wine::path_tests::the_same_token_resolves_on_both_sides_of_a_dual_boot ... ok
verify / linux	UNKNOWN STEP	2026-09-27T07:39:51.9642191Z test wine::path_tests::windows_only_accepts_portable_drive_paths ... ok
verify / linux	UNKNOWN STEP	2026-09-27T07:39:51.9643388Z test wine::path_tests::unknown_tokens_are_reported_not_guessed ... ok
verify / linux	UNKNOWN STEP	2026-09-27T07:39:51.9645251Z test wine::tests::a_missing_wineserver_is_survivable ... ok
verify / linux	UNKNOWN STEP	2026-09-27T07:39:51.9646202Z test wine::tests::closing_a_prefix_names_that_prefix_to_wineserver ... ok
verify / linux	UNKNOWN STEP	2026-09-27T07:39:51.9647194Z test wine::tests::falls_back_to_the_default_prefix ... ok
verify / linux	UNKNOWN STEP	2026-09-27T07:39:51.9648123Z test wine::tests::per_game_prefix_beats_the_global_one ... ok
verify / linux	UNKNOWN STEP	2026-09-27T07:39:51.9649073Z test wine::tests::portable_prefix_inside_the_game_dir_wins_over_the_default ... ok
verify / linux	UNKNOWN STEP	2026-09-27T07:39:51.9650146Z test wine::tests::the_environment_prefix_is_used_when_nothing_else_is ... ok
verify / linux	UNKNOWN STEP	2026-09-27T07:39:51.9651266Z test wine_prefixes::tests::a_missing_file_just_means_nothing_was_recorded ... ok
verify / linux	UNKNOWN STEP	2026-09-27T07:39:51.9652352Z test wine_prefixes::tests::a_prefix_is_only_written_down_once ... ok
verify / linux	UNKNOWN STEP	2026-09-27T07:39:51.9659437Z test wine_prefixes::tests::an_empty_list_runs_no_helper_at_all ... ok
verify / linux	UNKNOWN STEP	2026-09-27T07:39:51.9686927Z test wine_prefixes::tests::the_sweep_closes_what_still_exists_and_skips_what_is_gone ... ok
verify / linux	UNKNOWN STEP	2026-09-27T07:39:51.9775116Z test ui::render::window_test::versions::the_versions_page_lists_the_cloud_copies_with_the_newest_first ... ok
verify / linux	UNKNOWN STEP	2026-09-27T07:39:52.0822225Z test ui::render::window_test::library_and_sync_pages_render_without_a_display ... ok
verify / linux	UNKNOWN STEP	2026-09-27T07:39:53.9642135Z test wine::tests::a_wineserver_that_never_answers_does_not_hold_up_the_teardown ... ok
verify / linux	UNKNOWN STEP	2026-09-27T07:39:53.9642878Z 
verify / linux	UNKNOWN STEP	2026-09-27T07:39:53.9643278Z test result: ok. 530 passed; 0 failed; 5 ignored; 0 measured; 0 filtered out; finished in 3.41s
verify / linux	UNKNOWN STEP	2026-09-27T07:39:53.9643826Z 
verify / linux	UNKNOWN STEP	2026-09-27T07:39:53.9668291Z ^[[1m^[[92m     Running^[[0m tests/ipc_e2e/main.rs (target/debug/deps/ipc_e2e-ea6967c84e3692f4)
verify / linux	UNKNOWN STEP	2026-09-27T07:39:53.9684478Z 
verify / linux	UNKNOWN STEP	2026-09-27T07:39:53.9685011Z running 40 tests
verify / linux	UNKNOWN STEP	2026-09-27T07:39:54.4353189Z test cloud_delete::a_malformed_version_name_is_refused_before_any_network ... ok
verify / linux	UNKNOWN STEP	2026-09-27T07:39:54.4429340Z test cloud_delete::deleting_a_version_the_cloud_never_had_is_refused ... ok
verify / linux	UNKNOWN STEP	2026-09-27T07:39:54.5026623Z test daemon::a_second_daemon_refuses_to_steal_a_live_socket ... ok
verify / linux	UNKNOWN STEP	2026-09-27T07:39:54.5367035Z test cloud_delete::deleting_one_version_keeps_the_others_and_the_card ... ok
verify / linux	UNKNOWN STEP	2026-09-27T07:39:54.5371235Z test cloud_delete::clearing_the_versions_keeps_the_cloud_identity ... ok
verify / linux	UNKNOWN STEP	2026-09-27T07:39:54.5909569Z test daemon::second_daemon_replaces_a_stale_socket_file ... ok
verify / linux	UNKNOWN STEP	2026-09-27T07:39:54.5993517Z test fixture_contract::fake_rclone_preserves_bytes_and_escapes_json_names ... ok
verify / linux	UNKNOWN STEP	2026-09-27T07:39:54.6074487Z test daemon::daemon_ipc_end_to_end ... ok
verify / linux	UNKNOWN STEP	2026-09-27T07:39:54.6143748Z test fixture_contract::fake_rclone_rejects_unknown_commands_arguments_and_io_failures ... ok
verify / linux	UNKNOWN STEP	2026-09-27T07:39:54.6467095Z test fixture_contract::an_injected_upload_failure_is_visible_over_ipc_and_keeps_local_data ... ok
verify / linux	UNKNOWN STEP	2026-09-27T07:39:54.6631738Z test library::a_game_can_be_created_from_a_reference_alone ... ok
verify / linux	UNKNOWN STEP	2026-09-27T07:39:54.6700819Z test library::a_game_without_a_reference_still_needs_a_real_exe ... ok
verify / linux	UNKNOWN STEP	2026-09-27T07:39:54.7082738Z test library::library_entries_are_managed_over_ipc ... ok
verify / linux	UNKNOWN STEP	2026-09-27T07:39:54.7202989Z test library::scale_profile_is_patched_and_validated_over_ipc ... ok
verify / linux	UNKNOWN STEP	2026-09-27T07:39:54.7303186Z test library::updating_a_game_to_another_games_exe_is_refused ... ok
verify / linux	UNKNOWN STEP	2026-09-27T07:39:54.8410598Z test cloud_delete::deleting_the_identity_takes_the_saves_with_it ... ok
verify / linux	UNKNOWN STEP	2026-09-27T07:39:55.1249119Z test pairing::rejecting_a_pairing_sticks ... ok
verify / linux	UNKNOWN STEP	2026-09-27T07:39:55.1493789Z test pairing::changing_the_exe_updates_the_fingerprint_but_not_the_cloud_identity ... ok
verify / linux	UNKNOWN STEP	2026-09-27T07:39:55.1598696Z test pairing::a_second_machine_pairs_by_fingerprint_and_follows_the_same_directory ... ok
verify / linux	UNKNOWN STEP	2026-09-27T07:39:55.4853648Z test session::direct_launch_rejects_a_game_that_exits_immediately ... ok
verify / linux	UNKNOWN STEP	2026-09-27T07:39:55.5177105Z test session::launch_builds_the_expected_gamescope_command ... ok
verify / linux	UNKNOWN STEP	2026-09-27T07:39:55.5892609Z test sync::a_configured_program_directory_is_where_the_daemon_looks ... ok
verify / linux	UNKNOWN STEP	2026-09-27T07:39:55.8583033Z test session::manual_add_and_wine_settings_over_ipc ... ok
verify / linux	UNKNOWN STEP	2026-09-27T07:39:55.8869816Z test sync::cloud_sync_uploads_keeps_versions_and_restores_over_ipc ... ok
verify / linux	UNKNOWN STEP	2026-09-27T07:39:55.9221181Z test sync::every_sync_setting_can_actually_be_changed ... ok
verify / linux	UNKNOWN STEP	2026-09-27T07:39:55.9850169Z test sync::setting_only_the_engine_leaves_the_other_settings_alone ... ok
verify / linux	UNKNOWN STEP	2026-09-27T07:39:56.0187369Z test pairing::the_pre_launch_check_asks_once_and_the_answer_sticks ... ok
verify / linux	UNKNOWN STEP	2026-09-27T07:39:56.2793820Z test sync_cloud::a_second_machine_sees_what_the_first_one_uploaded ... ok
verify / linux	UNKNOWN STEP	2026-09-27T07:39:56.5067181Z test sync_cloud::uploading_claims_a_cloud_identity_and_keeps_it ... ok
verify / linux	UNKNOWN STEP	2026-09-27T07:39:56.5954591Z test sync_index::a_failed_refresh_keeps_the_old_cache_and_reports_the_error ... ok
verify / linux	UNKNOWN STEP	2026-09-27T07:39:56.7751662Z test sync_cloud::a_mismatched_identity_stops_both_pull_and_restore ... ok
verify / linux	UNKNOWN STEP	2026-09-27T07:39:56.8738098Z test sync_index::adding_a_game_asks_the_index_whether_the_cloud_already_has_it ... ok
verify / linux	UNKNOWN STEP	2026-09-27T07:39:57.0944483Z test sync_index::the_cloud_list_comes_from_one_index_not_from_every_card ... ok
verify / linux	UNKNOWN STEP	2026-09-27T07:39:57.1794497Z test sync_index::the_cloud_list_is_read_from_a_local_cache_after_the_first_fetch ... ok
verify / linux	UNKNOWN STEP	2026-09-27T07:39:57.4498279Z test sync_index::changing_the_sync_target_refreshes_but_retention_does_not ... ok
verify / linux	UNKNOWN STEP	2026-09-27T07:39:57.5078196Z test watch::one_process_is_claimed_by_a_single_game ... FAILED
verify / linux	UNKNOWN STEP	2026-09-27T07:39:57.5718725Z test watch::the_process_list_offers_usable_candidates_only ... ok
verify / linux	UNKNOWN STEP	2026-09-27T07:40:02.2372961Z test session::direct_launch_session_ends_when_the_game_exits ... ok
verify / linux	UNKNOWN STEP	2026-09-27T07:40:05.0740666Z test sync::save_sync_follows_the_game_lifecycle ... ok
verify / linux	UNKNOWN STEP	2026-09-27T07:40:17.2720191Z test watch::auto_watch_follows_a_game_kotori_did_not_launch ... ok
verify / linux	UNKNOWN STEP	2026-09-27T07:40:17.2720600Z 
verify / linux	UNKNOWN STEP	2026-09-27T07:40:17.2720707Z failures:
verify / linux	UNKNOWN STEP	2026-09-27T07:40:17.2720859Z 
verify / linux	UNKNOWN STEP	2026-09-27T07:40:17.2721120Z ---- watch::one_process_is_claimed_by_a_single_game stdout ----
verify / linux	UNKNOWN STEP	2026-09-27T07:40:17.2721479Z 
verify / linux	UNKNOWN STEP	2026-09-27T07:40:17.2721889Z thread 'watch::one_process_is_claimed_by_a_single_game' (8846) panicked at tests/ipc_e2e/watch.rs:155:5:
verify / linux	UNKNOWN STEP	2026-09-27T07:40:17.2723768Z assertion `left == right` failed: {"error":{"code":-32000,"message":"可执行文件已经属于「First」：同一个 exe 只能建一条档案（两条档案会让云端的版本历史分家、观测同一个进程时分不清谁在跑）"},"id":1,"jsonrpc":"2.0"}
verify / linux	UNKNOWN STEP	2026-09-27T07:40:17.2724961Z   left: Null
verify / linux	UNKNOWN STEP	2026-09-27T07:40:17.2725275Z  right: true
verify / linux	UNKNOWN STEP	2026-09-27T07:40:17.2725794Z note: run with `RUST_BACKTRACE=1` environment variable to display a backtrace
verify / linux	UNKNOWN STEP	2026-09-27T07:40:17.2726411Z --- daemon log ---
verify / linux	UNKNOWN STEP	2026-09-27T07:40:17.2727155Z ^[[2m2026-09-27T07:39:57.455285Z^[[0m ^[[32m INFO^[[0m ^[[2mkotori^[[0m^[[2m:^[[0m Starting daemon mode
verify / linux	UNKNOWN STEP	2026-09-27T07:40:17.2731165Z ^[[2m2026-09-27T07:39:57.455553Z^[[0m ^[[32m INFO^[[0m ^[[2mkotori::secrets::keyring^[[0m^[[2m:^[[0m 没有运行中的系统密钥环，凭据存到明文文件 /tmp/kt-e2e-claim-cabb9bd41c574866a9fe697f74fc95b0/credentials.json（权限 0600）
verify / linux	UNKNOWN STEP	2026-09-27T07:40:17.2732735Z ^[[2m2026-09-27T07:39:57.455641Z^[[0m ^[[32m INFO^[[0m ^[[2mkotori::daemon^[[0m^[[2m:^[[0m daemon listening on /tmp/kt-e2e-claim-cabb9bd41c574866a9fe697f74fc95b0/kotori.sock
verify / linux	UNKNOWN STEP	2026-09-27T07:40:17.2733947Z ^[[2m2026-09-27T07:39:57.503022Z^[[0m ^[[32m INFO^[[0m ^[[2mkotori::daemon::game_write^[[0m^[[2m:^[[0m game.create: first
verify / linux	UNKNOWN STEP	2026-09-27T07:40:17.2735011Z ^[[2m2026-09-27T07:39:57.505220Z^[[0m ^[[32m INFO^[[0m ^[[2mkotori::daemon::game_write^[[0m^[[2m:^[[0m game.create: second
verify / linux	UNKNOWN STEP	2026-09-27T07:40:17.2735412Z 
verify / linux	UNKNOWN STEP	2026-09-27T07:40:17.2735645Z 测试现场保留在 /tmp/kt-e2e-claim-cabb9bd41c574866a9fe697f74fc95b0
verify / linux	UNKNOWN STEP	2026-09-27T07:40:17.2735885Z 
verify / linux	UNKNOWN STEP	2026-09-27T07:40:17.2735889Z 
verify / linux	UNKNOWN STEP	2026-09-27T07:40:17.2735973Z failures:
verify / linux	UNKNOWN STEP	2026-09-27T07:40:17.2736206Z     watch::one_process_is_claimed_by_a_single_game
verify / linux	UNKNOWN STEP	2026-09-27T07:40:17.2736420Z 
verify / linux	UNKNOWN STEP	2026-09-27T07:40:17.2736699Z test result: FAILED. 39 passed; 1 failed; 0 ignored; 0 measured; 0 filtered out; finished in 23.30s
verify / linux	UNKNOWN STEP	2026-09-27T07:40:17.2737083Z 
verify / linux	UNKNOWN STEP	2026-09-27T07:40:17.2737324Z ^[[1m^[[91merror^[[0m: test failed, to rerun pass `--test ipc_e2e`
verify / linux	UNKNOWN STEP	2026-09-27T07:40:17.2803449Z ##[error]Process completed with exit code 101.
verify / linux	UNKNOWN STEP	2026-09-27T07:40:17.2895966Z ##[group]Run actions/upload-artifact@v4
verify / linux	UNKNOWN STEP	2026-09-27T07:40:17.2896274Z with:
verify / linux	UNKNOWN STEP	2026-09-27T07:40:17.2896513Z   name: test-artifacts-linux-x86_64
verify / linux	UNKNOWN STEP	2026-09-27T07:40:17.2896837Z   path: /home/runner/work/Kotori/Kotori/test-artifacts
verify / linux	UNKNOWN STEP	2026-09-27T07:40:17.2897162Z   if-no-files-found: warn
verify / linux	UNKNOWN STEP	2026-09-27T07:40:17.2897399Z   compression-level: 6
verify / linux	UNKNOWN STEP	2026-09-27T07:40:17.2897623Z   overwrite: false
verify / linux	UNKNOWN STEP	2026-09-27T07:40:17.2897845Z   include-hidden-files: false
verify / linux	UNKNOWN STEP	2026-09-27T07:40:17.2898081Z env:
verify / linux	UNKNOWN STEP	2026-09-27T07:40:17.2898270Z   CARGO_TERM_COLOR: always
verify / linux	UNKNOWN STEP	2026-09-27T07:40:17.2898602Z   KOTORI_TEST_ARTIFACTS: /home/runner/work/Kotori/Kotori/test-artifacts
verify / linux	UNKNOWN STEP	2026-09-27T07:40:17.2898989Z   CARGO_HOME: /home/runner/.cargo
verify / linux	UNKNOWN STEP	2026-09-27T07:40:17.2899244Z   CARGO_INCREMENTAL: 0
verify / linux	UNKNOWN STEP	2026-09-27T07:40:17.2899466Z   CACHE_ON_FAILURE: false
verify / linux	UNKNOWN STEP	2026-09-27T07:40:17.2899686Z ##[endgroup]
verify / linux	UNKNOWN STEP	2026-09-27T07:40:17.6106285Z (node:8999) [DEP0040] DeprecationWarning: The `punycode` module is deprecated. Please use a userland alternative instead.
verify / linux	UNKNOWN STEP	2026-09-27T07:40:17.6135771Z (Use `node --trace-deprecation ...` to show where the warning was created)
verify / linux	UNKNOWN STEP	2026-09-27T07:40:17.6266473Z With the provided path, there will be 9 files uploaded
verify / linux	UNKNOWN STEP	2026-09-27T07:40:17.6267628Z Artifact name is valid!
verify / linux	UNKNOWN STEP	2026-09-27T07:40:17.6268288Z Root directory input is valid!
verify / linux	UNKNOWN STEP	2026-09-27T07:40:17.8841259Z Beginning upload of artifact content to blob storage
verify / linux	UNKNOWN STEP	2026-09-27T07:40:17.9254187Z (node:8999) [DEP0169] DeprecationWarning: `url.parse()` behavior is not standardized and prone to errors that have security implications. Use the WHATWG URL API instead. CVEs are not issued for `url.parse()` vulnerabilities.
verify / linux	UNKNOWN STEP	2026-09-27T07:40:18.0441968Z Uploaded bytes 15605
verify / linux	UNKNOWN STEP	2026-09-27T07:40:18.0782464Z Finished uploading artifact content to blob storage!
verify / linux	UNKNOWN STEP	2026-09-27T07:40:18.0784127Z SHA256 digest of uploaded artifact zip is 90baaffd0cda0ae475338a324fe9f2bb5e1de4fb938a37521573c605030d7e5a
verify / linux	UNKNOWN STEP	2026-09-27T07:40:18.0786062Z Finalizing artifact upload
verify / linux	UNKNOWN STEP	2026-09-27T07:40:18.2884269Z Artifact test-artifacts-linux-x86_64.zip successfully finalized. Artifact ID 10926835699
verify / linux	UNKNOWN STEP	2026-09-27T07:40:18.2886289Z Artifact test-artifacts-linux-x86_64 has been successfully uploaded! Final size is 15605 bytes. Artifact ID is 10926835699
verify / linux	UNKNOWN STEP	2026-09-27T07:40:18.2892133Z Artifact download URL: https://github.com/Pianzh/Kotori/actions/runs/36303503081/artifacts/10926835699
verify / linux	UNKNOWN STEP	2026-09-27T07:40:18.3116610Z Post job cleanup.
verify / linux	UNKNOWN STEP	2026-09-27T07:40:18.4045782Z [command]/usr/bin/git version
verify / linux	UNKNOWN STEP	2026-09-27T07:40:18.4099076Z git version 2.55.0
verify / linux	UNKNOWN STEP	2026-09-27T07:40:18.4144956Z Temporarily overriding HOME='/home/runner/work/_temp/1b25683f-2cbf-4532-9527-8893327dd58c' before making global git config changes
verify / linux	UNKNOWN STEP	2026-09-27T07:40:18.4146507Z Adding repository directory to the temporary git global config as a safe directory
verify / linux	UNKNOWN STEP	2026-09-27T07:40:18.4151523Z [command]/usr/bin/git config --global --add safe.directory /home/runner/work/Kotori/Kotori
verify / linux	UNKNOWN STEP	2026-09-27T07:40:18.4192879Z [command]/usr/bin/git config --local --name-only --get-regexp core\.sshCommand
verify / linux	UNKNOWN STEP	2026-09-27T07:40:18.4229539Z [command]/usr/bin/git submodule foreach --recursive sh -c "git config --local --name-only --get-regexp 'core\.sshCommand' && git config --local --unset-all 'core.sshCommand' || :"
verify / linux	UNKNOWN STEP	2026-09-27T07:40:18.4520629Z [command]/usr/bin/git config --local --name-only --get-regexp http\.https\:\/\/github\.com\/\.extraheader
verify / linux	UNKNOWN STEP	2026-09-27T07:40:18.4549810Z http.https://github.com/.extraheader
verify / linux	UNKNOWN STEP	2026-09-27T07:40:18.4561908Z [command]/usr/bin/git config --local --unset-all http.https://github.com/.extraheader
verify / linux	UNKNOWN STEP	2026-09-27T07:40:18.4604481Z [command]/usr/bin/git submodule foreach --recursive sh -c "git config --local --name-only --get-regexp 'http\.https\:\/\/github\.com\/\.extraheader' && git config --local --unset-all 'http.https://github.com/.extraheader' || :"
verify / linux	UNKNOWN STEP	2026-09-27T07:40:18.4873233Z [command]/usr/bin/git config --local --name-only --get-regexp ^includeIf\.gitdir:
verify / linux	UNKNOWN STEP	2026-09-27T07:40:18.4911478Z [command]/usr/bin/git submodule foreach --recursive git config --local --show-origin --name-only --get-regexp remote.origin.url
verify / linux	UNKNOWN STEP	2026-09-27T07:40:18.5337909Z Cleaning up orphan processes
verify / linux	UNKNOWN STEP	2026-09-27T07:40:18.5765325Z Terminate orphan process: pid (4112) (sleep)
verify / linux	UNKNOWN STEP	2026-09-27T07:40:18.5784106Z ##[warning]Node.js 20 is deprecated. The following actions target Node.js 20 but are being forced to run on Node.js 24: actions/checkout@v4, actions/upload-artifact@v4. For more information see: https://github.blog/changelog/2025-09-19-deprecation-of-node-20-on-github-actions-runners/
