verify / linux	UNKNOWN STEP	﻿2026-09-27T07:08:41.2141985Z Current runner version: '2.337.0'
verify / linux	UNKNOWN STEP	2026-09-27T07:08:41.2166460Z ##[group]Runner Image Provisioner
verify / linux	UNKNOWN STEP	2026-09-27T07:08:41.2167332Z Hosted Compute Agent
verify / linux	UNKNOWN STEP	2026-09-27T07:08:41.2167878Z Version: 20260828.587
verify / linux	UNKNOWN STEP	2026-09-27T07:08:41.2168444Z Commit: abac92662cab4cc7352de4f9f9d2e2419aad9c29
verify / linux	UNKNOWN STEP	2026-09-27T07:08:41.2169156Z Build Date: 2026-08-28T16:44:25Z
verify / linux	UNKNOWN STEP	2026-09-27T07:08:41.2169825Z Worker ID: {4c863dd0-4cf4-4251-8cc9-8e7ca8ca431e}
verify / linux	UNKNOWN STEP	2026-09-27T07:08:41.2170500Z Azure Region: westus3
verify / linux	UNKNOWN STEP	2026-09-27T07:08:41.2171024Z ##[endgroup]
verify / linux	UNKNOWN STEP	2026-09-27T07:08:41.2172445Z ##[group]Operating System
verify / linux	UNKNOWN STEP	2026-09-27T07:08:41.2173092Z Ubuntu
verify / linux	UNKNOWN STEP	2026-09-27T07:08:41.2173574Z 24.04.5
verify / linux	UNKNOWN STEP	2026-09-27T07:08:41.2174567Z LTS
verify / linux	UNKNOWN STEP	2026-09-27T07:08:41.2175070Z ##[endgroup]
verify / linux	UNKNOWN STEP	2026-09-27T07:08:41.2175574Z ##[group]Runner Image
verify / linux	UNKNOWN STEP	2026-09-27T07:08:41.2176168Z Image: ubuntu-24.04
verify / linux	UNKNOWN STEP	2026-09-27T07:08:41.2176713Z Version: 20260920.314.1
verify / linux	UNKNOWN STEP	2026-09-27T07:08:41.2177868Z Included Software: https://github.com/actions/runner-images/blob/ubuntu24/20260920.314/images/ubuntu/Ubuntu2404-Readme.md
verify / linux	UNKNOWN STEP	2026-09-27T07:08:41.2179287Z Image Release: https://github.com/actions/runner-images/releases/tag/ubuntu24%2F20260920.314
verify / linux	UNKNOWN STEP	2026-09-27T07:08:41.2180224Z ##[endgroup]
verify / linux	UNKNOWN STEP	2026-09-27T07:08:41.2181293Z ##[group]GITHUB_TOKEN Permissions
verify / linux	UNKNOWN STEP	2026-09-27T07:08:41.2183508Z Contents: read
verify / linux	UNKNOWN STEP	2026-09-27T07:08:41.2184212Z Metadata: read
verify / linux	UNKNOWN STEP	2026-09-27T07:08:41.2184788Z Packages: read
verify / linux	UNKNOWN STEP	2026-09-27T07:08:41.2185313Z ##[endgroup]
verify / linux	UNKNOWN STEP	2026-09-27T07:08:41.2187357Z Secret source: Actions
verify / linux	UNKNOWN STEP	2026-09-27T07:08:41.2188275Z Cache mode: write
verify / linux	UNKNOWN STEP	2026-09-27T07:08:41.2188905Z Prepare workflow directory
verify / linux	UNKNOWN STEP	2026-09-27T07:08:41.2753483Z Prepare all required actions
verify / linux	UNKNOWN STEP	2026-09-27T07:08:41.2805350Z Getting action download info
verify / linux	UNKNOWN STEP	2026-09-27T07:08:41.6055689Z Download action repository 'actions/checkout@v4' (SHA:11d5960a326750d5838078e36cf38b85af677262)
verify / linux	UNKNOWN STEP	2026-09-27T07:08:41.6965208Z Download action repository 'dtolnay/rust-toolchain@stable' (SHA:6bed0761d98439e5a578e2877258200ad565ba87)
verify / linux	UNKNOWN STEP	2026-09-27T07:08:41.9243498Z Download action repository 'Swatinem/rust-cache@v2' (SHA:6323deb102c322ba6fcbdcafc7e3dddab59af2b6)
verify / linux	UNKNOWN STEP	2026-09-27T07:08:42.7600449Z Download action repository 'actions/upload-artifact@v4' (SHA:ea165f8d65b6e75b540449e92b4886f43607fa02)
verify / linux	UNKNOWN STEP	2026-09-27T07:08:42.9782253Z Uses: Pianzh/Kotori/.github/workflows/verify.yml@refs/heads/chore/windows-dead-code (7c24f921f9a08434992754f22d3dd8f7bea4d693)
verify / linux	UNKNOWN STEP	2026-09-27T07:08:42.9787511Z ##[group] Inputs
verify / linux	UNKNOWN STEP	2026-09-27T07:08:42.9788207Z   kopia-version: 0.23.1
verify / linux	UNKNOWN STEP	2026-09-27T07:08:42.9788895Z ##[endgroup]
verify / linux	UNKNOWN STEP	2026-09-27T07:08:42.9789520Z Complete job name: verify / linux
verify / linux	UNKNOWN STEP	2026-09-27T07:08:43.0572506Z ##[group]Run actions/checkout@v4
verify / linux	UNKNOWN STEP	2026-09-27T07:08:43.0573443Z with:
verify / linux	UNKNOWN STEP	2026-09-27T07:08:43.0574186Z   repository: Pianzh/Kotori
verify / linux	UNKNOWN STEP	2026-09-27T07:08:43.0578362Z   token: ***
verify / linux	UNKNOWN STEP	2026-09-27T07:08:43.0578848Z   ssh-strict: true
verify / linux	UNKNOWN STEP	2026-09-27T07:08:43.0579341Z   ssh-user: git
verify / linux	UNKNOWN STEP	2026-09-27T07:08:43.0579852Z   persist-credentials: true
verify / linux	UNKNOWN STEP	2026-09-27T07:08:43.0580401Z   clean: true
verify / linux	UNKNOWN STEP	2026-09-27T07:08:43.0580911Z   sparse-checkout-cone-mode: true
verify / linux	UNKNOWN STEP	2026-09-27T07:08:43.0581502Z   fetch-depth: 1
verify / linux	UNKNOWN STEP	2026-09-27T07:08:43.0582032Z   fetch-tags: false
verify / linux	UNKNOWN STEP	2026-09-27T07:08:43.0582535Z   show-progress: true
verify / linux	UNKNOWN STEP	2026-09-27T07:08:43.0583051Z   lfs: false
verify / linux	UNKNOWN STEP	2026-09-27T07:08:43.0583532Z   submodules: false
verify / linux	UNKNOWN STEP	2026-09-27T07:08:43.0584180Z   set-safe-directory: true
verify / linux	UNKNOWN STEP	2026-09-27T07:08:43.0584757Z   allow-unsafe-pr-checkout: false
verify / linux	UNKNOWN STEP	2026-09-27T07:08:43.0585653Z env:
verify / linux	UNKNOWN STEP	2026-09-27T07:08:43.0586121Z   CARGO_TERM_COLOR: always
verify / linux	UNKNOWN STEP	2026-09-27T07:08:43.0586861Z   KOTORI_TEST_ARTIFACTS: /home/runner/work/Kotori/Kotori/test-artifacts
verify / linux	UNKNOWN STEP	2026-09-27T07:08:43.0587720Z ##[endgroup]
verify / linux	UNKNOWN STEP	2026-09-27T07:08:43.1589411Z Syncing repository: Pianzh/Kotori
verify / linux	UNKNOWN STEP	2026-09-27T07:08:43.1592737Z ##[group]Getting Git version info
verify / linux	UNKNOWN STEP	2026-09-27T07:08:43.1594339Z Working directory is '/home/runner/work/Kotori/Kotori'
verify / linux	UNKNOWN STEP	2026-09-27T07:08:43.1596504Z [command]/usr/bin/git version
verify / linux	UNKNOWN STEP	2026-09-27T07:08:43.1628794Z git version 2.55.0
verify / linux	UNKNOWN STEP	2026-09-27T07:08:43.1649660Z ##[endgroup]
verify / linux	UNKNOWN STEP	2026-09-27T07:08:43.1663624Z Temporarily overriding HOME='/home/runner/work/_temp/65f0e1e7-0bf6-48fb-95c7-41dcf5c6c3d3' before making global git config changes
verify / linux	UNKNOWN STEP	2026-09-27T07:08:43.1667349Z Adding repository directory to the temporary git global config as a safe directory
verify / linux	UNKNOWN STEP	2026-09-27T07:08:43.1669737Z [command]/usr/bin/git config --global --add safe.directory /home/runner/work/Kotori/Kotori
verify / linux	UNKNOWN STEP	2026-09-27T07:08:43.1720308Z Deleting the contents of '/home/runner/work/Kotori/Kotori'
verify / linux	UNKNOWN STEP	2026-09-27T07:08:43.1727240Z ##[group]Initializing the repository
verify / linux	UNKNOWN STEP	2026-09-27T07:08:43.1732190Z [command]/usr/bin/git init /home/runner/work/Kotori/Kotori
verify / linux	UNKNOWN STEP	2026-09-27T07:08:43.1832434Z hint: Using 'master' as the name for the initial branch. This default branch name
verify / linux	UNKNOWN STEP	2026-09-27T07:08:43.1835495Z hint: will change to "main" in Git 3.0. To configure the initial branch name
verify / linux	UNKNOWN STEP	2026-09-27T07:08:43.1837700Z hint: to use in all of your new repositories, which will suppress this warning,
verify / linux	UNKNOWN STEP	2026-09-27T07:08:43.1839512Z hint: call:
verify / linux	UNKNOWN STEP	2026-09-27T07:08:43.1840513Z hint:
verify / linux	UNKNOWN STEP	2026-09-27T07:08:43.1842126Z hint: 	git config --global init.defaultBranch <name>
verify / linux	UNKNOWN STEP	2026-09-27T07:08:43.1843466Z hint:
verify / linux	UNKNOWN STEP	2026-09-27T07:08:43.1844904Z hint: Names commonly chosen instead of 'master' are 'main', 'trunk' and
verify / linux	UNKNOWN STEP	2026-09-27T07:08:43.1846916Z hint: 'development'. The just-created branch can be renamed via this command:
verify / linux	UNKNOWN STEP	2026-09-27T07:08:43.1848519Z hint:
verify / linux	UNKNOWN STEP	2026-09-27T07:08:43.1849415Z hint: 	git branch -m <name>
verify / linux	UNKNOWN STEP	2026-09-27T07:08:43.1850429Z hint:
verify / linux	UNKNOWN STEP	2026-09-27T07:08:43.1851721Z hint: Disable this message with "git config set advice.defaultBranchName false"
verify / linux	UNKNOWN STEP	2026-09-27T07:08:43.1866043Z Initialized empty Git repository in /home/runner/work/Kotori/Kotori/.git/
verify / linux	UNKNOWN STEP	2026-09-27T07:08:43.1870996Z [command]/usr/bin/git remote add origin https://github.com/Pianzh/Kotori
verify / linux	UNKNOWN STEP	2026-09-27T07:08:43.1924841Z ##[endgroup]
verify / linux	UNKNOWN STEP	2026-09-27T07:08:43.1926707Z ##[group]Disabling automatic garbage collection
verify / linux	UNKNOWN STEP	2026-09-27T07:08:43.1946502Z [command]/usr/bin/git config --local gc.auto 0
verify / linux	UNKNOWN STEP	2026-09-27T07:08:43.1978567Z ##[endgroup]
verify / linux	UNKNOWN STEP	2026-09-27T07:08:43.1980263Z ##[group]Setting up auth
verify / linux	UNKNOWN STEP	2026-09-27T07:08:43.1987047Z [command]/usr/bin/git config --local --name-only --get-regexp core\.sshCommand
verify / linux	UNKNOWN STEP	2026-09-27T07:08:43.2018352Z [command]/usr/bin/git submodule foreach --recursive sh -c "git config --local --name-only --get-regexp 'core\.sshCommand' && git config --local --unset-all 'core.sshCommand' || :"
verify / linux	UNKNOWN STEP	2026-09-27T07:08:43.2323460Z [command]/usr/bin/git config --local --name-only --get-regexp http\.https\:\/\/github\.com\/\.extraheader
verify / linux	UNKNOWN STEP	2026-09-27T07:08:43.2358132Z [command]/usr/bin/git submodule foreach --recursive sh -c "git config --local --name-only --get-regexp 'http\.https\:\/\/github\.com\/\.extraheader' && git config --local --unset-all 'http.https://github.com/.extraheader' || :"
verify / linux	UNKNOWN STEP	2026-09-27T07:08:43.2566749Z [command]/usr/bin/git config --local --name-only --get-regexp ^includeIf\.gitdir:
verify / linux	UNKNOWN STEP	2026-09-27T07:08:43.2600913Z [command]/usr/bin/git submodule foreach --recursive git config --local --show-origin --name-only --get-regexp remote.origin.url
verify / linux	UNKNOWN STEP	2026-09-27T07:08:43.2806357Z [command]/usr/bin/git config --local http.https://github.com/.extraheader AUTHORIZATION: basic ***
verify / linux	UNKNOWN STEP	2026-09-27T07:08:43.2849071Z ##[endgroup]
verify / linux	UNKNOWN STEP	2026-09-27T07:08:43.2850264Z ##[group]Fetching the repository
verify / linux	UNKNOWN STEP	2026-09-27T07:08:43.2865360Z [command]/usr/bin/git -c protocol.version=2 fetch --no-tags --prune --no-recurse-submodules --depth=1 origin +7c24f921f9a08434992754f22d3dd8f7bea4d693:refs/remotes/origin/chore/windows-dead-code
verify / linux	UNKNOWN STEP	2026-09-27T07:08:44.5386478Z From https://github.com/Pianzh/Kotori
verify / linux	UNKNOWN STEP	2026-09-27T07:08:44.5389725Z  * [new ref]         7c24f921f9a08434992754f22d3dd8f7bea4d693 -> origin/chore/windows-dead-code
verify / linux	UNKNOWN STEP	2026-09-27T07:08:44.5394297Z ##[endgroup]
verify / linux	UNKNOWN STEP	2026-09-27T07:08:44.5395846Z ##[group]Determining the checkout info
verify / linux	UNKNOWN STEP	2026-09-27T07:08:44.5397612Z ##[endgroup]
verify / linux	UNKNOWN STEP	2026-09-27T07:08:44.5398615Z [command]/usr/bin/git sparse-checkout disable
verify / linux	UNKNOWN STEP	2026-09-27T07:08:44.5441668Z [command]/usr/bin/git config --local --unset-all extensions.worktreeConfig
verify / linux	UNKNOWN STEP	2026-09-27T07:08:44.5468830Z ##[group]Checking out the ref
verify / linux	UNKNOWN STEP	2026-09-27T07:08:44.5472897Z [command]/usr/bin/git checkout --progress --force -B chore/windows-dead-code refs/remotes/origin/chore/windows-dead-code
verify / linux	UNKNOWN STEP	2026-09-27T07:08:44.5706012Z Switched to a new branch 'chore/windows-dead-code'
verify / linux	UNKNOWN STEP	2026-09-27T07:08:44.5713630Z branch 'chore/windows-dead-code' set up to track 'origin/chore/windows-dead-code'.
verify / linux	UNKNOWN STEP	2026-09-27T07:08:44.5720453Z ##[endgroup]
verify / linux	UNKNOWN STEP	2026-09-27T07:08:44.5759742Z [command]/usr/bin/git log -1 --format=%H
verify / linux	UNKNOWN STEP	2026-09-27T07:08:44.5781518Z 7c24f921f9a08434992754f22d3dd8f7bea4d693
verify / linux	UNKNOWN STEP	2026-09-27T07:08:44.6021569Z ##[group]Run sudo apt-get update
verify / linux	UNKNOWN STEP	2026-09-27T07:08:44.6022901Z ^[[36;1msudo apt-get update^[[0m
verify / linux	UNKNOWN STEP	2026-09-27T07:08:44.6024545Z ^[[36;1msudo apt-get install -y --no-install-recommends \^[[0m
verify / linux	UNKNOWN STEP	2026-09-27T07:08:44.6026377Z ^[[36;1m  libxcb-shape0-dev libxcb-xfixes0-dev libxkbcommon-dev \^[[0m
verify / linux	UNKNOWN STEP	2026-09-27T07:08:44.6028011Z ^[[36;1m  libfontconfig-dev libssl-dev rclone^[[0m
verify / linux	UNKNOWN STEP	2026-09-27T07:08:44.6227365Z shell: /usr/bin/bash -e {0}
verify / linux	UNKNOWN STEP	2026-09-27T07:08:44.6228445Z env:
verify / linux	UNKNOWN STEP	2026-09-27T07:08:44.6229275Z   CARGO_TERM_COLOR: always
verify / linux	UNKNOWN STEP	2026-09-27T07:08:44.6230715Z   KOTORI_TEST_ARTIFACTS: /home/runner/work/Kotori/Kotori/test-artifacts
verify / linux	UNKNOWN STEP	2026-09-27T07:08:44.6232359Z ##[endgroup]
verify / linux	UNKNOWN STEP	2026-09-27T07:08:44.7380711Z Get:1 file:/etc/apt/apt-mirrors.txt Mirrorlist [144 B]
verify / linux	UNKNOWN STEP	2026-09-27T07:08:44.7747294Z Get:6 https://packages.microsoft.com/ubuntu/24.04/prod noble InRelease [3600 B]
verify / linux	UNKNOWN STEP	2026-09-27T07:08:44.8767473Z Get:7 https://packages.microsoft.com/ubuntu/24.04/prod noble/main amd64 Packages [498 kB]
verify / linux	UNKNOWN STEP	2026-09-27T07:08:44.8892498Z Hit:2 http://azure.archive.ubuntu.com/ubuntu noble InRelease
verify / linux	UNKNOWN STEP	2026-09-27T07:08:44.8900955Z Get:3 http://azure.archive.ubuntu.com/ubuntu noble-updates InRelease [126 kB]
verify / linux	UNKNOWN STEP	2026-09-27T07:08:44.8930199Z Get:4 http://azure.archive.ubuntu.com/ubuntu noble-backports InRelease [126 kB]
verify / linux	UNKNOWN STEP	2026-09-27T07:08:44.8979024Z Get:5 http://azure.archive.ubuntu.com/ubuntu noble-security InRelease [126 kB]
verify / linux	UNKNOWN STEP	2026-09-27T07:08:44.8993050Z Get:8 https://packages.microsoft.com/ubuntu/24.04/prod noble/main arm64 Packages [446 kB]
verify / linux	UNKNOWN STEP	2026-09-27T07:08:44.9927251Z Get:9 http://azure.archive.ubuntu.com/ubuntu noble-updates/main amd64 Packages [1319 kB]
verify / linux	UNKNOWN STEP	2026-09-27T07:08:44.9991896Z Get:10 http://azure.archive.ubuntu.com/ubuntu noble-updates/main Translation-en [299 kB]
verify / linux	UNKNOWN STEP	2026-09-27T07:08:45.0007718Z Get:11 http://azure.archive.ubuntu.com/ubuntu noble-updates/main amd64 Components [181 kB]
verify / linux	UNKNOWN STEP	2026-09-27T07:08:45.0019632Z Get:12 http://azure.archive.ubuntu.com/ubuntu noble-updates/universe amd64 Packages [1697 kB]
verify / linux	UNKNOWN STEP	2026-09-27T07:08:45.0092955Z Get:13 http://azure.archive.ubuntu.com/ubuntu noble-updates/universe Translation-en [340 kB]
verify / linux	UNKNOWN STEP	2026-09-27T07:08:45.0110773Z Get:14 http://azure.archive.ubuntu.com/ubuntu noble-updates/universe amd64 Components [388 kB]
verify / linux	UNKNOWN STEP	2026-09-27T07:08:45.0136846Z Get:15 http://azure.archive.ubuntu.com/ubuntu noble-updates/restricted amd64 Packages [1654 kB]
verify / linux	UNKNOWN STEP	2026-09-27T07:08:45.0207822Z Get:16 http://azure.archive.ubuntu.com/ubuntu noble-updates/restricted Translation-en [377 kB]
verify / linux	UNKNOWN STEP	2026-09-27T07:08:45.0226188Z Get:17 http://azure.archive.ubuntu.com/ubuntu noble-updates/multiverse amd64 Components [940 B]
verify / linux	UNKNOWN STEP	2026-09-27T07:08:45.0475535Z Get:18 http://azure.archive.ubuntu.com/ubuntu noble-backports/main amd64 Packages [40.6 kB]
verify / linux	UNKNOWN STEP	2026-09-27T07:08:45.0925368Z Get:19 http://azure.archive.ubuntu.com/ubuntu noble-backports/main amd64 Components [5760 B]
verify / linux	UNKNOWN STEP	2026-09-27T07:08:45.0930669Z Get:20 http://azure.archive.ubuntu.com/ubuntu noble-backports/universe amd64 Packages [31.0 kB]
verify / linux	UNKNOWN STEP	2026-09-27T07:08:45.0935967Z Get:21 http://azure.archive.ubuntu.com/ubuntu noble-backports/universe Translation-en [18.6 kB]
verify / linux	UNKNOWN STEP	2026-09-27T07:08:45.0941031Z Get:22 http://azure.archive.ubuntu.com/ubuntu noble-backports/universe amd64 Components [12.6 kB]
verify / linux	UNKNOWN STEP	2026-09-27T07:08:45.0946346Z Get:23 http://azure.archive.ubuntu.com/ubuntu noble-security/main amd64 Packages [1053 kB]
verify / linux	UNKNOWN STEP	2026-09-27T07:08:45.0993729Z Get:24 http://azure.archive.ubuntu.com/ubuntu noble-security/main Translation-en [219 kB]
verify / linux	UNKNOWN STEP	2026-09-27T07:08:45.1007141Z Get:25 http://azure.archive.ubuntu.com/ubuntu noble-security/main amd64 Components [46.5 kB]
verify / linux	UNKNOWN STEP	2026-09-27T07:08:45.1014454Z Get:26 http://azure.archive.ubuntu.com/ubuntu noble-security/universe amd64 Packages [1220 kB]
verify / linux	UNKNOWN STEP	2026-09-27T07:08:45.1067999Z Get:27 http://azure.archive.ubuntu.com/ubuntu noble-security/universe Translation-en [245 kB]
verify / linux	UNKNOWN STEP	2026-09-27T07:08:45.1083252Z Get:28 http://azure.archive.ubuntu.com/ubuntu noble-security/universe amd64 Components [76.3 kB]
verify / linux	UNKNOWN STEP	2026-09-27T07:08:45.1092238Z Get:29 http://azure.archive.ubuntu.com/ubuntu noble-security/restricted amd64 Packages [1535 kB]
verify / linux	UNKNOWN STEP	2026-09-27T07:08:45.1161008Z Get:30 http://azure.archive.ubuntu.com/ubuntu noble-security/restricted Translation-en [353 kB]
verify / linux	UNKNOWN STEP	2026-09-27T07:08:51.5390318Z Fetched 12.4 MB in 1s (8807 kB/s)
verify / linux	UNKNOWN STEP	2026-09-27T07:08:52.4544992Z Reading package lists...
verify / linux	UNKNOWN STEP	2026-09-27T07:08:52.4884213Z Reading package lists...
verify / linux	UNKNOWN STEP	2026-09-27T07:08:52.7059159Z Building dependency tree...
verify / linux	UNKNOWN STEP	2026-09-27T07:08:52.7066781Z Reading state information...
verify / linux	UNKNOWN STEP	2026-09-27T07:08:52.8876540Z libssl-dev is already the newest version (3.0.13-0ubuntu3.15).
verify / linux	UNKNOWN STEP	2026-09-27T07:08:52.8877648Z The following additional packages will be installed:
verify / linux	UNKNOWN STEP	2026-09-27T07:08:52.8884732Z   libbrotli-dev libbz2-dev libfreetype-dev libpng-dev libpthread-stubs0-dev
verify / linux	UNKNOWN STEP	2026-09-27T07:08:52.8890534Z   libxau-dev libxcb-render0-dev libxcb-shape0 libxcb1-dev libxdmcp-dev
verify / linux	UNKNOWN STEP	2026-09-27T07:08:52.8891393Z   uuid-dev x11proto-dev xorg-sgml-doctools
verify / linux	UNKNOWN STEP	2026-09-27T07:08:52.8900291Z Suggested packages:
verify / linux	UNKNOWN STEP	2026-09-27T07:08:52.8900826Z   freetype2-doc libxcb-doc
verify / linux	UNKNOWN STEP	2026-09-27T07:08:52.8901361Z Recommended packages:
verify / linux	UNKNOWN STEP	2026-09-27T07:08:52.8901901Z   bzip2-doc libpng-tools
verify / linux	UNKNOWN STEP	2026-09-27T07:08:52.9239591Z The following NEW packages will be installed:
verify / linux	UNKNOWN STEP	2026-09-27T07:08:52.9241411Z   libbrotli-dev libbz2-dev libfontconfig-dev libfreetype-dev libpng-dev
verify / linux	UNKNOWN STEP	2026-09-27T07:08:52.9245648Z   libpthread-stubs0-dev libxau-dev libxcb-render0-dev libxcb-shape0
verify / linux	UNKNOWN STEP	2026-09-27T07:08:52.9246723Z   libxcb-shape0-dev libxcb-xfixes0-dev libxcb1-dev libxdmcp-dev
verify / linux	UNKNOWN STEP	2026-09-27T07:08:52.9252795Z   libxkbcommon-dev rclone uuid-dev x11proto-dev xorg-sgml-doctools
verify / linux	UNKNOWN STEP	2026-09-27T07:08:52.9429836Z 0 upgraded, 18 newly installed, 0 to remove and 32 not upgraded.
verify / linux	UNKNOWN STEP	2026-09-27T07:08:52.9430424Z Need to get 18.7 MB of archives.
verify / linux	UNKNOWN STEP	2026-09-27T07:08:52.9430926Z After this operation, 70.8 MB of additional disk space will be used.
verify / linux	UNKNOWN STEP	2026-09-27T07:08:52.9431508Z Get:1 file:/etc/apt/apt-mirrors.txt Mirrorlist [144 B]
verify / linux	UNKNOWN STEP	2026-09-27T07:08:53.0045424Z Get:2 http://azure.archive.ubuntu.com/ubuntu noble/main amd64 libbrotli-dev amd64 1.1.0-2build2 [353 kB]
verify / linux	UNKNOWN STEP	2026-09-27T07:08:53.0544787Z Get:3 http://azure.archive.ubuntu.com/ubuntu noble-updates/main amd64 libbz2-dev amd64 1.0.8-5.1ubuntu0.1 [33.6 kB]
verify / linux	UNKNOWN STEP	2026-09-27T07:08:53.1002271Z Get:4 http://azure.archive.ubuntu.com/ubuntu noble-updates/main amd64 libpng-dev amd64 1.6.43-5ubuntu0.6 [265 kB]
verify / linux	UNKNOWN STEP	2026-09-27T07:08:53.1486861Z Get:5 http://azure.archive.ubuntu.com/ubuntu noble-updates/main amd64 libfreetype-dev amd64 2.13.2+dfsg-1ubuntu0.1 [575 kB]
verify / linux	UNKNOWN STEP	2026-09-27T07:08:53.2015243Z Get:6 http://azure.archive.ubuntu.com/ubuntu noble-updates/main amd64 uuid-dev amd64 2.39.3-9ubuntu6.6 [33.5 kB]
verify / linux	UNKNOWN STEP	2026-09-27T07:08:53.2473605Z Get:7 http://azure.archive.ubuntu.com/ubuntu noble/main amd64 libfontconfig-dev amd64 2.15.0-1.1ubuntu2 [161 kB]
verify / linux	UNKNOWN STEP	2026-09-27T07:08:53.2941161Z Get:8 http://azure.archive.ubuntu.com/ubuntu noble/main amd64 libpthread-stubs0-dev amd64 0.4-1build3 [4746 B]
verify / linux	UNKNOWN STEP	2026-09-27T07:08:53.3396863Z Get:9 http://azure.archive.ubuntu.com/ubuntu noble/main amd64 xorg-sgml-doctools all 1:1.11-1.1 [10.9 kB]
verify / linux	UNKNOWN STEP	2026-09-27T07:08:53.3854173Z Get:10 http://azure.archive.ubuntu.com/ubuntu noble/main amd64 x11proto-dev all 2023.2-1 [602 kB]
verify / linux	UNKNOWN STEP	2026-09-27T07:08:53.4386275Z Get:11 http://azure.archive.ubuntu.com/ubuntu noble/main amd64 libxau-dev amd64 1:1.0.9-1build6 [9570 B]
verify / linux	UNKNOWN STEP	2026-09-27T07:08:53.4842820Z Get:12 http://azure.archive.ubuntu.com/ubuntu noble/main amd64 libxdmcp-dev amd64 1:1.1.3-0ubuntu6 [26.5 kB]
verify / linux	UNKNOWN STEP	2026-09-27T07:08:53.5301346Z Get:13 http://azure.archive.ubuntu.com/ubuntu noble/main amd64 libxcb1-dev amd64 1.15-1ubuntu2 [85.8 kB]
verify / linux	UNKNOWN STEP	2026-09-27T07:08:53.5765041Z Get:14 http://azure.archive.ubuntu.com/ubuntu noble/main amd64 libxcb-render0-dev amd64 1.15-1ubuntu2 [19.6 kB]
verify / linux	UNKNOWN STEP	2026-09-27T07:08:53.6237679Z Get:15 http://azure.archive.ubuntu.com/ubuntu noble/main amd64 libxcb-shape0 amd64 1.15-1ubuntu2 [6100 B]
verify / linux	UNKNOWN STEP	2026-09-27T07:08:53.6713473Z Get:16 http://azure.archive.ubuntu.com/ubuntu noble/main amd64 libxcb-shape0-dev amd64 1.15-1ubuntu2 [7310 B]
verify / linux	UNKNOWN STEP	2026-09-27T07:08:53.7168982Z Get:17 http://azure.archive.ubuntu.com/ubuntu noble/main amd64 libxcb-xfixes0-dev amd64 1.15-1ubuntu2 [12.6 kB]
verify / linux	UNKNOWN STEP	2026-09-27T07:08:53.7647628Z Get:18 http://azure.archive.ubuntu.com/ubuntu noble/main amd64 libxkbcommon-dev amd64 1.6.0-1build1 [56.3 kB]
verify / linux	UNKNOWN STEP	2026-09-27T07:08:53.8143347Z Get:19 http://azure.archive.ubuntu.com/ubuntu noble-updates/universe amd64 rclone amd64 1.60.1+dfsg-3ubuntu0.24.04.6 [16.5 MB]
verify / linux	UNKNOWN STEP	2026-09-27T07:08:54.4662710Z Fetched 18.7 MB in 1s (14.7 MB/s)
verify / linux	UNKNOWN STEP	2026-09-27T07:08:54.5042875Z Selecting previously unselected package libbrotli-dev:amd64.
verify / linux	UNKNOWN STEP	2026-09-27T07:08:54.5684431Z (Reading database ... 
verify / linux	UNKNOWN STEP	2026-09-27T07:08:54.5684991Z (Reading database ... 5%
verify / linux	UNKNOWN STEP	2026-09-27T07:08:54.5685750Z (Reading database ... 10%
verify / linux	UNKNOWN STEP	2026-09-27T07:08:54.5686122Z (Reading database ... 15%
verify / linux	UNKNOWN STEP	2026-09-27T07:08:54.5686391Z (Reading database ... 20%
verify / linux	UNKNOWN STEP	2026-09-27T07:08:54.5686627Z (Reading database ... 25%
verify / linux	UNKNOWN STEP	2026-09-27T07:08:54.5686874Z (Reading database ... 30%
verify / linux	UNKNOWN STEP	2026-09-27T07:08:54.5687094Z (Reading database ... 35%
verify / linux	UNKNOWN STEP	2026-09-27T07:08:54.5687312Z (Reading database ... 40%
verify / linux	UNKNOWN STEP	2026-09-27T07:08:54.5687533Z (Reading database ... 45%
verify / linux	UNKNOWN STEP	2026-09-27T07:08:54.5687771Z (Reading database ... 50%
verify / linux	UNKNOWN STEP	2026-09-27T07:08:54.5769721Z (Reading database ... 55%
verify / linux	UNKNOWN STEP	2026-09-27T07:08:54.8832990Z (Reading database ... 60%
verify / linux	UNKNOWN STEP	2026-09-27T07:08:55.1324890Z (Reading database ... 65%
verify / linux	UNKNOWN STEP	2026-09-27T07:08:55.3696095Z (Reading database ... 70%
verify / linux	UNKNOWN STEP	2026-09-27T07:08:55.6052789Z (Reading database ... 75%
verify / linux	UNKNOWN STEP	2026-09-27T07:08:55.8966538Z (Reading database ... 80%
verify / linux	UNKNOWN STEP	2026-09-27T07:08:56.3083590Z (Reading database ... 85%
verify / linux	UNKNOWN STEP	2026-09-27T07:08:56.7676694Z (Reading database ... 90%
verify / linux	UNKNOWN STEP	2026-09-27T07:08:57.2043603Z (Reading database ... 95%
verify / linux	UNKNOWN STEP	2026-09-27T07:08:57.2044243Z (Reading database ... 100%
verify / linux	UNKNOWN STEP	2026-09-27T07:08:57.2044665Z (Reading database ... 202190 files and directories currently installed.)
verify / linux	UNKNOWN STEP	2026-09-27T07:08:57.2095030Z Preparing to unpack .../00-libbrotli-dev_1.1.0-2build2_amd64.deb ...
verify / linux	UNKNOWN STEP	2026-09-27T07:08:57.2118411Z Unpacking libbrotli-dev:amd64 (1.1.0-2build2) ...
verify / linux	UNKNOWN STEP	2026-09-27T07:08:57.2373373Z Selecting previously unselected package libbz2-dev:amd64.
verify / linux	UNKNOWN STEP	2026-09-27T07:08:57.2491431Z Preparing to unpack .../01-libbz2-dev_1.0.8-5.1ubuntu0.1_amd64.deb ...
verify / linux	UNKNOWN STEP	2026-09-27T07:08:57.2503812Z Unpacking libbz2-dev:amd64 (1.0.8-5.1ubuntu0.1) ...
verify / linux	UNKNOWN STEP	2026-09-27T07:08:57.2655845Z Selecting previously unselected package libpng-dev:amd64.
verify / linux	UNKNOWN STEP	2026-09-27T07:08:57.2773339Z Preparing to unpack .../02-libpng-dev_1.6.43-5ubuntu0.6_amd64.deb ...
verify / linux	UNKNOWN STEP	2026-09-27T07:08:57.2784670Z Unpacking libpng-dev:amd64 (1.6.43-5ubuntu0.6) ...
verify / linux	UNKNOWN STEP	2026-09-27T07:08:57.3133849Z Selecting previously unselected package libfreetype-dev:amd64.
verify / linux	UNKNOWN STEP	2026-09-27T07:08:57.3254442Z Preparing to unpack .../03-libfreetype-dev_2.13.2+dfsg-1ubuntu0.1_amd64.deb ...
verify / linux	UNKNOWN STEP	2026-09-27T07:08:57.3270177Z Unpacking libfreetype-dev:amd64 (2.13.2+dfsg-1ubuntu0.1) ...
verify / linux	UNKNOWN STEP	2026-09-27T07:08:57.3536677Z Selecting previously unselected package uuid-dev:amd64.
verify / linux	UNKNOWN STEP	2026-09-27T07:08:57.3654227Z Preparing to unpack .../04-uuid-dev_2.39.3-9ubuntu6.6_amd64.deb ...
verify / linux	UNKNOWN STEP	2026-09-27T07:08:57.3666856Z Unpacking uuid-dev:amd64 (2.39.3-9ubuntu6.6) ...
verify / linux	UNKNOWN STEP	2026-09-27T07:08:57.3869651Z Selecting previously unselected package libfontconfig-dev:amd64.
verify / linux	UNKNOWN STEP	2026-09-27T07:08:57.3992883Z Preparing to unpack .../05-libfontconfig-dev_2.15.0-1.1ubuntu2_amd64.deb ...
verify / linux	UNKNOWN STEP	2026-09-27T07:08:57.4001354Z Unpacking libfontconfig-dev:amd64 (2.15.0-1.1ubuntu2) ...
verify / linux	UNKNOWN STEP	2026-09-27T07:08:57.4184706Z Selecting previously unselected package libpthread-stubs0-dev:amd64.
verify / linux	UNKNOWN STEP	2026-09-27T07:08:57.4314543Z Preparing to unpack .../06-libpthread-stubs0-dev_0.4-1build3_amd64.deb ...
verify / linux	UNKNOWN STEP	2026-09-27T07:08:57.4365105Z Unpacking libpthread-stubs0-dev:amd64 (0.4-1build3) ...
verify / linux	UNKNOWN STEP	2026-09-27T07:08:57.4513775Z Selecting previously unselected package xorg-sgml-doctools.
verify / linux	UNKNOWN STEP	2026-09-27T07:08:57.4626448Z Preparing to unpack .../07-xorg-sgml-doctools_1%3a1.11-1.1_all.deb ...
verify / linux	UNKNOWN STEP	2026-09-27T07:08:57.4637438Z Unpacking xorg-sgml-doctools (1:1.11-1.1) ...
verify / linux	UNKNOWN STEP	2026-09-27T07:08:57.4859040Z Selecting previously unselected package x11proto-dev.
verify / linux	UNKNOWN STEP	2026-09-27T07:08:57.4972277Z Preparing to unpack .../08-x11proto-dev_2023.2-1_all.deb ...
verify / linux	UNKNOWN STEP	2026-09-27T07:08:57.4982445Z Unpacking x11proto-dev (2023.2-1) ...
verify / linux	UNKNOWN STEP	2026-09-27T07:08:57.5384065Z Selecting previously unselected package libxau-dev:amd64.
verify / linux	UNKNOWN STEP	2026-09-27T07:08:57.5498066Z Preparing to unpack .../09-libxau-dev_1%3a1.0.9-1build6_amd64.deb ...
verify / linux	UNKNOWN STEP	2026-09-27T07:08:57.5507767Z Unpacking libxau-dev:amd64 (1:1.0.9-1build6) ...
verify / linux	UNKNOWN STEP	2026-09-27T07:08:57.5666351Z Selecting previously unselected package libxdmcp-dev:amd64.
verify / linux	UNKNOWN STEP	2026-09-27T07:08:57.5782497Z Preparing to unpack .../10-libxdmcp-dev_1%3a1.1.3-0ubuntu6_amd64.deb ...
verify / linux	UNKNOWN STEP	2026-09-27T07:08:57.5789235Z Unpacking libxdmcp-dev:amd64 (1:1.1.3-0ubuntu6) ...
verify / linux	UNKNOWN STEP	2026-09-27T07:08:57.5931895Z Selecting previously unselected package libxcb1-dev:amd64.
verify / linux	UNKNOWN STEP	2026-09-27T07:08:57.6041835Z Preparing to unpack .../11-libxcb1-dev_1.15-1ubuntu2_amd64.deb ...
verify / linux	UNKNOWN STEP	2026-09-27T07:08:57.6053830Z Unpacking libxcb1-dev:amd64 (1.15-1ubuntu2) ...
verify / linux	UNKNOWN STEP	2026-09-27T07:08:57.6222900Z Selecting previously unselected package libxcb-render0-dev:amd64.
verify / linux	UNKNOWN STEP	2026-09-27T07:08:57.6337725Z Preparing to unpack .../12-libxcb-render0-dev_1.15-1ubuntu2_amd64.deb ...
verify / linux	UNKNOWN STEP	2026-09-27T07:08:57.6351166Z Unpacking libxcb-render0-dev:amd64 (1.15-1ubuntu2) ...
verify / linux	UNKNOWN STEP	2026-09-27T07:08:57.6515888Z Selecting previously unselected package libxcb-shape0:amd64.
verify / linux	UNKNOWN STEP	2026-09-27T07:08:57.6629280Z Preparing to unpack .../13-libxcb-shape0_1.15-1ubuntu2_amd64.deb ...
verify / linux	UNKNOWN STEP	2026-09-27T07:08:57.6649898Z Unpacking libxcb-shape0:amd64 (1.15-1ubuntu2) ...
verify / linux	UNKNOWN STEP	2026-09-27T07:08:57.6800812Z Selecting previously unselected package libxcb-shape0-dev:amd64.
verify / linux	UNKNOWN STEP	2026-09-27T07:08:57.6914813Z Preparing to unpack .../14-libxcb-shape0-dev_1.15-1ubuntu2_amd64.deb ...
verify / linux	UNKNOWN STEP	2026-09-27T07:08:57.6922096Z Unpacking libxcb-shape0-dev:amd64 (1.15-1ubuntu2) ...
verify / linux	UNKNOWN STEP	2026-09-27T07:08:57.7072201Z Selecting previously unselected package libxcb-xfixes0-dev:amd64.
verify / linux	UNKNOWN STEP	2026-09-27T07:08:57.7186287Z Preparing to unpack .../15-libxcb-xfixes0-dev_1.15-1ubuntu2_amd64.deb ...
verify / linux	UNKNOWN STEP	2026-09-27T07:08:57.7193213Z Unpacking libxcb-xfixes0-dev:amd64 (1.15-1ubuntu2) ...
verify / linux	UNKNOWN STEP	2026-09-27T07:08:57.7342592Z Selecting previously unselected package libxkbcommon-dev:amd64.
verify / linux	UNKNOWN STEP	2026-09-27T07:08:57.7456947Z Preparing to unpack .../16-libxkbcommon-dev_1.6.0-1build1_amd64.deb ...
verify / linux	UNKNOWN STEP	2026-09-27T07:08:57.7466359Z Unpacking libxkbcommon-dev:amd64 (1.6.0-1build1) ...
verify / linux	UNKNOWN STEP	2026-09-27T07:08:57.7636018Z Selecting previously unselected package rclone.
verify / linux	UNKNOWN STEP	2026-09-27T07:08:57.7743780Z Preparing to unpack .../17-rclone_1.60.1+dfsg-3ubuntu0.24.04.6_amd64.deb ...
verify / linux	UNKNOWN STEP	2026-09-27T07:08:57.7752383Z Unpacking rclone (1.60.1+dfsg-3ubuntu0.24.04.6) ...
verify / linux	UNKNOWN STEP	2026-09-27T07:08:58.0261744Z Setting up rclone (1.60.1+dfsg-3ubuntu0.24.04.6) ...
verify / linux	UNKNOWN STEP	2026-09-27T07:08:58.0299644Z Setting up libxkbcommon-dev:amd64 (1.6.0-1build1) ...
verify / linux	UNKNOWN STEP	2026-09-27T07:08:58.0316195Z Setting up libpng-dev:amd64 (1.6.43-5ubuntu0.6) ...
verify / linux	UNKNOWN STEP	2026-09-27T07:08:58.0333077Z Setting up libxcb-shape0:amd64 (1.15-1ubuntu2) ...
verify / linux	UNKNOWN STEP	2026-09-27T07:08:58.0349551Z Setting up libpthread-stubs0-dev:amd64 (0.4-1build3) ...
verify / linux	UNKNOWN STEP	2026-09-27T07:08:58.0368022Z Setting up uuid-dev:amd64 (2.39.3-9ubuntu6.6) ...
verify / linux	UNKNOWN STEP	2026-09-27T07:08:58.0384112Z Setting up xorg-sgml-doctools (1:1.11-1.1) ...
verify / linux	UNKNOWN STEP	2026-09-27T07:08:58.0400438Z Setting up libbrotli-dev:amd64 (1.1.0-2build2) ...
verify / linux	UNKNOWN STEP	2026-09-27T07:08:58.0416588Z Setting up libbz2-dev:amd64 (1.0.8-5.1ubuntu0.1) ...
verify / linux	UNKNOWN STEP	2026-09-27T07:08:58.0433545Z Setting up libfreetype-dev:amd64 (2.13.2+dfsg-1ubuntu0.1) ...
verify / linux	UNKNOWN STEP	2026-09-27T07:08:58.0450989Z Setting up libfontconfig-dev:amd64 (2.15.0-1.1ubuntu2) ...
verify / linux	UNKNOWN STEP	2026-09-27T07:08:58.0492817Z Processing triggers for sgml-base (1.31) ...
verify / linux	UNKNOWN STEP	2026-09-27T07:08:58.0732684Z Setting up x11proto-dev (2023.2-1) ...
verify / linux	UNKNOWN STEP	2026-09-27T07:08:58.0753498Z Setting up libxau-dev:amd64 (1:1.0.9-1build6) ...
verify / linux	UNKNOWN STEP	2026-09-27T07:08:58.0773391Z Processing triggers for libc-bin (2.39-0ubuntu8.9) ...
verify / linux	UNKNOWN STEP	2026-09-27T07:08:58.1182433Z Processing triggers for man-db (2.12.0-4build2) ...
verify / linux	UNKNOWN STEP	2026-09-27T07:08:58.1201766Z Not building database; man-db/auto-update is not 'true'.
verify / linux	UNKNOWN STEP	2026-09-27T07:08:58.1213003Z Setting up libxdmcp-dev:amd64 (1:1.1.3-0ubuntu6) ...
verify / linux	UNKNOWN STEP	2026-09-27T07:08:58.1235503Z Setting up libxcb1-dev:amd64 (1.15-1ubuntu2) ...
verify / linux	UNKNOWN STEP	2026-09-27T07:08:58.1256702Z Setting up libxcb-render0-dev:amd64 (1.15-1ubuntu2) ...
verify / linux	UNKNOWN STEP	2026-09-27T07:08:58.1275946Z Setting up libxcb-shape0-dev:amd64 (1.15-1ubuntu2) ...
verify / linux	UNKNOWN STEP	2026-09-27T07:08:58.1293277Z Setting up libxcb-xfixes0-dev:amd64 (1.15-1ubuntu2) ...
verify / linux	UNKNOWN STEP	2026-09-27T07:08:59.1430216Z 
verify / linux	UNKNOWN STEP	2026-09-27T07:08:59.1430990Z Running kernel seems to be up-to-date.
verify / linux	UNKNOWN STEP	2026-09-27T07:08:59.1431313Z 
verify / linux	UNKNOWN STEP	2026-09-27T07:08:59.1431443Z No services need to be restarted.
verify / linux	UNKNOWN STEP	2026-09-27T07:08:59.1431680Z 
verify / linux	UNKNOWN STEP	2026-09-27T07:08:59.1431819Z No containers need to be restarted.
verify / linux	UNKNOWN STEP	2026-09-27T07:08:59.1432075Z 
verify / linux	UNKNOWN STEP	2026-09-27T07:08:59.1432239Z No user sessions are running outdated binaries.
verify / linux	UNKNOWN STEP	2026-09-27T07:08:59.1432538Z 
verify / linux	UNKNOWN STEP	2026-09-27T07:08:59.1432897Z No VM guests are running outdated hypervisor (qemu) binaries on this host.
verify / linux	UNKNOWN STEP	2026-09-27T07:09:00.0983089Z ##[group]Run dtolnay/rust-toolchain@stable
verify / linux	UNKNOWN STEP	2026-09-27T07:09:00.0983399Z with:
verify / linux	UNKNOWN STEP	2026-09-27T07:09:00.0983624Z   components: rustfmt, clippy
verify / linux	UNKNOWN STEP	2026-09-27T07:09:00.0983871Z   toolchain: stable
verify / linux	UNKNOWN STEP	2026-09-27T07:09:00.0984323Z env:
verify / linux	UNKNOWN STEP	2026-09-27T07:09:00.0984539Z   CARGO_TERM_COLOR: always
verify / linux	UNKNOWN STEP	2026-09-27T07:09:00.0984881Z   KOTORI_TEST_ARTIFACTS: /home/runner/work/Kotori/Kotori/test-artifacts
verify / linux	UNKNOWN STEP	2026-09-27T07:09:00.0985249Z ##[endgroup]
verify / linux	UNKNOWN STEP	2026-09-27T07:09:00.1051542Z ##[start-action display=Parse toolchain version;id=__dtolnay_rust-toolchain.parse]
verify / linux	UNKNOWN STEP	2026-09-27T07:09:00.1077262Z ##[group]Run if [[ -z $toolchain ]]; then
verify / linux	UNKNOWN STEP	2026-09-27T07:09:00.1077605Z ^[[36;1mif [[ -z $toolchain ]]; then^[[0m
verify / linux	UNKNOWN STEP	2026-09-27T07:09:00.1078120Z ^[[36;1m  # GitHub does not enforce `required: true` inputs itself. https://github.com/actions/runner/issues/1070^[[0m
verify / linux	UNKNOWN STEP	2026-09-27T07:09:00.1078644Z ^[[36;1m  echo "'toolchain' is a required input" >&2^[[0m
verify / linux	UNKNOWN STEP	2026-09-27T07:09:00.1078940Z ^[[36;1m  exit 1^[[0m
verify / linux	UNKNOWN STEP	2026-09-27T07:09:00.1079323Z ^[[36;1melif [[ $toolchain =~ ^stable' '[0-9]+' '(year|month|week|day)s?' 'ago$ ]]; then^[[0m
verify / linux	UNKNOWN STEP	2026-09-27T07:09:00.1079738Z ^[[36;1m  if [[ Linux == macOS ]]; then^[[0m
verify / linux	UNKNOWN STEP	2026-09-27T07:09:00.1080248Z ^[[36;1m    echo "toolchain=1.$((($(date -v-$(sed 's/stable \([0-9]*\) \(.\).*/\1\2/' <<< $toolchain) +%s)/60/60/24-16569)/7/6))" >> $GITHUB_OUTPUT^[[0m
verify / linux	UNKNOWN STEP	2026-09-27T07:09:00.1080743Z ^[[36;1m  else^[[0m
verify / linux	UNKNOWN STEP	2026-09-27T07:09:00.1081137Z ^[[36;1m    echo "toolchain=1.$((($(date --date "${toolchain#stable }" +%s)/60/60/24-16569)/7/6))" >> $GITHUB_OUTPUT^[[0m
verify / linux	UNKNOWN STEP	2026-09-27T07:09:00.1081573Z ^[[36;1m  fi^[[0m
verify / linux	UNKNOWN STEP	2026-09-27T07:09:00.1081883Z ^[[36;1melif [[ $toolchain =~ ^stable' 'minus' '[0-9]+' 'releases?$ ]]; then^[[0m
verify / linux	UNKNOWN STEP	2026-09-27T07:09:00.1082391Z ^[[36;1m  echo "toolchain=1.$((($(date +%s)/60/60/24-16569)/7/6-${toolchain//[^0-9]/}))" >> $GITHUB_OUTPUT^[[0m
verify / linux	UNKNOWN STEP	2026-09-27T07:09:00.1082843Z ^[[36;1melif [[ $toolchain =~ ^1\.[0-9]+$ ]]; then^[[0m
verify / linux	UNKNOWN STEP	2026-09-27T07:09:00.1083354Z ^[[36;1m  echo "toolchain=1.$((i=${toolchain#1.}, c=($(date +%s)/60/60/24-16569)/7/6, i+9*i*(10*i<=c)+90*i*(100*i<=c)))" >> $GITHUB_OUTPUT^[[0m
verify / linux	UNKNOWN STEP	2026-09-27T07:09:00.1083828Z ^[[36;1melse^[[0m
verify / linux	UNKNOWN STEP	2026-09-27T07:09:00.1084211Z ^[[36;1m  echo "toolchain=$toolchain" >> $GITHUB_OUTPUT^[[0m
verify / linux	UNKNOWN STEP	2026-09-27T07:09:00.1084515Z ^[[36;1mfi^[[0m
verify / linux	UNKNOWN STEP	2026-09-27T07:09:00.1122401Z shell: /usr/bin/bash --noprofile --norc -e -o pipefail {0}
verify / linux	UNKNOWN STEP	2026-09-27T07:09:00.1122760Z env:
verify / linux	UNKNOWN STEP	2026-09-27T07:09:00.1122962Z   CARGO_TERM_COLOR: always
verify / linux	UNKNOWN STEP	2026-09-27T07:09:00.1123329Z   KOTORI_TEST_ARTIFACTS: /home/runner/work/Kotori/Kotori/test-artifacts
verify / linux	UNKNOWN STEP	2026-09-27T07:09:00.1123699Z   toolchain: stable
verify / linux	UNKNOWN STEP	2026-09-27T07:09:00.1123906Z ##[endgroup]
verify / linux	UNKNOWN STEP	2026-09-27T07:09:00.1210498Z ##[end-action id=__dtolnay_rust-toolchain.parse;outcome=success;conclusion=success;duration_ms=15]
verify / linux	UNKNOWN STEP	2026-09-27T07:09:00.1223054Z ##[start-action display=Construct rustup command line;id=__dtolnay_rust-toolchain.flags]
verify / linux	UNKNOWN STEP	2026-09-27T07:09:00.1248617Z ##[group]Run echo "targets=$(for t in ${targets//,/ }; do echo -n ' --target' $t; done)" >> $GITHUB_OUTPUT
verify / linux	UNKNOWN STEP	2026-09-27T07:09:00.1249269Z ^[[36;1mecho "targets=$(for t in ${targets//,/ }; do echo -n ' --target' $t; done)" >> $GITHUB_OUTPUT^[[0m
verify / linux	UNKNOWN STEP	2026-09-27T07:09:00.1250026Z ^[[36;1mecho "components=$(for c in ${components//,/ }; do echo -n ' --component' $c; done)" >> $GITHUB_OUTPUT^[[0m
verify / linux	UNKNOWN STEP	2026-09-27T07:09:00.1250503Z ^[[36;1mecho "downgrade=" >> $GITHUB_OUTPUT^[[0m
verify / linux	UNKNOWN STEP	2026-09-27T07:09:00.1286714Z shell: /usr/bin/bash --noprofile --norc -e -o pipefail {0}
verify / linux	UNKNOWN STEP	2026-09-27T07:09:00.1287057Z env:
verify / linux	UNKNOWN STEP	2026-09-27T07:09:00.1287272Z   CARGO_TERM_COLOR: always
verify / linux	UNKNOWN STEP	2026-09-27T07:09:00.1287618Z   KOTORI_TEST_ARTIFACTS: /home/runner/work/Kotori/Kotori/test-artifacts
verify / linux	UNKNOWN STEP	2026-09-27T07:09:00.1287976Z   targets: 
verify / linux	UNKNOWN STEP	2026-09-27T07:09:00.1288198Z   components: rustfmt, clippy
verify / linux	UNKNOWN STEP	2026-09-27T07:09:00.1288447Z ##[endgroup]
verify / linux	UNKNOWN STEP	2026-09-27T07:09:00.1357345Z ##[end-action id=__dtolnay_rust-toolchain.flags;outcome=success;conclusion=success;duration_ms=13]
verify / linux	UNKNOWN STEP	2026-09-27T07:09:00.1439448Z ##[start-action display=Set $CARGO_HOME;id=__dtolnay_rust-toolchain.__run]
verify / linux	UNKNOWN STEP	2026-09-27T07:09:00.1460629Z ##[group]Run echo CARGO_HOME=${CARGO_HOME:-"$HOME/.cargo"} >> $GITHUB_ENV
verify / linux	UNKNOWN STEP	2026-09-27T07:09:00.1461100Z ^[[36;1mecho CARGO_HOME=${CARGO_HOME:-"$HOME/.cargo"} >> $GITHUB_ENV^[[0m
verify / linux	UNKNOWN STEP	2026-09-27T07:09:00.1497267Z shell: /usr/bin/bash --noprofile --norc -e -o pipefail {0}
verify / linux	UNKNOWN STEP	2026-09-27T07:09:00.1497594Z env:
verify / linux	UNKNOWN STEP	2026-09-27T07:09:00.1497800Z   CARGO_TERM_COLOR: always
verify / linux	UNKNOWN STEP	2026-09-27T07:09:00.1498140Z   KOTORI_TEST_ARTIFACTS: /home/runner/work/Kotori/Kotori/test-artifacts
verify / linux	UNKNOWN STEP	2026-09-27T07:09:00.1498501Z ##[endgroup]
verify / linux	UNKNOWN STEP	2026-09-27T07:09:00.1560747Z ##[end-action id=__dtolnay_rust-toolchain.__run;outcome=success;conclusion=success;duration_ms=12]
verify / linux	UNKNOWN STEP	2026-09-27T07:09:00.1563081Z ##[start-action display=Install rustup if needed;id=__dtolnay_rust-toolchain.__run_2]
verify / linux	UNKNOWN STEP	2026-09-27T07:09:00.1585650Z ##[group]Run if ! command -v rustup &>/dev/null; then
verify / linux	UNKNOWN STEP	2026-09-27T07:09:00.1586026Z ^[[36;1mif ! command -v rustup &>/dev/null; then^[[0m
verify / linux	UNKNOWN STEP	2026-09-27T07:09:00.1586760Z ^[[36;1m  curl --proto '=https' --tlsv1.2 --retry 10 --retry-connrefused --location --silent --show-error --fail https://sh.rustup.rs | sh -s -- --default-toolchain none -y^[[0m
verify / linux	UNKNOWN STEP	2026-09-27T07:09:00.1587454Z ^[[36;1m  echo "$CARGO_HOME/bin" >> $GITHUB_PATH^[[0m
verify / linux	UNKNOWN STEP	2026-09-27T07:09:00.1587742Z ^[[36;1mfi^[[0m
verify / linux	UNKNOWN STEP	2026-09-27T07:09:00.1623496Z shell: /usr/bin/bash --noprofile --norc -e -o pipefail {0}
verify / linux	UNKNOWN STEP	2026-09-27T07:09:00.1623838Z env:
verify / linux	UNKNOWN STEP	2026-09-27T07:09:00.1624261Z   CARGO_TERM_COLOR: always
verify / linux	UNKNOWN STEP	2026-09-27T07:09:00.1624641Z   KOTORI_TEST_ARTIFACTS: /home/runner/work/Kotori/Kotori/test-artifacts
verify / linux	UNKNOWN STEP	2026-09-27T07:09:00.1625075Z   CARGO_HOME: /home/runner/.cargo
verify / linux	UNKNOWN STEP	2026-09-27T07:09:00.1625323Z ##[endgroup]
verify / linux	UNKNOWN STEP	2026-09-27T07:09:00.1684452Z ##[end-action id=__dtolnay_rust-toolchain.__run_2;outcome=success;conclusion=success;duration_ms=12]
verify / linux	UNKNOWN STEP	2026-09-27T07:09:00.1686828Z ##[start-action display=Install rustup if needed on windows;id=__dtolnay_rust-toolchain.__run_3]
verify / linux	UNKNOWN STEP	2026-09-27T07:09:00.1694576Z ##[end-action id=__dtolnay_rust-toolchain.__run_3;outcome=skipped;conclusion=skipped;duration_ms=0]
verify / linux	UNKNOWN STEP	2026-09-27T07:09:00.1706037Z ##[start-action display=rustup toolchain install stable;id=__dtolnay_rust-toolchain.__run_4]
verify / linux	UNKNOWN STEP	2026-09-27T07:09:00.1722428Z ##[group]Run rustup toolchain install stable --component rustfmt --component clippy --profile minimal --no-self-update
verify / linux	UNKNOWN STEP	2026-09-27T07:09:00.1723197Z ^[[36;1mrustup toolchain install stable --component rustfmt --component clippy --profile minimal --no-self-update^[[0m
verify / linux	UNKNOWN STEP	2026-09-27T07:09:00.1758719Z shell: /usr/bin/bash --noprofile --norc -e -o pipefail {0}
verify / linux	UNKNOWN STEP	2026-09-27T07:09:00.1759059Z env:
verify / linux	UNKNOWN STEP	2026-09-27T07:09:00.1759264Z   CARGO_TERM_COLOR: always
verify / linux	UNKNOWN STEP	2026-09-27T07:09:00.1759602Z   KOTORI_TEST_ARTIFACTS: /home/runner/work/Kotori/Kotori/test-artifacts
verify / linux	UNKNOWN STEP	2026-09-27T07:09:00.1759976Z   CARGO_HOME: /home/runner/.cargo
verify / linux	UNKNOWN STEP	2026-09-27T07:09:00.1760252Z   RUSTUP_PERMIT_COPY_RENAME: 1
verify / linux	UNKNOWN STEP	2026-09-27T07:09:00.1760504Z ##[endgroup]
verify / linux	UNKNOWN STEP	2026-09-27T07:09:00.3808968Z info: syncing channel updates for stable-x86_64-unknown-linux-gnu
verify / linux	UNKNOWN STEP	2026-09-27T07:09:00.5768277Z info: latest update on 2026-09-03 for version 1.98.1 (48a229cea 2026-09-01)
verify / linux	UNKNOWN STEP	2026-09-27T07:09:00.5976871Z info: component clippy is up to date
verify / linux	UNKNOWN STEP	2026-09-27T07:09:00.5977927Z info: component rustfmt is up to date
verify / linux	UNKNOWN STEP	2026-09-27T07:09:00.5989672Z 
verify / linux	UNKNOWN STEP	2026-09-27T07:09:00.6076675Z   stable-x86_64-unknown-linux-gnu unchanged - rustc 1.98.1 (48a229cea 2026-09-01)
verify / linux	UNKNOWN STEP	2026-09-27T07:09:00.6077395Z 
verify / linux	UNKNOWN STEP	2026-09-27T07:09:00.6106965Z ##[end-action id=__dtolnay_rust-toolchain.__run_4;outcome=success;conclusion=success;duration_ms=439]
verify / linux	UNKNOWN STEP	2026-09-27T07:09:00.6112527Z ##[start-action display=rustup default stable;id=__dtolnay_rust-toolchain.__run_5]
verify / linux	UNKNOWN STEP	2026-09-27T07:09:00.6127955Z ##[group]Run rustup default stable
verify / linux	UNKNOWN STEP	2026-09-27T07:09:00.6128250Z ^[[36;1mrustup default stable^[[0m
verify / linux	UNKNOWN STEP	2026-09-27T07:09:00.6172769Z shell: /usr/bin/bash --noprofile --norc -e -o pipefail {0}
verify / linux	UNKNOWN STEP	2026-09-27T07:09:00.6173138Z env:
verify / linux	UNKNOWN STEP	2026-09-27T07:09:00.6173348Z   CARGO_TERM_COLOR: always
verify / linux	UNKNOWN STEP	2026-09-27T07:09:00.6173693Z   KOTORI_TEST_ARTIFACTS: /home/runner/work/Kotori/Kotori/test-artifacts
verify / linux	UNKNOWN STEP	2026-09-27T07:09:00.6174248Z   CARGO_HOME: /home/runner/.cargo
verify / linux	UNKNOWN STEP	2026-09-27T07:09:00.6174501Z ##[endgroup]
verify / linux	UNKNOWN STEP	2026-09-27T07:09:00.6265664Z info: using existing install for stable-x86_64-unknown-linux-gnu
verify / linux	UNKNOWN STEP	2026-09-27T07:09:00.6275615Z info: default toolchain set to stable-x86_64-unknown-linux-gnu
verify / linux	UNKNOWN STEP	2026-09-27T07:09:00.6276402Z 
verify / linux	UNKNOWN STEP	2026-09-27T07:09:00.6352704Z   stable-x86_64-unknown-linux-gnu unchanged - rustc 1.98.1 (48a229cea 2026-09-01)
verify / linux	UNKNOWN STEP	2026-09-27T07:09:00.6353213Z 
verify / linux	UNKNOWN STEP	2026-09-27T07:09:00.6365354Z ##[end-action id=__dtolnay_rust-toolchain.__run_5;outcome=success;conclusion=success;duration_ms=25]
verify / linux	UNKNOWN STEP	2026-09-27T07:09:00.6367587Z ##[start-action display=Create cachekey;id=__dtolnay_rust-toolchain.rustc-version]
verify / linux	UNKNOWN STEP	2026-09-27T07:09:00.6383202Z ##[group]Run DATE=$(rustc +stable --version --verbose | sed -ne 's/^commit-date: \(20[0-9][0-9]\)-\([01][0-9]\)-\([0-3][0-9]\)$/\1\2\3/p')
verify / linux	UNKNOWN STEP	2026-09-27T07:09:00.6384209Z ^[[36;1mDATE=$(rustc +stable --version --verbose | sed -ne 's/^commit-date: \(20[0-9][0-9]\)-\([01][0-9]\)-\([0-3][0-9]\)$/\1\2\3/p')^[[0m
verify / linux	UNKNOWN STEP	2026-09-27T07:09:00.6385040Z ^[[36;1mHASH=$(rustc +stable --version --verbose | sed -ne 's/^commit-hash: //p')^[[0m
verify / linux	UNKNOWN STEP	2026-09-27T07:09:00.6385532Z ^[[36;1mecho "cachekey=$(echo $DATE$HASH | head -c12)" >> $GITHUB_OUTPUT^[[0m
verify / linux	UNKNOWN STEP	2026-09-27T07:09:00.6420627Z shell: /usr/bin/bash --noprofile --norc -e -o pipefail {0}
verify / linux	UNKNOWN STEP	2026-09-27T07:09:00.6420962Z env:
verify / linux	UNKNOWN STEP	2026-09-27T07:09:00.6421170Z   CARGO_TERM_COLOR: always
verify / linux	UNKNOWN STEP	2026-09-27T07:09:00.6421513Z   KOTORI_TEST_ARTIFACTS: /home/runner/work/Kotori/Kotori/test-artifacts
verify / linux	UNKNOWN STEP	2026-09-27T07:09:00.6421901Z   CARGO_HOME: /home/runner/.cargo
verify / linux	UNKNOWN STEP	2026-09-27T07:09:00.6422146Z ##[endgroup]
verify / linux	UNKNOWN STEP	2026-09-27T07:09:00.6753635Z ##[end-action id=__dtolnay_rust-toolchain.rustc-version;outcome=success;conclusion=success;duration_ms=38]
verify / linux	UNKNOWN STEP	2026-09-27T07:09:00.6756218Z ##[start-action display=Disable incremental compilation;id=__dtolnay_rust-toolchain.__run_6]
verify / linux	UNKNOWN STEP	2026-09-27T07:09:00.6770920Z ##[group]Run if [ -z "${CARGO_INCREMENTAL+set}" ]; then
verify / linux	UNKNOWN STEP	2026-09-27T07:09:00.6771305Z ^[[36;1mif [ -z "${CARGO_INCREMENTAL+set}" ]; then^[[0m
verify / linux	UNKNOWN STEP	2026-09-27T07:09:00.6771636Z ^[[36;1m  echo CARGO_INCREMENTAL=0 >> $GITHUB_ENV^[[0m
verify / linux	UNKNOWN STEP	2026-09-27T07:09:00.6771975Z ^[[36;1mfi^[[0m
verify / linux	UNKNOWN STEP	2026-09-27T07:09:00.6807670Z shell: /usr/bin/bash --noprofile --norc -e -o pipefail {0}
verify / linux	UNKNOWN STEP	2026-09-27T07:09:00.6808006Z env:
verify / linux	UNKNOWN STEP	2026-09-27T07:09:00.6808216Z   CARGO_TERM_COLOR: always
verify / linux	UNKNOWN STEP	2026-09-27T07:09:00.6808558Z   KOTORI_TEST_ARTIFACTS: /home/runner/work/Kotori/Kotori/test-artifacts
verify / linux	UNKNOWN STEP	2026-09-27T07:09:00.6808948Z   CARGO_HOME: /home/runner/.cargo
verify / linux	UNKNOWN STEP	2026-09-27T07:09:00.6809196Z ##[endgroup]
verify / linux	UNKNOWN STEP	2026-09-27T07:09:00.6866317Z ##[end-action id=__dtolnay_rust-toolchain.__run_6;outcome=success;conclusion=success;duration_ms=10]
verify / linux	UNKNOWN STEP	2026-09-27T07:09:00.6868422Z ##[start-action display=Enable colors in Cargo output;id=__dtolnay_rust-toolchain.__run_7]
verify / linux	UNKNOWN STEP	2026-09-27T07:09:00.6881848Z ##[group]Run if [ -z "${CARGO_TERM_COLOR+set}" ]; then
verify / linux	UNKNOWN STEP	2026-09-27T07:09:00.6882214Z ^[[36;1mif [ -z "${CARGO_TERM_COLOR+set}" ]; then^[[0m
verify / linux	UNKNOWN STEP	2026-09-27T07:09:00.6882550Z ^[[36;1m  echo CARGO_TERM_COLOR=always >> $GITHUB_ENV^[[0m
verify / linux	UNKNOWN STEP	2026-09-27T07:09:00.6882845Z ^[[36;1mfi^[[0m
verify / linux	UNKNOWN STEP	2026-09-27T07:09:00.6914632Z shell: /usr/bin/bash --noprofile --norc -e -o pipefail {0}
verify / linux	UNKNOWN STEP	2026-09-27T07:09:00.6915103Z env:
verify / linux	UNKNOWN STEP	2026-09-27T07:09:00.6915311Z   CARGO_TERM_COLOR: always
verify / linux	UNKNOWN STEP	2026-09-27T07:09:00.6915648Z   KOTORI_TEST_ARTIFACTS: /home/runner/work/Kotori/Kotori/test-artifacts
verify / linux	UNKNOWN STEP	2026-09-27T07:09:00.6916034Z   CARGO_HOME: /home/runner/.cargo
verify / linux	UNKNOWN STEP	2026-09-27T07:09:00.6916287Z   CARGO_INCREMENTAL: 0
verify / linux	UNKNOWN STEP	2026-09-27T07:09:00.6916501Z ##[endgroup]
verify / linux	UNKNOWN STEP	2026-09-27T07:09:00.6969316Z ##[end-action id=__dtolnay_rust-toolchain.__run_7;outcome=success;conclusion=success;duration_ms=10]
verify / linux	UNKNOWN STEP	2026-09-27T07:09:00.6971350Z ##[start-action display=Enable Cargo sparse registry;id=__dtolnay_rust-toolchain.__run_8]
verify / linux	UNKNOWN STEP	2026-09-27T07:09:00.6986207Z ##[group]Run # implemented in 1.66, stabilized in 1.68, made default in 1.70
verify / linux	UNKNOWN STEP	2026-09-27T07:09:00.6986716Z ^[[36;1m# implemented in 1.66, stabilized in 1.68, made default in 1.70^[[0m
verify / linux	UNKNOWN STEP	2026-09-27T07:09:00.6987395Z ^[[36;1mif [ -z "${CARGO_REGISTRIES_CRATES_IO_PROTOCOL+set}" -o -f "/home/runner/work/_temp"/.implicit_cargo_registries_crates_io_protocol ]; then^[[0m
verify / linux	UNKNOWN STEP	2026-09-27T07:09:00.6988235Z ^[[36;1m  if rustc +stable --version --verbose | grep -q '^release: 1\.6[89]\.'; then^[[0m
verify / linux	UNKNOWN STEP	2026-09-27T07:09:00.6988783Z ^[[36;1m    touch "/home/runner/work/_temp"/.implicit_cargo_registries_crates_io_protocol || true^[[0m
verify / linux	UNKNOWN STEP	2026-09-27T07:09:00.6989304Z ^[[36;1m    echo CARGO_REGISTRIES_CRATES_IO_PROTOCOL=sparse >> $GITHUB_ENV^[[0m
verify / linux	UNKNOWN STEP	2026-09-27T07:09:00.6989779Z ^[[36;1m  elif rustc +stable --version --verbose | grep -q '^release: 1\.6[67]\.'; then^[[0m
verify / linux	UNKNOWN STEP	2026-09-27T07:09:00.6990314Z ^[[36;1m    touch "/home/runner/work/_temp"/.implicit_cargo_registries_crates_io_protocol || true^[[0m
verify / linux	UNKNOWN STEP	2026-09-27T07:09:00.6990814Z ^[[36;1m    echo CARGO_REGISTRIES_CRATES_IO_PROTOCOL=git >> $GITHUB_ENV^[[0m
verify / linux	UNKNOWN STEP	2026-09-27T07:09:00.6991147Z ^[[36;1m  fi^[[0m
verify / linux	UNKNOWN STEP	2026-09-27T07:09:00.6991346Z ^[[36;1mfi^[[0m
verify / linux	UNKNOWN STEP	2026-09-27T07:09:00.7021246Z shell: /usr/bin/bash --noprofile --norc -e -o pipefail {0}
verify / linux	UNKNOWN STEP	2026-09-27T07:09:00.7021581Z env:
verify / linux	UNKNOWN STEP	2026-09-27T07:09:00.7021785Z   CARGO_TERM_COLOR: always
verify / linux	UNKNOWN STEP	2026-09-27T07:09:00.7022139Z   KOTORI_TEST_ARTIFACTS: /home/runner/work/Kotori/Kotori/test-artifacts
verify / linux	UNKNOWN STEP	2026-09-27T07:09:00.7022533Z   CARGO_HOME: /home/runner/.cargo
verify / linux	UNKNOWN STEP	2026-09-27T07:09:00.7022792Z   CARGO_INCREMENTAL: 0
verify / linux	UNKNOWN STEP	2026-09-27T07:09:00.7023011Z ##[endgroup]
verify / linux	UNKNOWN STEP	2026-09-27T07:09:00.7304878Z ##[end-action id=__dtolnay_rust-toolchain.__run_8;outcome=success;conclusion=success;duration_ms=33]
verify / linux	UNKNOWN STEP	2026-09-27T07:09:00.7307293Z ##[start-action display=Work around spurious network errors in curl 8.0;id=__dtolnay_rust-toolchain.__run_9]
verify / linux	UNKNOWN STEP	2026-09-27T07:09:00.7322541Z ##[group]Run # https://rust-lang.zulipchat.com/#narrow/stream/246057-t-cargo/topic/timeout.20investigation
verify / linux	UNKNOWN STEP	2026-09-27T07:09:00.7323252Z ^[[36;1m# https://rust-lang.zulipchat.com/#narrow/stream/246057-t-cargo/topic/timeout.20investigation^[[0m
verify / linux	UNKNOWN STEP	2026-09-27T07:09:00.7323842Z ^[[36;1mif rustc +stable --version --verbose | grep -q '^release: 1\.7[01]\.'; then^[[0m
verify / linux	UNKNOWN STEP	2026-09-27T07:09:00.7324554Z ^[[36;1m  echo CARGO_HTTP_MULTIPLEXING=false >> $GITHUB_ENV^[[0m
verify / linux	UNKNOWN STEP	2026-09-27T07:09:00.7324870Z ^[[36;1mfi^[[0m
verify / linux	UNKNOWN STEP	2026-09-27T07:09:00.7360216Z shell: /usr/bin/bash --noprofile --norc -e -o pipefail {0}
verify / linux	UNKNOWN STEP	2026-09-27T07:09:00.7360572Z env:
verify / linux	UNKNOWN STEP	2026-09-27T07:09:00.7360776Z   CARGO_TERM_COLOR: always
verify / linux	UNKNOWN STEP	2026-09-27T07:09:00.7361120Z   KOTORI_TEST_ARTIFACTS: /home/runner/work/Kotori/Kotori/test-artifacts
verify / linux	UNKNOWN STEP	2026-09-27T07:09:00.7361513Z   CARGO_HOME: /home/runner/.cargo
verify / linux	UNKNOWN STEP	2026-09-27T07:09:00.7361765Z   CARGO_INCREMENTAL: 0
verify / linux	UNKNOWN STEP	2026-09-27T07:09:00.7361984Z ##[endgroup]
verify / linux	UNKNOWN STEP	2026-09-27T07:09:00.7562130Z ##[end-action id=__dtolnay_rust-toolchain.__run_9;outcome=success;conclusion=success;duration_ms=25]
verify / linux	UNKNOWN STEP	2026-09-27T07:09:00.7566064Z ##[start-action display=rustc +stable --version --verbose;id=__dtolnay_rust-toolchain.__run_10]
verify / linux	UNKNOWN STEP	2026-09-27T07:09:00.7582369Z ##[group]Run rustc +stable --version --verbose
verify / linux	UNKNOWN STEP	2026-09-27T07:09:00.7582711Z ^[[36;1mrustc +stable --version --verbose^[[0m
verify / linux	UNKNOWN STEP	2026-09-27T07:09:00.7619477Z shell: /usr/bin/bash --noprofile --norc -e -o pipefail {0}
verify / linux	UNKNOWN STEP	2026-09-27T07:09:00.7619835Z env:
verify / linux	UNKNOWN STEP	2026-09-27T07:09:00.7620058Z   CARGO_TERM_COLOR: always
verify / linux	UNKNOWN STEP	2026-09-27T07:09:00.7620434Z   KOTORI_TEST_ARTIFACTS: /home/runner/work/Kotori/Kotori/test-artifacts
verify / linux	UNKNOWN STEP	2026-09-27T07:09:00.7620980Z   CARGO_HOME: /home/runner/.cargo
verify / linux	UNKNOWN STEP	2026-09-27T07:09:00.7621236Z   CARGO_INCREMENTAL: 0
verify / linux	UNKNOWN STEP	2026-09-27T07:09:00.7621466Z ##[endgroup]
verify / linux	UNKNOWN STEP	2026-09-27T07:09:00.7791319Z rustc 1.98.1 (48a229cea 2026-09-01)
verify / linux	UNKNOWN STEP	2026-09-27T07:09:00.7792128Z binary: rustc
verify / linux	UNKNOWN STEP	2026-09-27T07:09:00.7792926Z commit-hash: 48a229ceaefd4985c50990b14116b6d856af0985
verify / linux	UNKNOWN STEP	2026-09-27T07:09:00.7793673Z commit-date: 2026-09-01
verify / linux	UNKNOWN STEP	2026-09-27T07:09:00.7794543Z host: x86_64-unknown-linux-gnu
verify / linux	UNKNOWN STEP	2026-09-27T07:09:00.7795146Z release: 1.98.1
verify / linux	UNKNOWN STEP	2026-09-27T07:09:00.7795694Z LLVM version: 22.1.8
verify / linux	UNKNOWN STEP	2026-09-27T07:09:00.7812944Z ##[end-action id=__dtolnay_rust-toolchain.__run_10;outcome=success;conclusion=success;duration_ms=24]
verify / linux	UNKNOWN STEP	2026-09-27T07:09:00.7918050Z ##[group]Run Swatinem/rust-cache@v2
verify / linux	UNKNOWN STEP	2026-09-27T07:09:00.7918358Z with:
verify / linux	UNKNOWN STEP	2026-09-27T07:09:00.7918588Z   prefix-key: v0-rust
verify / linux	UNKNOWN STEP	2026-09-27T07:09:00.7918831Z   add-job-id-key: true
verify / linux	UNKNOWN STEP	2026-09-27T07:09:00.7919102Z   add-rust-environment-hash-key: true
verify / linux	UNKNOWN STEP	2026-09-27T07:09:00.7919417Z   cache-targets: true
verify / linux	UNKNOWN STEP	2026-09-27T07:09:00.7919660Z   cache-all-crates: false
verify / linux	UNKNOWN STEP	2026-09-27T07:09:00.7919925Z   cache-workspace-crates: false
verify / linux	UNKNOWN STEP	2026-09-27T07:09:00.7920204Z   save-if: true
verify / linux	UNKNOWN STEP	2026-09-27T07:09:00.7920435Z   cache-provider: github
verify / linux	UNKNOWN STEP	2026-09-27T07:09:00.7920682Z   cache-bin: true
verify / linux	UNKNOWN STEP	2026-09-27T07:09:00.7920908Z   lookup-only: false
verify / linux	UNKNOWN STEP	2026-09-27T07:09:00.7921138Z   cmd-format: {0}
verify / linux	UNKNOWN STEP	2026-09-27T07:09:00.7921357Z env:
verify / linux	UNKNOWN STEP	2026-09-27T07:09:00.7921566Z   CARGO_TERM_COLOR: always
verify / linux	UNKNOWN STEP	2026-09-27T07:09:00.7921931Z   KOTORI_TEST_ARTIFACTS: /home/runner/work/Kotori/Kotori/test-artifacts
verify / linux	UNKNOWN STEP	2026-09-27T07:09:00.7922323Z   CARGO_HOME: /home/runner/.cargo
verify / linux	UNKNOWN STEP	2026-09-27T07:09:00.7922597Z   CARGO_INCREMENTAL: 0
verify / linux	UNKNOWN STEP	2026-09-27T07:09:00.7922885Z ##[endgroup]
verify / linux	UNKNOWN STEP	2026-09-27T07:09:01.1543479Z ##[group]Cache Configuration
verify / linux	UNKNOWN STEP	2026-09-27T07:09:01.1543867Z Cache Provider:
verify / linux	UNKNOWN STEP	2026-09-27T07:09:01.1544282Z     github
verify / linux	UNKNOWN STEP	2026-09-27T07:09:01.1544493Z Workspaces:
verify / linux	UNKNOWN STEP	2026-09-27T07:09:01.1544778Z     /home/runner/work/Kotori/Kotori
verify / linux	UNKNOWN STEP	2026-09-27T07:09:01.1545141Z Cache Paths:
verify / linux	UNKNOWN STEP	2026-09-27T07:09:01.1545350Z     /home/runner/.cargo/bin
verify / linux	UNKNOWN STEP	2026-09-27T07:09:01.1545612Z     /home/runner/.cargo/.crates.toml
verify / linux	UNKNOWN STEP	2026-09-27T07:09:01.1545888Z     /home/runner/.cargo/.crates2.json
verify / linux	UNKNOWN STEP	2026-09-27T07:09:01.1546167Z     /home/runner/.cargo/registry
verify / linux	UNKNOWN STEP	2026-09-27T07:09:01.1546412Z     /home/runner/.cargo/git
verify / linux	UNKNOWN STEP	2026-09-27T07:09:01.1546661Z     /home/runner/work/Kotori/Kotori/target
verify / linux	UNKNOWN STEP	2026-09-27T07:09:01.1547092Z Restore Key:
verify / linux	UNKNOWN STEP	2026-09-27T07:09:01.1547373Z     v0-rust-linux-Linux-x64-6ff13d87
verify / linux	UNKNOWN STEP	2026-09-27T07:09:01.1547723Z Cache Key:
verify / linux	UNKNOWN STEP	2026-09-27T07:09:01.1547952Z     v0-rust-linux-Linux-x64-6ff13d87-fbcba0e4
verify / linux	UNKNOWN STEP	2026-09-27T07:09:01.1548230Z .. Prefix:
verify / linux	UNKNOWN STEP	2026-09-27T07:09:01.1548429Z   - v0-rust-linux-Linux-x64
verify / linux	UNKNOWN STEP	2026-09-27T07:09:01.1548687Z .. Environment considered:
verify / linux	UNKNOWN STEP	2026-09-27T07:09:01.1548958Z   - Rust Versions:
verify / linux	UNKNOWN STEP	2026-09-27T07:09:01.1549541Z     - 1.98.1 x86_64-unknown-linux-gnu 48a229ceaefd4985c50990b14116b6d856af0985
verify / linux	UNKNOWN STEP	2026-09-27T07:09:01.1549930Z   - CARGO_HOME
verify / linux	UNKNOWN STEP	2026-09-27T07:09:01.1550139Z   - CARGO_INCREMENTAL
verify / linux	UNKNOWN STEP	2026-09-27T07:09:01.1550366Z   - CARGO_TERM_COLOR
verify / linux	UNKNOWN STEP	2026-09-27T07:09:01.1550585Z .. Lockfiles considered:
verify / linux	UNKNOWN STEP	2026-09-27T07:09:01.1550859Z   - /home/runner/work/Kotori/Kotori/.cargo/config.toml
verify / linux	UNKNOWN STEP	2026-09-27T07:09:01.1551300Z   - /home/runner/work/Kotori/Kotori/Cargo.lock
verify / linux	UNKNOWN STEP	2026-09-27T07:09:01.1551642Z   - /home/runner/work/Kotori/Kotori/Cargo.toml
verify / linux	UNKNOWN STEP	2026-09-27T07:09:01.1552275Z ##[endgroup]
verify / linux	UNKNOWN STEP	2026-09-27T07:09:01.1552435Z 
verify / linux	UNKNOWN STEP	2026-09-27T07:09:01.1552573Z ... Restoring cache ...
verify / linux	UNKNOWN STEP	2026-09-27T07:09:01.3567623Z Cache hit for: v0-rust-linux-Linux-x64-6ff13d87-fbcba0e4
verify / linux	UNKNOWN STEP	2026-09-27T07:09:02.5813043Z Received 25165824 of 1327599312 (1.9%), 24.0 MBs/sec
verify / linux	UNKNOWN STEP	2026-09-27T07:09:03.5856164Z Received 171966464 of 1327599312 (13.0%), 81.8 MBs/sec
verify / linux	UNKNOWN STEP	2026-09-27T07:09:04.5860874Z Received 356515840 of 1327599312 (26.9%), 113.2 MBs/sec
verify / linux	UNKNOWN STEP	2026-09-27T07:09:05.5859874Z Received 398458880 of 1327599312 (30.0%), 94.9 MBs/sec
verify / linux	UNKNOWN STEP	2026-09-27T07:09:06.5872933Z Received 536870912 of 1327599312 (40.4%), 102.3 MBs/sec
verify / linux	UNKNOWN STEP	2026-09-27T07:09:07.5883527Z Received 683671552 of 1327599312 (51.5%), 108.5 MBs/sec
verify / linux	UNKNOWN STEP	2026-09-27T07:09:08.5889585Z Received 805306368 of 1327599312 (60.7%), 109.6 MBs/sec
verify / linux	UNKNOWN STEP	2026-09-27T07:09:09.5893162Z Received 947912704 of 1327599312 (71.4%), 112.9 MBs/sec
verify / linux	UNKNOWN STEP	2026-09-27T07:09:10.5894943Z Received 1098907648 of 1327599312 (82.8%), 116.3 MBs/sec
verify / linux	UNKNOWN STEP	2026-09-27T07:09:11.5894117Z Received 1224736768 of 1327599312 (92.3%), 116.7 MBs/sec
verify / linux	UNKNOWN STEP	2026-09-27T07:09:12.1955617Z Received 1327599312 of 1327599312 (100.0%), 119.3 MBs/sec
verify / linux	UNKNOWN STEP	2026-09-27T07:09:12.1957083Z Cache Size: ~1266 MB (1327599312 B)
verify / linux	UNKNOWN STEP	2026-09-27T07:09:12.2100383Z [command]/usr/bin/tar -xf /home/runner/work/_temp/60fe3427-b506-43c1-9705-06878ce53d63/cache.tzst -P -C /home/runner/work/Kotori/Kotori --use-compress-program unzstd
verify / linux	UNKNOWN STEP	2026-09-27T07:09:23.0024659Z Cache restored successfully
verify / linux	UNKNOWN STEP	2026-09-27T07:09:23.2536239Z Restored from cache key "v0-rust-linux-Linux-x64-6ff13d87-fbcba0e4" full match: true.
verify / linux	UNKNOWN STEP	2026-09-27T07:09:23.2657788Z ##[group]Run cargo fmt --all --check
verify / linux	UNKNOWN STEP	2026-09-27T07:09:23.2658180Z ^[[36;1mcargo fmt --all --check^[[0m
verify / linux	UNKNOWN STEP	2026-09-27T07:09:23.2695777Z shell: /usr/bin/bash -e {0}
verify / linux	UNKNOWN STEP	2026-09-27T07:09:23.2696066Z env:
verify / linux	UNKNOWN STEP	2026-09-27T07:09:23.2696297Z   CARGO_TERM_COLOR: always
verify / linux	UNKNOWN STEP	2026-09-27T07:09:23.2696686Z   KOTORI_TEST_ARTIFACTS: /home/runner/work/Kotori/Kotori/test-artifacts
verify / linux	UNKNOWN STEP	2026-09-27T07:09:23.2697095Z   CARGO_HOME: /home/runner/.cargo
verify / linux	UNKNOWN STEP	2026-09-27T07:09:23.2697372Z   CARGO_INCREMENTAL: 0
verify / linux	UNKNOWN STEP	2026-09-27T07:09:23.2697624Z   CACHE_ON_FAILURE: false
verify / linux	UNKNOWN STEP	2026-09-27T07:09:23.2697871Z ##[endgroup]
verify / linux	UNKNOWN STEP	2026-09-27T07:09:25.0397710Z ##[group]Run bash scripts/check-file-size.sh
verify / linux	UNKNOWN STEP	2026-09-27T07:09:25.0398085Z ^[[36;1mbash scripts/check-file-size.sh^[[0m
verify / linux	UNKNOWN STEP	2026-09-27T07:09:25.0434456Z shell: /usr/bin/bash -e {0}
verify / linux	UNKNOWN STEP	2026-09-27T07:09:25.0434741Z env:
verify / linux	UNKNOWN STEP	2026-09-27T07:09:25.0434982Z   CARGO_TERM_COLOR: always
verify / linux	UNKNOWN STEP	2026-09-27T07:09:25.0435350Z   KOTORI_TEST_ARTIFACTS: /home/runner/work/Kotori/Kotori/test-artifacts
verify / linux	UNKNOWN STEP	2026-09-27T07:09:25.0435751Z   CARGO_HOME: /home/runner/.cargo
verify / linux	UNKNOWN STEP	2026-09-27T07:09:25.0436030Z   CARGO_INCREMENTAL: 0
verify / linux	UNKNOWN STEP	2026-09-27T07:09:25.0436305Z   CACHE_ON_FAILURE: false
verify / linux	UNKNOWN STEP	2026-09-27T07:09:25.0436570Z ##[endgroup]
verify / linux	UNKNOWN STEP	2026-09-27T07:09:25.4273381Z 超过硬线 600 行的源文件：0 个（基线 0 个）；另有 0 个落在软线 500 行之上
verify / linux	UNKNOWN STEP	2026-09-27T07:09:25.4274208Z （一个都没有，硬线守住了）
verify / linux	UNKNOWN STEP	2026-09-27T07:09:25.4301752Z ##[group]Run cargo clippy --all-targets --locked -- -D warnings
verify / linux	UNKNOWN STEP	2026-09-27T07:09:25.4302225Z ^[[36;1mcargo clippy --all-targets --locked -- -D warnings^[[0m
verify / linux	UNKNOWN STEP	2026-09-27T07:09:25.4338371Z shell: /usr/bin/bash -e {0}
verify / linux	UNKNOWN STEP	2026-09-27T07:09:25.4338650Z env:
verify / linux	UNKNOWN STEP	2026-09-27T07:09:25.4338869Z   CARGO_TERM_COLOR: always
verify / linux	UNKNOWN STEP	2026-09-27T07:09:25.4339222Z   KOTORI_TEST_ARTIFACTS: /home/runner/work/Kotori/Kotori/test-artifacts
verify / linux	UNKNOWN STEP	2026-09-27T07:09:25.4339623Z   CARGO_HOME: /home/runner/.cargo
verify / linux	UNKNOWN STEP	2026-09-27T07:09:25.4339889Z   CARGO_INCREMENTAL: 0
verify / linux	UNKNOWN STEP	2026-09-27T07:09:25.4340121Z   CACHE_ON_FAILURE: false
verify / linux	UNKNOWN STEP	2026-09-27T07:09:25.4340357Z ##[endgroup]
verify / linux	UNKNOWN STEP	2026-09-27T07:09:25.9050542Z ^[[1m^[[92m    Updating^[[0m crates.io index
verify / linux	UNKNOWN STEP	2026-09-27T07:09:27.9202411Z ^[[1m^[[92m   Compiling^[[0m kotori v0.1.0 (/home/runner/work/Kotori/Kotori)
verify / linux	UNKNOWN STEP	2026-09-27T07:10:04.9655365Z ^[[1m^[[92m    Finished^[[0m `dev` profile [optimized + debuginfo] target(s) in 39.45s
verify / linux	UNKNOWN STEP	2026-09-27T07:10:05.0114598Z ##[group]Run scripts/test.sh
verify / linux	UNKNOWN STEP	2026-09-27T07:10:05.0115090Z ^[[36;1mscripts/test.sh^[[0m
verify / linux	UNKNOWN STEP	2026-09-27T07:10:05.0171078Z shell: /usr/bin/bash -e {0}
verify / linux	UNKNOWN STEP	2026-09-27T07:10:05.0171530Z env:
verify / linux	UNKNOWN STEP	2026-09-27T07:10:05.0171857Z   CARGO_TERM_COLOR: always
verify / linux	UNKNOWN STEP	2026-09-27T07:10:05.0172476Z   KOTORI_TEST_ARTIFACTS: /home/runner/work/Kotori/Kotori/test-artifacts
verify / linux	UNKNOWN STEP	2026-09-27T07:10:05.0173195Z   CARGO_HOME: /home/runner/.cargo
verify / linux	UNKNOWN STEP	2026-09-27T07:10:05.0173651Z   CARGO_INCREMENTAL: 0
verify / linux	UNKNOWN STEP	2026-09-27T07:10:05.0174281Z   CACHE_ON_FAILURE: false
verify / linux	UNKNOWN STEP	2026-09-27T07:10:05.0174699Z ##[endgroup]
verify / linux	UNKNOWN STEP	2026-09-27T07:10:05.3875228Z ^[[1m^[[92m   Compiling^[[0m kotori v0.1.0 (/home/runner/work/Kotori/Kotori)
verify / linux	UNKNOWN STEP	2026-09-27T07:14:25.7209717Z ^[[1m^[[92m    Finished^[[0m `test` profile [optimized + debuginfo] target(s) in 4m 20s
verify / linux	UNKNOWN STEP	2026-09-27T07:14:25.7445385Z ^[[1m^[[92m     Running^[[0m unittests src/main.rs (target/debug/deps/kotori-7f624b4dfe063160)
verify / linux	UNKNOWN STEP	2026-09-27T07:14:25.7561615Z 
verify / linux	UNKNOWN STEP	2026-09-27T07:14:25.7562588Z running 535 tests
verify / linux	UNKNOWN STEP	2026-09-27T07:14:25.7577346Z test config::lock::tests::the_lock_lives_beside_the_config ... ok
verify / linux	UNKNOWN STEP	2026-09-27T07:14:25.7578370Z test config::lock::tests::a_second_writer_is_locked_out_until_the_first_one_finishes ... ok
verify / linux	UNKNOWN STEP	2026-09-27T07:14:25.7579318Z test config::paths::tests::a_malformed_config_is_backed_up_by_load_at ... ok
verify / linux	UNKNOWN STEP	2026-09-27T07:14:25.7580529Z test config::paths::tests::a_config_next_to_the_binary_wins_over_the_default ... ok
verify / linux	UNKNOWN STEP	2026-09-27T07:14:25.7584805Z test config::paths::tests::a_portable_config_keeps_its_data_next_to_itself ... ok
verify / linux	UNKNOWN STEP	2026-09-27T07:14:25.7586196Z test config::paths::tests::an_unreadable_config_is_an_error_not_a_fresh_start ... ok
verify / linux	UNKNOWN STEP	2026-09-27T07:14:25.7587384Z test config::paths::tests::no_exe_information_falls_back_to_the_default ... ok
verify / linux	UNKNOWN STEP	2026-09-27T07:14:25.7588410Z test config::paths::tests::a_leftover_temp_file_does_not_disturb_the_config ... ok
verify / linux	UNKNOWN STEP	2026-09-27T07:14:25.7589422Z test config::paths::tests::portable_means_the_config_sits_next_to_the_binary ... ok
verify / linux	UNKNOWN STEP	2026-09-27T07:14:25.7590632Z test config::profile::tests::a_hand_written_separator_is_rejected ... ok
verify / linux	UNKNOWN STEP	2026-09-27T07:14:25.7591857Z test config::profile::tests::algorithm_labels_round_trip ... ok
verify / linux	UNKNOWN STEP	2026-09-27T07:14:25.7593110Z test config::paths::tests::without_a_beside_binary_config_the_default_directory_is_used ... ok
verify / linux	UNKNOWN STEP	2026-09-27T07:14:25.7594709Z test config::profile::tests::an_empty_game_resolution_leaves_the_size_to_gamescope ... ok
verify / linux	UNKNOWN STEP	2026-09-27T07:14:25.7598677Z test config::profile::tests::an_empty_profile_gets_the_screen_and_a_filled_one_overrides_it ... ok
verify / linux	UNKNOWN STEP	2026-09-27T07:14:25.7600225Z test config::profile::tests::free_form_is_about_the_arguments_being_there ... ok
verify / linux	UNKNOWN STEP	2026-09-27T07:14:25.7601792Z test config::profile::tests::normalize_clamps_sharpness_only ... ok
verify / linux	UNKNOWN STEP	2026-09-27T07:14:25.7606141Z test config::profile::tests::profile_validation_bounds_the_scaling_ratio ... ok
verify / linux	UNKNOWN STEP	2026-09-27T07:14:25.7607421Z test config::profile::tests::profile_validation_rejects_impossible_values ... ok
verify / linux	UNKNOWN STEP	2026-09-27T07:14:25.7608598Z test config::profile::tests::sharpness_is_clamped_and_rebuilt ... ok
verify / linux	UNKNOWN STEP	2026-09-27T07:14:25.7609835Z test config::sync::tests::a_sync_config_that_still_carries_encryption_still_loads ... ok
verify / linux	UNKNOWN STEP	2026-09-27T07:14:25.7611173Z test config::sync::tests::a_sync_config_without_an_engine_key_gets_the_current_default ... ok
verify / linux	UNKNOWN STEP	2026-09-27T07:14:25.7612539Z test config::sync::tests::a_sync_config_without_binary_paths_finds_the_programs_itself ... ok
verify / linux	UNKNOWN STEP	2026-09-27T07:14:25.7613738Z test config::sync::tests::the_engine_survives_a_round_trip ... ok
verify / linux	UNKNOWN STEP	2026-09-27T07:14:25.7614979Z test config::tests::a_hand_written_game_entry_needs_only_a_name_and_an_exe ... ok
verify / linux	UNKNOWN STEP	2026-09-27T07:14:25.7616073Z test config::tests::as_str_matches_what_serde_writes ... ok
verify / linux	UNKNOWN STEP	2026-09-27T07:14:25.7616963Z test config::tests::a_config_that_still_carries_follow_window_still_loads ... ok
verify / linux	UNKNOWN STEP	2026-09-27T07:14:25.7618019Z test config::tests::a_sync_config_that_still_carries_encryption_still_loads ... ok
verify / linux	UNKNOWN STEP	2026-09-27T07:14:25.7619087Z test config::tests::auto_watch_defaults_on_and_still_answers_to_its_old_name ... ok
verify / linux	UNKNOWN STEP	2026-09-27T07:14:25.7620348Z test config::tests::legacy_lanczos_config_no_longer_parses ... ok
verify / linux	UNKNOWN STEP	2026-09-27T07:14:25.7620899Z test config::tests::corrupt_config_is_backed_up ... ok
verify / linux	UNKNOWN STEP	2026-09-27T07:14:25.7621606Z test config::tests::missing_file_falls_back_to_defaults ... ok
verify / linux	UNKNOWN STEP	2026-09-27T07:14:25.7622376Z test config::tests::one_entry_missing_its_exe_does_not_take_the_whole_file_down ... ok
verify / linux	UNKNOWN STEP	2026-09-27T07:14:25.7623198Z test config::tests::partial_game_config_uses_serde_defaults ... ok
verify / linux	UNKNOWN STEP	2026-09-27T07:14:25.7623836Z test config::tests::the_watched_process_name_falls_back_to_the_exe_file_name ... ok
verify / linux	UNKNOWN STEP	2026-09-27T07:14:25.7624982Z test daemon::protocol::tests::a_patch_key_the_daemon_does_not_know_is_rejected ... ok
verify / linux	UNKNOWN STEP	2026-09-27T07:14:25.7625826Z test daemon::protocol::tests::an_absent_key_leaves_its_field_alone ... ok
verify / linux	UNKNOWN STEP	2026-09-27T07:14:25.7626329Z test config::tests::the_auto_watch_default_flips_old_configs_once_and_only_once ... ok
verify / linux	UNKNOWN STEP	2026-09-27T07:14:25.7626860Z test config::tests::config_round_trips_through_toml ... ok
verify / linux	UNKNOWN STEP	2026-09-27T07:14:25.7741986Z test daemon::sync_rpc::tests::resolve::resolve_can_bind_an_existing_cloud_identity ... ok
verify / linux	UNKNOWN STEP	2026-09-27T07:14:25.7755907Z test daemon::sync_rpc::tests::cloud_sync_cannot_be_switched_on_without_a_save_location ... ok
verify / linux	UNKNOWN STEP	2026-09-27T07:14:25.7766410Z test daemon::sync_rpc::tests::resolve::repeating_the_same_pair_is_idempotent ... ok
verify / linux	UNKNOWN STEP	2026-09-27T07:14:25.7770987Z test daemon::sync_rpc::tests::resolve::resolve_rejects_an_unknown_choice_without_mutating_the_binding ... ok
verify / linux	UNKNOWN STEP	2026-09-27T07:14:25.7776893Z test daemon::sync_rpc::tests::resolve::resolve_pair_without_an_identity_creates_a_new_binding_decision ... ok
verify / linux	UNKNOWN STEP	2026-09-27T07:14:25.7819606Z test daemon::sync_rpc::tests::settings_are_validated_before_they_are_stored ... ok
verify / linux	UNKNOWN STEP	2026-09-27T07:14:25.7834324Z test daemon::sync_rpc::tests::resolve::switching_one_game_off_stops_its_automatic_sync_only ... ok
verify / linux	UNKNOWN STEP	2026-09-27T07:14:25.7855539Z test daemon::sync_rpc::tests::resolve::the_pre_launch_self_check_asks_once_and_remembers_the_answer ... ok
verify / linux	UNKNOWN STEP	2026-09-27T07:14:25.7900697Z test daemon::sync_rpc::tests::status_explains_what_is_missing_instead_of_failing ... ok
verify / linux	UNKNOWN STEP	2026-09-27T07:14:25.7945777Z test daemon::sync_rpc::tests::the_machine_identity_is_created_once_and_persisted ... ok
verify / linux	UNKNOWN STEP	2026-09-27T07:14:25.7967256Z test daemon::sync_rpc::tests_credentials::a_launch_never_fails_because_sync_is_broken ... ok
verify / linux	UNKNOWN STEP	2026-09-27T07:14:25.7977056Z test daemon::sync_rpc::tests::status_never_returns_a_secret_value ... ok
verify / linux	UNKNOWN STEP	2026-09-27T07:14:25.7988352Z test daemon::sync_rpc::tests_credentials::a_launch_with_sync_off_does_not_touch_the_network ... ok
verify / linux	UNKNOWN STEP	2026-09-27T07:14:25.7990249Z test daemon::sync_rpc::tests_credentials::a_short_master_password_is_refused_with_a_reason ... ok
verify / linux	UNKNOWN STEP	2026-09-27T07:14:25.7991791Z test daemon::sync_rpc::tests_credentials::an_explicitly_given_store_is_never_replaced_behind_the_caller ... ok
verify / linux	UNKNOWN STEP	2026-09-27T07:14:25.8154266Z test daemon::sync_rpc::tests_credentials::credentials_go_into_the_keyring_and_can_be_cleared ... ok
verify / linux	UNKNOWN STEP	2026-09-27T07:14:25.8158428Z test daemon::sync_rpc::tests_credentials::every_sync_config_key_is_accepted_by_the_settings_patch ... ok
verify / linux	UNKNOWN STEP	2026-09-27T07:14:25.8167093Z test daemon::sync_rpc::tests_credentials::kopia_password_can_be_stored_and_cleared ... ok
verify / linux	UNKNOWN STEP	2026-09-27T07:14:25.8430990Z test config::paths::tests::a_reader_never_sees_a_half_written_config ... ok
verify / linux	UNKNOWN STEP	2026-09-27T07:14:25.8434510Z test daemon::sync_rpc::tests_credentials::the_store_never_changes_under_a_running_daemon ... ok
verify / linux	UNKNOWN STEP	2026-09-27T07:14:25.8454046Z test daemon::sync_rpc::tests_credentials::the_master_file_can_be_deleted_even_while_it_is_locked ... ok
verify / linux	UNKNOWN STEP	2026-09-27T07:14:25.8459692Z test daemon::tests::a_write_rereads_the_file_so_a_cli_add_is_not_overwritten ... ok
verify / linux	UNKNOWN STEP	2026-09-27T07:14:25.8467372Z test daemon::tests::config_source::a_failed_credential_move_leaves_the_config_source_unchanged ... ok
verify / linux	UNKNOWN STEP	2026-09-27T07:14:25.8495147Z test daemon::tests::config_source::switching_the_config_source_moves_it_and_makes_the_portable_one_step_aside ... ok
verify / linux	UNKNOWN STEP	2026-09-27T07:14:25.8504742Z test daemon::tests::config_source::switching_to_the_source_already_in_use_changes_nothing ... ok
verify / linux	UNKNOWN STEP	2026-09-27T07:14:25.8505989Z test daemon::tests::every_game_config_key_is_either_patchable_or_a_known_exception ... ok
verify / linux	UNKNOWN STEP	2026-09-27T07:14:25.8510686Z test daemon::tests::config_source::switching_the_config_source_takes_the_credentials_along ... ok
verify / linux	UNKNOWN STEP	2026-09-27T07:14:25.8511963Z test daemon::tests::game_list_exposes_the_full_scale_profile ... ok
verify / linux	UNKNOWN STEP	2026-09-27T07:14:25.8520421Z test daemon::tests::games_with_the_same_name_still_have_one_order ... ok
verify / linux	UNKNOWN STEP	2026-09-27T07:14:25.8521544Z test daemon::tests::games_are_sorted_by_name ... ok
verify / linux	UNKNOWN STEP	2026-09-27T07:14:25.8522582Z test daemon::tests::malformed_json_is_a_parse_error ... ok
verify / linux	UNKNOWN STEP	2026-09-27T07:14:25.8523398Z test daemon::tests::missing_params_are_invalid_params ... ok
verify / linux	UNKNOWN STEP	2026-09-27T07:14:25.8535634Z test daemon::tests::mounts::a_path_that_is_not_here_is_still_refused_without_a_reference ... ok
verify / linux	UNKNOWN STEP	2026-09-27T07:14:25.8551706Z test daemon::tests::mounts::a_null_reference_turns_it_off_and_is_not_filled_back_in ... ok
verify / linux	UNKNOWN STEP	2026-09-27T07:14:25.8557985Z test daemon::tests::mounts::a_reference_lets_a_path_that_is_not_mounted_here_through ... ok
verify / linux	UNKNOWN STEP	2026-09-27T07:14:25.8564696Z test daemon::tests::mounts::a_reference_that_escapes_its_disk_is_refused ... ok
verify / linux	UNKNOWN STEP	2026-09-27T07:14:25.8575706Z test daemon::tests::mounts::an_explicit_reference_is_stored_and_the_absolute_path_gives_way ... ok
verify / linux	UNKNOWN STEP	2026-09-27T07:14:25.8582832Z test daemon::tests::mounts::creating_a_game_with_a_reference_does_not_need_the_file_to_be_here ... ok
verify / linux	UNKNOWN STEP	2026-09-27T07:14:25.8595125Z test daemon::tests::mounts::creating_a_game_without_a_reference_still_needs_a_real_exe ... ok
verify / linux	UNKNOWN STEP	2026-09-27T07:14:25.8614813Z test daemon::tests::shutdown_reply_is_flagged ... ok
verify / linux	UNKNOWN STEP	2026-09-27T07:14:25.8624869Z test daemon::tests::status_on_unknown_session_lists_nothing_new ... ok
verify / linux	UNKNOWN STEP	2026-09-27T07:14:25.8626855Z test daemon::tests::mounts::infer_says_nothing_about_a_path_that_is_not_there ... ok
verify / linux	UNKNOWN STEP	2026-09-27T07:14:25.8627738Z test daemon::tests::status_reports_no_sessions_initially ... ok
verify / linux	UNKNOWN STEP	2026-09-27T07:14:25.8628542Z test daemon::tests::unknown_method_is_reported_as_method_not_found ... ok
verify / linux	UNKNOWN STEP	2026-09-27T07:14:25.8629483Z test desktop::kde::tests::kwin_accepts_our_scripts ... ignored, needs a live KDE session
verify / linux	UNKNOWN STEP	2026-09-27T07:14:25.8630326Z test daemon::tests::wrong_jsonrpc_version_is_rejected ... ok
verify / linux	UNKNOWN STEP	2026-09-27T07:14:25.8645269Z test display::tests::a_probe_that_answers_hands_back_its_output ... ok
verify / linux	UNKNOWN STEP	2026-09-27T07:14:25.8646296Z test display::tests::kde_follows_current_mode_id ... ok
verify / linux	UNKNOWN STEP	2026-09-27T07:14:25.8647332Z test display::tests::kde_numeric_mode_ids_and_missing_keys_are_tolerated ... ok
verify / linux	UNKNOWN STEP	2026-09-27T07:14:25.8648492Z test display::tests::kde_prefers_primary_and_skips_unusable_outputs ... ok
verify / linux	UNKNOWN STEP	2026-09-27T07:14:25.8649526Z test display::tests::kde_unknown_mode_id_falls_back_to_output_size ... ok
verify / linux	UNKNOWN STEP	2026-09-27T07:14:25.8650575Z test display::tests::kde_uses_device_pixels_not_logical_size ... ok
verify / linux	UNKNOWN STEP	2026-09-27T07:14:25.8651527Z test display::tests::kde_without_outputs_returns_none ... ok
verify / linux	UNKNOWN STEP	2026-09-27T07:14:25.8652454Z test display::tests::kde_without_priority_falls_back_to_largest ... ok
verify / linux	UNKNOWN STEP	2026-09-27T07:14:25.8653460Z test display::tests::out_of_range_current_mode_falls_back_to_first ... ok
verify / linux	UNKNOWN STEP	2026-09-27T07:14:25.8654856Z test display::tests::output_without_modes_is_skipped ... ok
verify / linux	UNKNOWN STEP	2026-09-27T07:14:25.8655403Z test display::tests::parses_resolution_specs ... ok
verify / linux	UNKNOWN STEP	2026-09-27T07:14:25.8655954Z test display::tests::picks_largest_output_deterministically ... ok
verify / linux	UNKNOWN STEP	2026-09-27T07:14:25.8656747Z test display::tests::uses_current_mode_not_logical_size ... ok
verify / linux	UNKNOWN STEP	2026-09-27T07:14:25.8657399Z test game::tests::a_second_entry_with_the_same_name_gets_a_numeric_suffix ... ok
verify / linux	UNKNOWN STEP	2026-09-27T07:14:25.8658083Z test game::tests::an_exe_already_used_by_another_entry_is_reported_by_name ... ok
verify / linux	UNKNOWN STEP	2026-09-27T07:14:25.8659035Z test game::tests::an_uninstaller_is_not_the_game_even_when_it_is_called_uninstaller ... ok
verify / linux	UNKNOWN STEP	2026-09-27T07:14:25.8660132Z test game::tests::directories_whose_ids_collide_are_all_added_not_swallowed ... ok
verify / linux	UNKNOWN STEP	2026-09-27T07:14:25.8661063Z test game::tests::falls_back_to_an_exe_when_only_helpers_exist ... ok
verify / linux	UNKNOWN STEP	2026-09-27T07:14:25.8662102Z test game::tests::game_ids_are_stable_and_filesystem_safe ... ok
verify / linux	UNKNOWN STEP	2026-09-27T07:14:25.8662986Z test game::tests::helpers_are_recognised_by_prefix_too ... ok
verify / linux	UNKNOWN STEP	2026-09-27T07:14:25.8663717Z test game::tests::no_executables_means_no_candidate ... ok
verify / linux	UNKNOWN STEP	2026-09-27T07:14:25.8664667Z test game::tests::prefers_the_chinese_localised_executable ... ok
verify / linux	UNKNOWN STEP	2026-09-27T07:14:25.8669177Z test game::tests::scan_counts_subdirectories_and_the_root_itself ... ok
verify / linux	UNKNOWN STEP	2026-09-27T07:14:25.8675412Z test game::tests::scan_counts_the_scanned_directory_itself ... ok
verify / linux	UNKNOWN STEP	2026-09-27T07:14:25.8679993Z test game::tests::scan_of_a_file_is_an_error_too ... ok
verify / linux	UNKNOWN STEP	2026-09-27T07:14:25.8680927Z test game::tests::scan_of_missing_directory_is_an_error ... ok
verify / linux	UNKNOWN STEP	2026-09-27T07:14:25.8686246Z test game::tests::self_and_subdirectory_hits_stay_two_distinct_entries ... ok
verify / linux	UNKNOWN STEP	2026-09-27T07:14:25.8688068Z test game::tests::skips_installers_and_tools ... ok
verify / linux	UNKNOWN STEP	2026-09-27T07:14:25.8690693Z test game::tests::the_executable_named_like_its_directory_beats_a_lookalike ... ok
verify / linux	UNKNOWN STEP	2026-09-27T07:14:25.8691990Z test mount::tests::a_disk_mounted_at_two_points_resolves_to_the_shorter_one ... ok
verify / linux	UNKNOWN STEP	2026-09-27T07:14:25.8692908Z test mount::tests::a_nested_mount_only_claims_paths_under_its_own_point ... ok
verify / linux	UNKNOWN STEP	2026-09-27T07:14:25.8693820Z test mount::tests::btrfs_subvol_layout_keeps_the_subvol_root_in_references ... ok
verify / linux	UNKNOWN STEP	2026-09-27T07:14:25.8694677Z test mount::tests::escape_sequences_are_decoded ... ok
verify / linux	UNKNOWN STEP	2026-09-27T07:14:25.8695333Z test mount::tests::escaped_root_and_point_are_both_decoded ... ok
verify / linux	UNKNOWN STEP	2026-09-27T07:14:25.8696037Z test mount::tests::infer_refuses_paths_without_a_known_disk ... ok
verify / linux	UNKNOWN STEP	2026-09-27T07:14:25.8696720Z test mount::tests::nested_mount_wins_over_the_parent ... ok
verify / linux	UNKNOWN STEP	2026-09-27T07:14:25.8697368Z test mount::tests::parse_reads_root_and_mountpoint ... ok
verify / linux	UNKNOWN STEP	2026-09-27T07:14:25.8698122Z test mount::tests::references_with_traversal_or_absolute_parts_are_rejected ... ok
verify / linux	UNKNOWN STEP	2026-09-27T07:14:25.8698943Z test mount::tests::resolve_reports_a_disk_that_is_not_mounted ... ok
verify / linux	UNKNOWN STEP	2026-09-27T07:14:25.8699786Z test mount::tests::the_same_disk_remounting_elsewhere_keeps_references_working ... ok
verify / linux	UNKNOWN STEP	2026-09-27T07:14:25.8700634Z test mount::tests::tree_rooted_mount_keeps_its_root_in_references ... ok
verify / linux	UNKNOWN STEP	2026-09-27T07:14:25.8701397Z test mount::tests::two_devices_with_the_same_uuid_are_refused ... ok
verify / linux	UNKNOWN STEP	2026-09-27T07:14:25.8702270Z test picker::tests::a_localhost_host_is_not_part_of_the_path ... ok
verify / linux	UNKNOWN STEP	2026-09-27T07:14:25.8702998Z test picker::tests::a_plain_file_uri_becomes_the_path_behind_it ... ok
verify / linux	UNKNOWN STEP	2026-09-27T07:14:25.8703679Z test picker::tests::a_request_says_what_it_wants ... ok
verify / linux	UNKNOWN STEP	2026-09-27T07:14:25.8704923Z test picker::tests::anything_that_is_not_a_local_file_is_refused ... ok
verify / linux	UNKNOWN STEP	2026-09-27T07:14:25.8705655Z test picker::tests::cancelling_a_dialog_is_not_a_failure ... ok
verify / linux	UNKNOWN STEP	2026-09-27T07:14:25.8706350Z test picker::tests::non_ascii_names_come_back_readable ... ok
verify / linux	UNKNOWN STEP	2026-09-27T07:14:25.8707148Z test platform::tests::a_missing_optional_dependency_does_not_make_the_report_fail ... ok
verify / linux	UNKNOWN STEP	2026-09-27T07:14:25.8708207Z test platform::tests::a_required_dependency_that_answers_badly_is_not_reported_as_missing ... ok
verify / linux	UNKNOWN STEP	2026-09-27T07:14:25.8709095Z test platform::tests::a_version_line_becomes_one_plain_line ... ok
verify / linux	UNKNOWN STEP	2026-09-27T07:14:25.8709884Z test platform::tests::an_older_gamescope_is_degraded_not_ready ... ok
verify / linux	UNKNOWN STEP	2026-09-27T07:14:25.8710619Z test platform::tests::kopia_is_an_alternative_not_a_requirement ... ok
verify / linux	UNKNOWN STEP	2026-09-27T07:14:25.8720437Z test platform::tests::os_release_is_read_without_assuming_quotes_and_order ... ok
verify / linux	UNKNOWN STEP	2026-09-27T07:14:25.8721704Z test platform::tests::the_gamescope_version_is_read_out_of_a_noisy_line ... ok
verify / linux	UNKNOWN STEP	2026-09-27T07:14:25.8722850Z test platform::tests::the_install_command_follows_the_distro ... ok
verify / linux	UNKNOWN STEP	2026-09-27T07:14:25.8723748Z test platform::tests::the_wire_shape_is_what_the_settings_page_reads ... ok
verify / linux	UNKNOWN STEP	2026-09-27T07:14:25.8747887Z test process::tests::a_process_reports_its_own_exe_path ... ok
verify / linux	UNKNOWN STEP	2026-09-27T07:14:25.8748819Z test process::tests::comm_truncation_counts_bytes_not_characters ... ok
verify / linux	UNKNOWN STEP	2026-09-27T07:14:25.8749982Z test process::tests::command_line_paths_become_unix_paths ... ok
verify / linux	UNKNOWN STEP	2026-09-27T07:14:25.8750899Z test process::tests::descendants_come_from_one_pass_and_keep_their_names ... ok
verify / linux	UNKNOWN STEP	2026-09-27T07:14:25.8751778Z test process::tests::does_not_match_unrelated_processes ... ok
verify / linux	UNKNOWN STEP	2026-09-27T07:14:25.8752508Z test process::tests::matches_truncated_comm_names ... ok
verify / linux	UNKNOWN STEP	2026-09-27T07:14:25.8753191Z test process::tests::matches_wine_style_processes ... ok
verify / linux	UNKNOWN STEP	2026-09-27T07:14:25.8754135Z test process::tests::normalizes_windows_and_unix_paths ... ok
verify / linux	UNKNOWN STEP	2026-09-27T07:14:25.8754878Z test process::tests::plumbing_is_told_apart_from_a_game ... ok
verify / linux	UNKNOWN STEP	2026-09-27T07:14:25.8799543Z test process::tests::the_exe_path_decides_which_game_is_running ... ok
verify / linux	UNKNOWN STEP	2026-09-27T07:14:25.8831818Z test process::tests::the_pickable_list_keeps_game_shaped_processes_only ... ok
verify / linux	UNKNOWN STEP	2026-09-27T07:14:25.8847344Z test process::tests::waiting_for_a_missing_process_returns_immediately ... ok
verify / linux	UNKNOWN STEP	2026-09-27T07:14:25.8906704Z test process::unix::tests::finds_descendants_and_calls_the_game_one_a_game ... ok
verify / linux	UNKNOWN STEP	2026-09-27T07:14:25.8957320Z test process::unix::tests::finds_this_test_binary_and_a_spawned_process ... ok
verify / linux	UNKNOWN STEP	2026-09-27T07:14:25.8958505Z test rpc::tests::a_missing_endpoint_is_reported_as_a_connection_error ... ok
verify / linux	UNKNOWN STEP	2026-09-27T07:14:25.8965185Z test rpc::tests::malformed_empty_and_error_responses_are_reported ... ok
verify / linux	UNKNOWN STEP	2026-09-27T07:14:25.8966093Z test scale::action::tests::a_profile_ratio_lands_on_its_ladder_step ... ok
verify / linux	UNKNOWN STEP	2026-09-27T07:14:25.8967106Z test scale::action::tests::one_key_flips_between_the_configured_ratio_and_one_to_one ... ok
verify / linux	UNKNOWN STEP	2026-09-27T07:14:25.8968776Z test scale::action::tests::profile_ratio_is_the_one_the_launch_arguments_encode ... ok
verify / linux	UNKNOWN STEP	2026-09-27T07:14:25.8969763Z test scale::action::tests::the_ladder_starts_at_one_and_stops_at_its_ends ... ok
verify / linux	UNKNOWN STEP	2026-09-27T07:14:25.8970709Z test scale::args::tests::a_brand_new_profile_launches_as_a_resizable_window ... ok
verify / linux	UNKNOWN STEP	2026-09-27T07:14:25.8971620Z test scale::args::tests::a_scaling_ratio_wins_over_an_explicit_size ... ok
verify / linux	UNKNOWN STEP	2026-09-27T07:14:25.8972647Z test scale::args::tests::an_empty_profile_opens_at_the_screen_size ... ok
verify / linux	UNKNOWN STEP	2026-09-27T07:14:25.8973650Z test scale::args::tests::an_explicit_size_overrides_the_screen ... ok
verify / linux	UNKNOWN STEP	2026-09-27T07:14:25.8974741Z test scale::args::tests::free_form_arguments_replace_everything_kotori_would_have_built ... ok
verify / linux	UNKNOWN STEP	2026-09-27T07:14:25.8975675Z test scale::args::tests::fsr_uses_the_316_scaler_model ... ok
verify / linux	UNKNOWN STEP	2026-09-27T07:14:25.8976454Z test scale::args::tests::game_command_follows_the_separator_last ... ok
verify / linux	UNKNOWN STEP	2026-09-27T07:14:25.8977295Z test scale::args::tests::integer_scaling_uses_nearest_neighbour ... ok
verify / linux	UNKNOWN STEP	2026-09-27T07:14:25.8978147Z test scale::args::tests::never_emits_the_legacy_mouse_sensitivity_flag ... ok
verify / linux	UNKNOWN STEP	2026-09-27T07:14:25.8979094Z test scale::args::tests::nis_and_bilinear_pick_their_filters ... ok
verify / linux	UNKNOWN STEP	2026-09-27T07:14:25.8979959Z test scale::args::tests::only_an_explicit_game_resolution_emits_w_and_h ... ok
verify / linux	UNKNOWN STEP	2026-09-27T07:14:25.8980887Z test scale::args::tests::optional_flags_are_only_emitted_when_requested ... ok
verify / linux	UNKNOWN STEP	2026-09-27T07:14:25.8981789Z test scale::args::tests::sharpness_polarity_matches_gamescope ... ok
verify / linux	UNKNOWN STEP	2026-09-27T07:14:25.8982690Z test scale::gamescope::tests::an_action_named_for_one_session_ignores_the_others ... ok
verify / linux	UNKNOWN STEP	2026-09-27T07:14:25.8983631Z test scale::teardown::tests::a_missing_process_has_no_wait_channel ... ok
verify / linux	UNKNOWN STEP	2026-09-27T07:14:25.8984677Z test scale::teardown::tests::a_prefix_another_session_still_uses_is_left_alone ... ok
verify / linux	UNKNOWN STEP	2026-09-27T07:14:25.9004729Z test scale::teardown::tests::killing_nothing_is_also_harmless ... ok
verify / linux	UNKNOWN STEP	2026-09-27T07:14:25.9005780Z test scale::teardown::tests::only_a_wait4_park_counts_as_a_stuck_teardown ... ok
verify / linux	UNKNOWN STEP	2026-09-27T07:14:25.9013832Z test daemon::sync_rpc::tests_credentials::a_master_password_seals_the_credentials_and_survives_a_restart ... ok
verify / linux	UNKNOWN STEP	2026-09-27T07:14:25.9014956Z test scale::x11::probe::tests::a_tiny_or_unrelated_class_is_not_a_match ... ok
verify / linux	UNKNOWN STEP	2026-09-27T07:14:25.9015795Z test scale::x11::probe::tests::a_zero_sized_window_is_not_a_resolution ... ok
verify / linux	UNKNOWN STEP	2026-09-27T07:14:25.9016892Z test scale::x11::probe::tests::an_exe_name_is_recognised_with_or_without_its_extension ... ok
verify / linux	UNKNOWN STEP	2026-09-27T07:14:25.9017762Z test scale::x11::probe::tests::the_biggest_window_wins ... ok
verify / linux	UNKNOWN STEP	2026-09-27T07:14:25.9019292Z test scale::x11::probe::tests::wm_class_splits_on_nuls_and_drops_the_empty_ones ... ok
verify / linux	UNKNOWN STEP	2026-09-27T07:14:25.9020174Z test scale::x11::x11_tests::a_missing_socket_directory_is_not_an_error ... ok
verify / linux	UNKNOWN STEP	2026-09-27T07:14:25.9020967Z test scale::x11::x11_tests::an_empty_socket_directory_finds_nothing ... ok
verify / linux	UNKNOWN STEP	2026-09-27T07:14:25.9021733Z test scale::x11::x11_tests::nearest_and_bilinear_pick_a_scaler_too ... ok
verify / linux	UNKNOWN STEP	2026-09-27T07:14:25.9022190Z test scale::x11::x11_tests::runtime_settings_match_the_launch_arguments ... ok
verify / linux	UNKNOWN STEP	2026-09-27T07:14:25.9022654Z test scale::x11::x11_tests::sharpness_stops_at_gamescopes_limits ... ok
verify / linux	UNKNOWN STEP	2026-09-27T07:14:25.9024613Z test scale::x11::x11_tests::socket_names_are_read_and_sorted ... ok
verify / linux	UNKNOWN STEP	2026-09-27T07:14:25.9025622Z test scale::x11::x11_tests::toggling_fsr_twice_comes_back_to_where_it_started ... ok
verify / linux	UNKNOWN STEP	2026-09-27T07:14:25.9026840Z test scale::x11::x11_tests::toggling_nis_is_the_same_shape ... ok
verify / linux	UNKNOWN STEP	2026-09-27T07:14:25.9027738Z test scale::x11::x11_tests::unknown_filter_values_are_reported_not_guessed ... ok
verify / linux	UNKNOWN STEP	2026-09-27T07:14:25.9028769Z test secrets::encrypted::encrypted_tests::a_missing_file_reads_as_locked_rather_than_corrupt ... ok
verify / linux	UNKNOWN STEP	2026-09-27T07:14:25.9033713Z test scale::teardown::tests::terminating_nothing_is_instant_and_harmless ... ok
verify / linux	UNKNOWN STEP	2026-09-27T07:14:25.9034872Z test secrets::encrypted::encrypted_tests::a_short_password_is_refused_before_anything_is_written ... ok
verify / linux	UNKNOWN STEP	2026-09-27T07:14:25.9221158Z test secrets::encrypted::encrypted_tests::a_round_trip_keeps_every_value_exactly ... ok
verify / linux	UNKNOWN STEP	2026-09-27T07:14:25.9479236Z test secrets::encrypted::encrypted_tests::every_write_uses_a_fresh_nonce ... ok
verify / linux	UNKNOWN STEP	2026-09-27T07:14:25.9480805Z test secrets::encrypted::encrypted_tests::hex_round_trips_and_rejects_nonsense ... ok
verify / linux	UNKNOWN STEP	2026-09-27T07:14:25.9502948Z test secrets::encrypted::encrypted_tests::a_wrong_password_is_refused_and_leaves_the_store_locked ... ok
verify / linux	UNKNOWN STEP	2026-09-27T07:14:26.0105029Z test secrets::encrypted::encrypted_tests::locking_forgets_the_key_but_not_the_data ... ok
verify / linux	UNKNOWN STEP	2026-09-27T07:14:26.0369331Z test secrets::encrypted::encrypted_tests::rekeying_replaces_the_password ... ok
verify / linux	UNKNOWN STEP	2026-09-27T07:14:26.0585728Z test secrets::encrypted::encrypted_tests::the_file_contains_no_sign_of_the_secrets ... ok
verify / linux	UNKNOWN STEP	2026-09-27T07:14:26.0623477Z test display::tests::a_probe_that_never_answers_is_killed_and_read_as_no_answer ... ok
verify / linux	UNKNOWN STEP	2026-09-27T07:14:26.0627525Z test secrets::plain::tests::a_corrupt_file_is_an_error_not_an_empty_store ... ok
verify / linux	UNKNOWN STEP	2026-09-27T07:14:26.0642634Z test secrets::plain::tests::a_round_trip_keeps_every_value_exactly ... ok
verify / linux	UNKNOWN STEP	2026-09-27T07:14:26.0648965Z test secrets::plain::tests::the_file_is_private_from_the_moment_it_exists ... ok
verify / linux	UNKNOWN STEP	2026-09-27T07:14:26.0678108Z test secrets::tests::a_healthy_backend_answers_the_probe_without_finding_anything ... ok
verify / linux	UNKNOWN STEP	2026-09-27T07:14:26.0725379Z test secrets::tests::a_keyring_that_shows_up_takes_over_the_plaintext_file ... ok
verify / linux	UNKNOWN STEP	2026-09-27T07:14:26.0732738Z test secrets::tests::a_machine_without_a_keyring_falls_back_to_a_private_plain_file ... ok
verify / linux	UNKNOWN STEP	2026-09-27T07:14:26.0734149Z test secrets::tests::a_machine_without_a_keyring_keeps_secrets_in_memory_only ... ok
verify / linux	UNKNOWN STEP	2026-09-27T07:14:26.0751554Z test secrets::tests::a_portable_config_never_reaches_for_the_system_keyring ... ok
verify / linux	UNKNOWN STEP	2026-09-27T07:14:26.0769823Z test secrets::encrypted::encrypted_tests::tampering_with_the_parameters_or_the_payload_is_detected ... ok
verify / linux	UNKNOWN STEP	2026-09-27T07:14:26.0801335Z test secrets::tests::a_running_keyring_wins_over_the_plaintext_file ... ok
verify / linux	UNKNOWN STEP	2026-09-27T07:14:26.0840425Z test secrets::tests::an_installed_but_dead_backend_is_not_mistaken_for_a_working_one ... ok
verify / linux	UNKNOWN STEP	2026-09-27T07:14:26.0841700Z test secrets::tests::every_hint_has_something_to_say ... ok
verify / linux	UNKNOWN STEP	2026-09-27T07:14:26.0842811Z test secrets::tests::missing_backend_is_reported_instead_of_falling_back_to_plaintext ... ok
verify / linux	UNKNOWN STEP	2026-09-27T07:14:26.0923042Z test secrets::tests::round_trips_a_secret_through_the_keyring ... ok
verify / linux	UNKNOWN STEP	2026-09-27T07:14:26.0988234Z test secrets::tests::secrets_are_stored_under_distinct_accounts ... ok
verify / linux	UNKNOWN STEP	2026-09-27T07:14:26.0989523Z test secrets::tests::system_detection_reports_what_is_on_this_machine ... ok
verify / linux	UNKNOWN STEP	2026-09-27T07:14:26.0990502Z test secrets::tests::the_store_describes_itself_honestly ... ok
verify / linux	UNKNOWN STEP	2026-09-27T07:14:26.0991575Z test sync::archive::tests::a_manifest_from_a_newer_kotori_is_refused_rather_than_guessed ... ok
verify / linux	UNKNOWN STEP	2026-09-27T07:14:26.0992943Z test sync::archive::tests::a_manual_restore_lays_the_whole_package_back_down ... ok
verify / linux	UNKNOWN STEP	2026-09-27T07:14:26.1000492Z test sync::archive::tests::a_member_over_the_file_limit_is_refused ... ok
verify / linux	UNKNOWN STEP	2026-09-27T07:14:26.1011282Z test sync::archive::tests::a_package_over_the_total_byte_limit_is_refused ... ok
verify / linux	UNKNOWN STEP	2026-09-27T07:14:26.1014112Z test sync::archive::tests::a_package_that_tries_to_escape_its_directory_is_refused ... ok
verify / linux	UNKNOWN STEP	2026-09-27T07:14:26.1019167Z test secrets::tests::an_encrypted_file_wins_over_a_running_keyring ... ok
verify / linux	UNKNOWN STEP	2026-09-27T07:14:26.1021272Z test sync::archive::tests::a_package_with_too_many_members_is_refused ... ok
verify / linux	UNKNOWN STEP	2026-09-27T07:14:26.1028046Z test sync::archive::tests::a_packed_save_comes_back_with_its_contents_and_its_times ... ok
verify / linux	UNKNOWN STEP	2026-09-27T07:14:26.1030607Z test sync::archive::tests::an_automatic_pull_never_overwrites_a_newer_local_save ... ok
verify / linux	UNKNOWN STEP	2026-09-27T07:14:26.1033297Z test sync::archive::tests::exclusions_still_work_without_rclone ... ok
verify / linux	UNKNOWN STEP	2026-09-27T07:14:26.1034645Z test sync::archive::tests::packing_reports_locations_that_are_not_on_this_machine ... ok
verify / linux	UNKNOWN STEP	2026-09-27T07:14:26.1036700Z test sync::cloud::cloud_tests::a_fingerprint_finds_the_identity_it_belongs_to ... ok
verify / linux	UNKNOWN STEP	2026-09-27T07:14:26.1037725Z test sync::archive::tests::the_same_file_written_twice_is_compared_by_size ... ok
verify / linux	UNKNOWN STEP	2026-09-27T07:14:26.1038710Z test sync::cloud::cloud_tests::an_identity_card_round_trips_and_tolerates_missing_optional_fields ... ok
verify / linux	UNKNOWN STEP	2026-09-27T07:14:26.1039760Z test sync::cloud::cloud_tests::an_identity_keeps_one_entry_per_machine_and_only_appends ... ok
verify / linux	UNKNOWN STEP	2026-09-27T07:14:26.1040799Z test sync::cloud::cloud_tests::an_identity_survives_the_round_trip_into_a_manifest ... ok
verify / linux	UNKNOWN STEP	2026-09-27T07:14:26.1041735Z test sync::cloud::cloud_tests::directory_listings_become_usable_names ... ok
verify / linux	UNKNOWN STEP	2026-09-27T07:14:26.1042576Z test sync::cloud::cloud_tests::only_the_same_identity_may_touch_local_saves ... ok
verify / linux	UNKNOWN STEP	2026-09-27T07:14:26.1043583Z test sync::engine::diagnostics::tests::rclone_failures_are_explained_in_terms_of_what_to_check ... ok
verify / linux	UNKNOWN STEP	2026-09-27T07:14:26.1044779Z test sync::engine::kopia::kopia_tests::a_changed_endpoint_is_a_different_connection ... ok
verify / linux	UNKNOWN STEP	2026-09-27T07:14:26.1045805Z test sync::engine::kopia::kopia_tests::kopia_failures_are_explained_and_deprecation_noise_is_dropped ... ok
verify / linux	UNKNOWN STEP	2026-09-27T07:14:26.1046735Z test sync::engine::kopia::kopia_tests::the_default_password_is_the_one_every_machine_shares ... ok
verify / linux	UNKNOWN STEP	2026-09-27T07:14:26.1047792Z test sync::engine::kopia_args::tests::a_snapshot_is_marked_with_our_own_version_name_and_a_game_tag ... ok
verify / linux	UNKNOWN STEP	2026-09-27T07:14:26.1048858Z test sync::engine::kopia_args::tests::creating_and_connecting_differ_only_in_the_subcommand ... ok
verify / linux	UNKNOWN STEP	2026-09-27T07:14:26.1049776Z test sync::engine::kopia_args::tests::deleting_a_snapshot_says_it_out_loud ... ok
verify / linux	UNKNOWN STEP	2026-09-27T07:14:26.1050718Z test sync::engine::kopia_args::tests::listing_asks_for_every_machine_not_just_this_one ... ok
verify / linux	UNKNOWN STEP	2026-09-27T07:14:26.1051815Z test sync::engine::kopia_args::tests::the_repository_lives_beside_the_rclone_packages_never_on_top_of_them ... ok
verify / linux	UNKNOWN STEP	2026-09-27T07:14:26.1052929Z test sync::engine::kopia_args::tests::the_identity_snapshot_is_marked_as_identity_and_never_looks_like_a_version ... ok
verify / linux	UNKNOWN STEP	2026-09-27T07:14:26.1054152Z test sync::engine::kopia_parse::tests::broken_json_is_reported_not_swallowed ... ok
verify / linux	UNKNOWN STEP	2026-09-27T07:14:26.1055113Z test secrets::encrypted::encrypted_tests::writing_replaces_the_contents_without_losing_the_password ... ok
verify / linux	UNKNOWN STEP	2026-09-27T07:14:26.1056282Z test sync::engine::kopia_parse::tests::cloud_games_come_from_the_game_tag_and_identity_snapshots_are_not_versions ... ok
verify / linux	UNKNOWN STEP	2026-09-27T07:14:26.1057698Z test sync::engine::kopia_parse::tests::every_identity_snapshot_of_one_game_is_found_not_just_the_newest ... ok
verify / linux	UNKNOWN STEP	2026-09-27T07:14:26.1058878Z test sync::engine::kopia_parse::tests::only_snapshots_we_named_ourselves_are_ours ... ok
verify / linux	UNKNOWN STEP	2026-09-27T07:14:26.1059958Z test sync::engine::kopia_parse::tests::identity_snapshots_are_never_counted_as_versions ... ok
verify / linux	UNKNOWN STEP	2026-09-27T07:14:26.1067046Z test sync::engine::tests::a_real_kopia_repository_is_visible_from_another_machine ... ignored, 需要真 kopia：设 KOTORI_KOPIA 指向它再跑 --ignored
verify / linux	UNKNOWN STEP	2026-09-27T07:14:26.1068515Z test sync::engine::tests::a_real_kopia_repository_keeps_the_identity_card_beside_the_saves ... ignored, 需要真 kopia：设 KOTORI_KOPIA 指向它再跑 --ignored
verify / linux	UNKNOWN STEP	2026-09-27T07:14:26.1073198Z test sync::engine::tests::a_real_kopia_repository_keeps_two_games_apart ... ignored, 需要真 kopia：设 KOTORI_KOPIA 指向它再跑 --ignored
verify / linux	UNKNOWN STEP	2026-09-27T07:14:26.1074436Z test sync::engine::tests::a_real_kopia_repository_round_trips_a_save ... ignored, 需要真 kopia：设 KOTORI_KOPIA 指向它再跑 --ignored
verify / linux	UNKNOWN STEP	2026-09-27T07:14:26.1075813Z test sync::engine::tests::the_backend_is_whichever_engine_the_settings_name ... ok
verify / linux	UNKNOWN STEP	2026-09-27T07:14:26.1076658Z test sync::engine::kopia_parse::tests::version_infos_carry_the_size_and_the_moment_of_each_version ... ok
verify / linux	UNKNOWN STEP	2026-09-27T07:14:26.1077513Z test sync::executables::tests::a_configured_path_with_nothing_in_it_says_so ... ok
verify / linux	UNKNOWN STEP	2026-09-27T07:14:26.1078296Z test sync::executables::tests::a_directory_or_a_file_both_point_at_the_program ... ok
verify / linux	UNKNOWN STEP	2026-09-27T07:14:26.1079339Z test sync::executables::tests::a_program_beside_kotori_is_found_with_or_without_the_exe_suffix ... ok
verify / linux	UNKNOWN STEP	2026-09-27T07:14:26.1080236Z test sync::executables::tests::a_windows_style_name_is_found_too ... ok
verify / linux	UNKNOWN STEP	2026-09-27T07:14:26.1081045Z test sync::executables::tests::nothing_beside_kotori_means_none ... ok
verify / linux	UNKNOWN STEP	2026-09-27T07:14:26.1081772Z test sync::executables::tests::an_empty_setting_is_not_a_location ... ok
verify / linux	UNKNOWN STEP	2026-09-27T07:14:26.1082287Z test sync::fingerprint::tests::a_file_that_cannot_be_read_has_no_fingerprint ... ok
verify / linux	UNKNOWN STEP	2026-09-27T07:14:26.1082973Z test sync::fingerprint::tests::the_fingerprint_says_what_it_is_and_how_big ... ok
verify / linux	UNKNOWN STEP	2026-09-27T07:14:26.1083806Z test sync::index::index_tests::a_bundle_merges_its_deltas_and_remembers_what_it_swallowed ... ok
verify / linux	UNKNOWN STEP	2026-09-27T07:14:26.1085517Z test sync::index::index_tests::a_delta_is_a_whole_index_without_any_merge_history ... ok
verify / linux	UNKNOWN STEP	2026-09-27T07:14:26.1086592Z test sync::index::index_tests::a_fingerprint_finds_its_entry_and_says_how_many_it_found ... ok
verify / linux	UNKNOWN STEP	2026-09-27T07:14:26.1087633Z test sync::index::index_tests::a_later_write_does_not_erase_the_other_machines_record ... ok
verify / linux	UNKNOWN STEP	2026-09-27T07:14:26.1088651Z test sync::index::index_tests::a_multibyte_delta_name_is_rejected_instead_of_panicking ... ok
verify / linux	UNKNOWN STEP	2026-09-27T07:14:26.1089613Z test sync::index::index_tests::absorbing_deltas_reports_what_it_swallowed ... ok
verify / linux	UNKNOWN STEP	2026-09-27T07:14:26.1090474Z test sync::index::index_tests::an_unknown_format_version_is_not_guessed_at ... ok
verify / linux	UNKNOWN STEP	2026-09-27T07:14:26.1091446Z test sync::index::index_tests::every_timestamp_is_the_same_width_so_string_order_is_time_order ... ok
verify / linux	UNKNOWN STEP	2026-09-27T07:14:26.1092557Z test sync::fingerprint::tests::filling_missing_fingerprints_touches_only_the_ones_without_one ... ok
verify / linux	UNKNOWN STEP	2026-09-27T07:14:26.1093573Z test sync::index::index_tests::only_our_own_format_counts_as_supported ... ok
verify / linux	UNKNOWN STEP	2026-09-27T07:14:26.1095196Z test sync::index::index_tests::merging_keeps_one_entry_per_identity_and_lets_the_newer_one_win ... ok
verify / linux	UNKNOWN STEP	2026-09-27T07:14:26.1096245Z test sync::index_cache::tests::a_cache_holding_a_future_index_format_is_not_served ... ok
verify / linux	UNKNOWN STEP	2026-09-27T07:14:26.1097205Z test sync::index_cache::tests::a_broken_or_unknown_cache_is_treated_as_missing ... ok
verify / linux	UNKNOWN STEP	2026-09-27T07:14:26.1098099Z test sync::index_cache::tests::a_cached_index_round_trips_with_its_signature ... ok
verify / linux	UNKNOWN STEP	2026-09-27T07:14:26.1098935Z test sync::index_cache::tests::an_empty_cloud_is_remembered_too ... ok
verify / linux	UNKNOWN STEP	2026-09-27T07:14:26.1099723Z test sync::index_cache::tests::another_target_never_reads_this_target_s_cache ... ok
verify / linux	UNKNOWN STEP	2026-09-27T07:14:26.1100785Z test sync::matching::tests::any_of_the_fingerprints_counts_as_a_hit ... ok
verify / linux	UNKNOWN STEP	2026-09-27T07:14:26.1101524Z test sync::matching::tests::owners_count_identities_not_machines ... ok
verify / linux	UNKNOWN STEP	2026-09-27T07:14:26.1102237Z test sync::matching::tests::shared_parents_counts_the_overlap ... ok
verify / linux	UNKNOWN STEP	2026-09-27T07:14:26.1102916Z test sync::matching::tests::the_strongest_likeness_wins ... ok
verify / linux	UNKNOWN STEP	2026-09-27T07:14:26.1103748Z test sync::pairing::tests::a_likeness_that_is_not_a_fingerprint_always_asks ... ok
verify / linux	UNKNOWN STEP	2026-09-27T07:14:26.1104749Z test sync::pairing::tests::a_local_game_already_claimed_elsewhere_is_not_stolen ... ok
verify / linux	UNKNOWN STEP	2026-09-27T07:14:26.1105662Z test sync::pairing::tests::a_rejected_pairing_is_never_suggested_again ... ok
verify / linux	UNKNOWN STEP	2026-09-27T07:14:26.1106501Z test sync::pairing::tests::an_identity_already_bound_stays_bound ... ok
verify / linux	UNKNOWN STEP	2026-09-27T07:14:26.1107380Z test sync::pairing::tests::one_fingerprint_hit_binds_itself_and_two_ask ... ok
verify / linux	UNKNOWN STEP	2026-09-27T07:14:26.1108264Z test sync::pairing::tests::one_identity_seen_by_two_machines_is_still_one_identity ... ok
verify / linux	UNKNOWN STEP	2026-09-27T07:14:26.1109306Z test sync::rclone_args::tests::a_transfer_is_one_object_each_way ... ok
verify / linux	UNKNOWN STEP	2026-09-27T07:14:26.1110145Z test sync::rclone_args::tests::listing_asks_for_files_only_and_deleting_names_one_object ... ok
verify / linux	UNKNOWN STEP	2026-09-27T07:14:26.1111043Z test sync::rclone_env::tests::an_endpoint_override_reaches_rclone_verbatim ... ok
verify / linux	UNKNOWN STEP	2026-09-27T07:14:26.1111867Z test sync::rclone_env::tests::credentials_travel_in_the_environment_not_a_file ... ok
verify / linux	UNKNOWN STEP	2026-09-27T07:14:26.1112781Z test sync::remote_paths::tests::a_parent_dir_is_the_second_to_last_segment ... ok
verify / linux	UNKNOWN STEP	2026-09-27T07:14:26.1113618Z test sync::remote_paths::tests::remote_paths_are_built_from_the_prefix ... ok
verify / linux	UNKNOWN STEP	2026-09-27T07:14:26.1114510Z test sync::remote_paths::tests::save_keys_are_stable_and_readable ... ok
verify / linux	UNKNOWN STEP	2026-09-27T07:14:26.1365354Z test sync::fingerprint::tests::the_two_megabyte_boundary_does_not_double_count_bytes ... ok
verify / linux	UNKNOWN STEP	2026-09-27T07:14:26.3094960Z test sync::runner::identity::tests::a_first_upload_mints_one_identity_and_writes_the_card ... ok
verify / linux	UNKNOWN STEP	2026-09-27T07:14:26.3240257Z test sync::runner::identity::tests::a_directory_taken_by_another_identity_gets_a_suffix_not_a_second_helping ... ok
verify / linux	UNKNOWN STEP	2026-09-27T07:14:26.3249035Z test sync::runner::identity::tests::a_claimed_identity_is_sticky_even_when_the_fingerprint_changes ... ok
verify / linux	UNKNOWN STEP	2026-09-27T07:14:26.3250454Z test sync::runner::index_tests::a_delta_name_that_carries_a_slash_never_lands_in_the_bucket ... ok
verify / linux	UNKNOWN STEP	2026-09-27T07:14:26.3351066Z test sync::runner::identity::tests::a_second_machine_adopts_the_identity_its_fingerprint_points_at ... ok
verify / linux	UNKNOWN STEP	2026-09-27T07:14:26.3459509Z test sync::runner::index_tests::an_index_that_was_never_written_reads_as_nothing_at_all ... ok
verify / linux	UNKNOWN STEP	2026-09-27T07:14:26.3478989Z test sync::runner::index_tests::a_stray_object_in_the_log_directory_is_never_read ... ok
verify / linux	UNKNOWN STEP	2026-09-27T07:14:26.3480327Z test sync::runner::index_tests::the_bundle_view_is_the_union_of_the_snapshot_and_its_deltas ... ok
verify / linux	UNKNOWN STEP	2026-09-27T07:14:26.3645044Z test sync::runner::index_tests::a_corrupt_index_is_treated_as_missing_and_can_be_rebuilt ... ok
verify / linux	UNKNOWN STEP	2026-09-27T07:14:26.3656720Z test sync::runner::index_tests::one_machine_writes_the_index_and_another_reads_it_without_touching_any_card ... ok
verify / linux	UNKNOWN STEP	2026-09-27T07:14:26.3689286Z test sync::runner::pull::tests::a_game_the_cloud_has_never_seen_is_not_an_error ... ok
verify / linux	UNKNOWN STEP	2026-09-27T07:14:26.3747132Z test sync::runner::pull::tests::a_location_the_package_does_not_cover_is_reported_separately ... ok
verify / linux	UNKNOWN STEP	2026-09-27T07:14:26.3800085Z test sync::runner::pull::tests::a_package_that_cannot_be_fetched_says_so_instead_of_pretending_there_is_none ... ok
verify / linux	UNKNOWN STEP	2026-09-27T07:14:26.3806393Z test sync::runner::index_tests::the_union_keeps_what_each_machine_knows_about_the_same_game ... ok
verify / linux	UNKNOWN STEP	2026-09-27T07:14:26.3853415Z test sync::runner::pull::tests::a_pull_before_this_machine_claimed_an_identity_is_skipped ... ok
verify / linux	UNKNOWN STEP	2026-09-27T07:14:26.3872105Z test sync::runner::pull::tests::a_pull_brings_back_files_the_cloud_has_newer_versions_of ... ok
verify / linux	UNKNOWN STEP	2026-09-27T07:14:26.3911510Z test sync::runner::pull::tests::a_pull_from_another_identity_touches_nothing ... ok
verify / linux	UNKNOWN STEP	2026-09-27T07:14:26.3926611Z test daemon::sync_rpc::tests::sync_status_does_not_hold_the_config_lock_across_its_await ... ok
verify / linux	UNKNOWN STEP	2026-09-27T07:14:26.3933138Z test sync::runner::pull::tests::a_pull_refuses_a_package_without_any_identity ... ok
verify / linux	UNKNOWN STEP	2026-09-27T07:14:26.3948004Z test sync::runner::restore::tests::a_bogus_version_name_is_refused_before_anything_is_touched ... ok
verify / linux	UNKNOWN STEP	2026-09-27T07:14:26.3978903Z test sync::runner::pull::tests::a_pull_takes_the_newest_package_and_leaves_newer_local_files_alone ... ok
verify / linux	UNKNOWN STEP	2026-09-27T07:14:26.3998951Z test sync::runner::restore::tests::extra_local_files_are_listed_and_never_deleted ... ok
verify / linux	UNKNOWN STEP	2026-09-27T07:14:26.4021157Z test sync::runner::restore::tests::restoring_another_identity_is_refused_and_touches_nothing ... ok
verify / linux	UNKNOWN STEP	2026-09-27T07:14:26.4055356Z test sync::runner::restore::tests::restoring_lays_the_package_down_over_whatever_is_local ... ok
verify / linux	UNKNOWN STEP	2026-09-27T07:14:26.4074954Z test sync::runner::restore::tests::restoring_without_a_version_takes_the_newest_package ... ok
verify / linux	UNKNOWN STEP	2026-09-27T07:14:26.4095015Z test sync::runner::staging::tests::stale_stage_directories_are_swept_and_others_are_left_alone ... ok
verify / linux	UNKNOWN STEP	2026-09-27T07:14:26.4103153Z test sync::runner::staging::tests::sweeping_a_directory_that_was_never_created_is_not_an_error ... ok
verify / linux	UNKNOWN STEP	2026-09-27T07:14:26.4104867Z test sync::runner::restore::tests::retention_keeps_everything_unless_the_user_asked_otherwise ... ok
verify / linux	UNKNOWN STEP	2026-09-27T07:14:26.4106092Z test sync::runner::tests::a_disabled_sync_config_is_refused ... ok
verify / linux	UNKNOWN STEP	2026-09-27T07:14:26.4107070Z test sync::runner::tests::a_missing_endpoint_means_rclone_picks_one ... ok
verify / linux	UNKNOWN STEP	2026-09-27T07:14:26.4108209Z test sync::runner::restore::tests::retention_only_ever_deletes_our_own_old_packages ... ok
verify / linux	UNKNOWN STEP	2026-09-27T07:14:26.4129140Z test sync::runner::tests::missing_credentials_stop_the_run_before_rclone_is_started ... ok
verify / linux	UNKNOWN STEP	2026-09-27T07:14:26.4145989Z test sync::runner::tests::credentials_reach_rclone_through_the_environment_only ... ok
verify / linux	UNKNOWN STEP	2026-09-27T07:14:26.4184880Z test sync::runner::upload::tests::a_failed_transfer_is_named_and_leaves_the_old_packages_alone ... ok
verify / linux	UNKNOWN STEP	2026-09-27T07:14:26.4200954Z test sync::runner::tests::the_scratch_directory_is_cleaned_up_even_after_a_failure ... ok
verify / linux	UNKNOWN STEP	2026-09-27T07:14:26.4207176Z test sync::runner::upload::tests::a_location_that_does_not_exist_locally_is_reported_not_ignored ... ok
verify / linux	UNKNOWN STEP	2026-09-27T07:14:26.4208342Z test sync::runner::tests::the_newest_package_is_the_largest_name ... ok
verify / linux	UNKNOWN STEP	2026-09-27T07:14:26.4235353Z test sync::runner::index_tests::two_machines_writing_at_once_never_lose_an_entry ... ok
verify / linux	UNKNOWN STEP	2026-09-27T07:14:26.4248279Z test sync::save_targets::tests::save_locations_resolve_to_this_machines_directories ... ok
verify / linux	UNKNOWN STEP	2026-09-27T07:14:26.4249495Z test sync::save_targets::tests::syncing_the_filesystem_root_is_refused ... ok
verify / linux	UNKNOWN STEP	2026-09-27T07:14:26.4252115Z test sync::save_targets::tests::two_locations_sharing_a_cloud_key_are_refused ... ok
verify / linux	UNKNOWN STEP	2026-09-27T07:14:26.4253150Z test sync::selfcheck::tests::a_confirmation_without_an_identity_does_not_count ... ok
verify / linux	UNKNOWN STEP	2026-09-27T07:14:26.4254426Z test sync::selfcheck::tests::a_confirmed_game_is_not_scanned_again ... ok
verify / linux	UNKNOWN STEP	2026-09-27T07:14:26.4255512Z test sync::selfcheck::tests::a_fingerprint_hit_wins_over_an_unrelated_conclusion ... ok
verify / linux	UNKNOWN STEP	2026-09-27T07:14:26.4256671Z test sync::selfcheck::tests::a_game_that_answered_new_is_not_asked_again_nor_scanned ... ok
verify / linux	UNKNOWN STEP	2026-09-27T07:14:26.4257799Z test sync::runner::upload::tests::upload_sends_the_whole_game_as_one_package ... ok
verify / linux	UNKNOWN STEP	2026-09-27T07:14:26.4258859Z test sync::selfcheck::tests::a_game_whose_switch_is_off_is_never_asked_about ... ok
verify / linux	UNKNOWN STEP	2026-09-27T07:14:26.4259985Z test sync::selfcheck::tests::a_game_without_a_fingerprint_is_asked_instead_of_guessed ... ok
verify / linux	UNKNOWN STEP	2026-09-27T07:14:26.4261216Z test sync::selfcheck::tests::another_target_makes_the_conclusion_stale_and_the_fingerprint_decides ... ok
verify / linux	UNKNOWN STEP	2026-09-27T07:14:26.4262346Z test sync::selfcheck::tests::many_hits_ask_once_and_carry_the_best_one ... ok
verify / linux	UNKNOWN STEP	2026-09-27T07:14:26.4263247Z test sync::selfcheck::tests::no_target_means_nothing_to_do ... ok
verify / linux	UNKNOWN STEP	2026-09-27T07:14:26.4264592Z test sync::selfcheck::tests::re_enabling_a_game_that_was_switched_off_creates_a_new_identity_silently ... ok
verify / linux	UNKNOWN STEP	2026-09-27T07:14:26.4265797Z test sync::signature::tests::a_conclusion_round_trips_and_keeps_its_kind ... ok
verify / linux	UNKNOWN STEP	2026-09-27T07:14:26.4266756Z test sync::signature::tests::a_target_without_a_bucket_has_no_signature ... ok
verify / linux	UNKNOWN STEP	2026-09-27T07:14:26.4267753Z test sync::signature::tests::engine_bucket_and_prefix_are_all_part_of_the_target ... ok
verify / linux	UNKNOWN STEP	2026-09-27T07:14:26.4268898Z test sync::runner::upload::tests::one_missing_location_does_not_hold_back_the_others ... ok
verify / linux	UNKNOWN STEP	2026-09-27T07:14:26.4270054Z test sync::signature::tests::the_same_target_written_differently_has_the_same_signature ... ok
verify / linux	UNKNOWN STEP	2026-09-27T07:14:26.4271213Z test sync::snapshots::tests::retention_ignores_anything_that_is_not_a_snapshot ... ok
verify / linux	UNKNOWN STEP	2026-09-27T07:14:26.4272344Z test sync::snapshots::tests::a_stamp_turns_into_the_moment_it_names ... ok
verify / linux	UNKNOWN STEP	2026-09-27T07:14:26.4273394Z test sync::snapshots::tests::retention_removes_only_the_oldest_snapshots ... ok
verify / linux	UNKNOWN STEP	2026-09-27T07:14:26.4275247Z test sync::snapshots::tests::retention_keeps_everything_by_default ... ok
verify / linux	UNKNOWN STEP	2026-09-27T07:14:26.4276266Z test sync::snapshots::tests::two_uploads_in_the_same_second_are_still_ordered ... ok
verify / linux	UNKNOWN STEP	2026-09-27T07:14:26.4277275Z test sync::snapshots::tests::version_stamps_sort_chronologically ... ok
verify / linux	UNKNOWN STEP	2026-09-27T07:14:26.4278200Z test sync::validate::tests::refuses_incomplete_settings ... ok
verify / linux	UNKNOWN STEP	2026-09-27T07:14:26.4279140Z test sync::versions::tests::lsjson_becomes_versions_with_their_sizes ... ok
verify / linux	UNKNOWN STEP	2026-09-27T07:14:26.4280178Z test sync::versions::tests::strangers_in_the_bucket_are_never_shown_as_versions ... ok
verify / linux	UNKNOWN STEP	2026-09-27T07:14:26.4281209Z test ui::app::tests::a_late_save_never_touches_another_games_draft ... ok
verify / linux	UNKNOWN STEP	2026-09-27T07:14:26.4282151Z test ui::app::tests::a_late_status_reply_never_eats_what_the_user_typed ... ok
verify / linux	UNKNOWN STEP	2026-09-27T07:14:26.4283122Z test ui::app::tests::a_service_that_is_alive_again_clears_the_stopped_flag ... ok
verify / linux	UNKNOWN STEP	2026-09-27T07:14:26.4284225Z test ui::app::tests::an_inferred_mount_lands_in_the_add_form ... ok
verify / linux	UNKNOWN STEP	2026-09-27T07:14:26.4285179Z test ui::app::tests::an_inferred_mount_lands_in_the_draft_without_saving ... ok
verify / linux	UNKNOWN STEP	2026-09-27T07:14:26.4286190Z test ui::app::tests::an_unsaved_path_edit_is_dropped_when_leaving_the_page ... ok
verify / linux	UNKNOWN STEP	2026-09-27T07:14:26.4287176Z test ui::app::tests::picking_an_engine_submits_it_in_the_same_click ... ok
verify / linux	UNKNOWN STEP	2026-09-27T07:14:26.4288203Z test ui::app::tests::saving_consumes_the_secrets_it_was_given_and_no_more ... ok
verify / linux	UNKNOWN STEP	2026-09-27T07:14:26.4289193Z test ui::app::tests::stopping_the_service_by_hand_is_not_undone_by_the_ui ... ok
verify / linux	UNKNOWN STEP	2026-09-27T07:14:26.4290208Z test ui::app::tests::switching_games_mid_save_still_persists_the_new_edits ... ok
verify / linux	UNKNOWN STEP	2026-09-27T07:14:26.4291182Z test ui::app::tests::switching_the_engine_leaves_unsaved_edits_alone ... ok
verify / linux	UNKNOWN STEP	2026-09-27T07:14:26.4292101Z test ui::app::tests::the_latest_edit_is_the_one_that_gets_saved ... ok
verify / linux	UNKNOWN STEP	2026-09-27T07:14:26.4292965Z test ui::app::tests::the_path_button_sends_the_path_group ... ok
verify / linux	UNKNOWN STEP	2026-09-27T07:14:26.4294100Z test ui::app::tests::the_run_button_stops_a_running_game_instead_of_launching_it_again ... ok
verify / linux	UNKNOWN STEP	2026-09-27T07:14:26.4295202Z test ui::app::tests_detail::a_late_wine_status_reply_does_not_clobber_a_typed_prefix ... ok
verify / linux	UNKNOWN STEP	2026-09-27T07:14:26.4296209Z test ui::app::tests_detail::a_pick_request_says_what_kind_of_thing_it_wants ... ok
verify / linux	UNKNOWN STEP	2026-09-27T07:14:26.4297301Z test ui::app::tests_detail::a_picked_path_lands_on_its_own_field_and_asks_where_the_disk_is ... ok
verify / linux	UNKNOWN STEP	2026-09-27T07:14:26.4298472Z test ui::app::tests_detail::an_empty_name_and_dir_are_filled_in_from_the_exe_on_submit ... ok
verify / linux	UNKNOWN STEP	2026-09-27T07:14:26.4299554Z test ui::app::tests_detail::browsing_for_an_exe_fills_the_dir_and_the_name_too ... ok
verify / linux	UNKNOWN STEP	2026-09-27T07:14:26.4300608Z test ui::app::tests_detail::browsing_is_refused_when_the_machine_has_no_dialog ... ok
verify / linux	UNKNOWN STEP	2026-09-27T07:14:26.4301694Z test ui::app::tests_detail::deleting_a_credential_takes_effect_at_once_and_says_so ... ok
verify / linux	UNKNOWN STEP	2026-09-27T07:14:26.4302822Z test ui::app::tests_detail::nothing_is_saved_while_only_memory_is_available ... ok
verify / linux	UNKNOWN STEP	2026-09-27T07:14:26.4304287Z test ui::app::tests_detail::deleting_the_master_file_needs_the_confirmation_it_asked_for ... ok
verify / linux	UNKNOWN STEP	2026-09-27T07:14:26.4305406Z test ui::app::tests_detail::reset_goes_back_to_the_stored_settings ... ok
verify / linux	UNKNOWN STEP	2026-09-27T07:14:26.4306370Z test ui::app::tests_detail::testing_the_connection_says_something_right_away ... ok
verify / linux	UNKNOWN STEP	2026-09-27T07:14:26.4307423Z test ui::app::tests_detail::the_followed_process_name_is_part_of_the_draft ... ok
verify / linux	UNKNOWN STEP	2026-09-27T07:14:26.4308081Z test ui::app::tests_detail::the_save_message_names_the_store_that_actually_holds_the_credentials ... ok
verify / linux	UNKNOWN STEP	2026-09-27T07:14:26.4309079Z test ui::backend::tests::an_unrelated_failure_is_not_a_graphics_failure ... ok
verify / linux	UNKNOWN STEP	2026-09-27T07:14:26.4309909Z test ui::backend::tests::the_opengl_failure_we_actually_hit_is_recognised ... ok
verify / linux	UNKNOWN STEP	2026-09-27T07:14:26.4310789Z test ui::model::add::tests::a_hand_picked_row_wins_over_the_fingerprint_hit ... ok
verify / linux	UNKNOWN STEP	2026-09-27T07:14:26.4311501Z test ui::model::add::tests::a_late_answer_is_thrown_away ... ok
verify / linux	UNKNOWN STEP	2026-09-27T07:14:26.4312239Z test ui::model::add::tests::a_missing_index_and_an_empty_cloud_say_different_things ... ok
verify / linux	UNKNOWN STEP	2026-09-27T07:14:26.4313506Z test ui::model::add::tests::a_single_hit_is_chosen_for_the_user ... ok
verify / linux	UNKNOWN STEP	2026-09-27T07:14:26.4314755Z test ui::model::add::tests::declining_means_no_binding_until_the_user_changes_their_mind ... ok
verify / linux	UNKNOWN STEP	2026-09-27T07:14:26.4315713Z test ui::model::add::tests::picking_by_hand_binds_even_when_the_fingerprint_matched_nothing ... ok
verify / linux	UNKNOWN STEP	2026-09-27T07:14:26.4316222Z test ui::model::add::tests::resetting_clears_everything ... ok
verify / linux	UNKNOWN STEP	2026-09-27T07:14:26.4316619Z test ui::model::add::tests::several_hits_are_never_guessed ... ok
verify / linux	UNKNOWN STEP	2026-09-27T07:14:26.4317494Z test ui::model::add::tests::the_decline_button_only_makes_sense_when_there_is_a_candidate ... ok
verify / linux	UNKNOWN STEP	2026-09-27T07:14:26.4318107Z test ui::model::add::tests::typing_waits_and_only_the_last_edit_asks ... ok
verify / linux	UNKNOWN STEP	2026-09-27T07:14:26.4318915Z test ui::model::cloud::cloud_tests::a_failed_delete_changes_nothing ... ok
verify / linux	UNKNOWN STEP	2026-09-27T07:14:26.4319557Z test ui::model::cloud::cloud_tests::a_late_reply_never_lands_under_the_wrong_game ... ok
verify / linux	UNKNOWN STEP	2026-09-27T07:14:26.4320430Z test ui::model::cloud::cloud_tests::a_new_board_is_quiet_and_not_red ... ok
verify / linux	UNKNOWN STEP	2026-09-27T07:14:26.4321245Z test ui::model::cloud::cloud_tests::a_version_deleted_one_level_down_is_reflected_here ... ok
verify / linux	UNKNOWN STEP	2026-09-27T07:14:26.4322261Z test ui::model::cloud::cloud_tests::each_row_says_how_many_versions_and_where_the_machine_stands ... ok
verify / linux	UNKNOWN STEP	2026-09-27T07:14:26.4323233Z test ui::model::cloud::cloud_tests::refreshing_closes_whatever_was_open ... ok
verify / linux	UNKNOWN STEP	2026-09-27T07:14:26.4324403Z test ui::model::cloud::cloud_tests::search_matches_the_name_the_key_and_the_exe_path ... ok
verify / linux	UNKNOWN STEP	2026-09-27T07:14:26.4325439Z test ui::model::cloud::cloud_tests::sizes_are_written_the_way_people_read_them ... ok
verify / linux	UNKNOWN STEP	2026-09-27T07:14:26.4326343Z test ui::model::cloud::cloud_tests::the_reply_says_when_this_list_was_fetched ... ok
verify / linux	UNKNOWN STEP	2026-09-27T07:14:26.4327265Z test ui::model::cloud_label::tests::a_missing_name_falls_back_to_the_short_id ... ok
verify / linux	UNKNOWN STEP	2026-09-27T07:14:26.4328161Z test ui::model::cloud_label::tests::the_summary_lists_what_the_index_knows ... ok
verify / linux	UNKNOWN STEP	2026-09-27T07:14:26.4329048Z test ui::model::cloud_pick::tests::an_empty_list_never_looks_like_an_empty_cloud ... ok
verify / linux	UNKNOWN STEP	2026-09-27T07:14:26.4329925Z test sync::runner::upload::tests::retention_only_ever_deletes_our_own_old_packages ... ok
verify / linux	UNKNOWN STEP	2026-09-27T07:14:26.4330800Z test ui::model::cloud_pick::tests::opening_again_starts_from_a_clean_slate ... ok
verify / linux	UNKNOWN STEP	2026-09-27T07:14:26.4331583Z test ui::model::cloud_pick::tests::picking_goes_by_cloud_id_and_closes_the_sheet ... ok
verify / linux	UNKNOWN STEP	2026-09-27T07:14:26.4332369Z test ui::model::cloud_version::tests::a_failed_delete_keeps_the_page_open_and_says_why ... ok
verify / linux	UNKNOWN STEP	2026-09-27T07:14:26.4333255Z test ui::model::cloud_pick::tests::the_query_filters_the_snapshot_and_says_what_it_hid ... ok
verify / linux	UNKNOWN STEP	2026-09-27T07:14:26.4334279Z test ui::model::cloud_version::tests::a_successful_delete_closes_the_page_and_hands_the_version_back ... ok
verify / linux	UNKNOWN STEP	2026-09-27T07:14:26.4335058Z test ui::model::cloud_version::tests::deleting_waits_for_the_second_click ... ok
verify / linux	UNKNOWN STEP	2026-09-27T07:14:26.4336289Z test ui::model::cloud_version::tests::opening_a_version_clears_whatever_the_last_one_left_behind ... ok
verify / linux	UNKNOWN STEP	2026-09-27T07:14:26.4336869Z test ui::model::confirm::tests::each_action_says_what_it_does_and_to_whom ... ok
verify / linux	UNKNOWN STEP	2026-09-27T07:14:26.4337698Z test ui::model::cloud::cloud_tests::the_two_whole_game_deletes_fix_the_local_table_too ... ok
verify / linux	UNKNOWN STEP	2026-09-27T07:14:26.4338513Z test ui::model::confirm::tests::the_count_line_disappears_when_there_is_nothing_to_count ... ok
verify / linux	UNKNOWN STEP	2026-09-27T07:14:26.4339503Z test ui::model::game::tests::a_mount_needs_a_disk_and_may_have_an_empty_relative ... ok
verify / linux	UNKNOWN STEP	2026-09-27T07:14:26.4340238Z test ui::model::game::tests::draft_seeds_exe_and_detects_changes ... ok
verify / linux	UNKNOWN STEP	2026-09-27T07:14:26.4340700Z test ui::model::game::tests::the_path_group_notices_a_reference_edit_only ... ok
verify / linux	UNKNOWN STEP	2026-09-27T07:14:26.4341487Z test ui::model::picker::tests::opening_again_starts_from_a_clean_slate ... ok
verify / linux	UNKNOWN STEP	2026-09-27T07:14:26.4341965Z test ui::model::picker::tests::picking_uses_the_filtered_index ... ok
verify / linux	UNKNOWN STEP	2026-09-27T07:14:26.4342571Z test ui::model::picker::tests::the_query_matches_every_clue_and_says_what_it_hid ... ok
verify / linux	UNKNOWN STEP	2026-09-27T07:14:26.4343126Z test ui::model::sync::tests::switching_the_engine_names_the_one_that_becomes_invisible ... ok
verify / linux	UNKNOWN STEP	2026-09-27T07:14:26.4343654Z test ui::model::sync::tests::the_form_patches_exactly_the_keys_the_config_has ... ok
verify / linux	UNKNOWN STEP	2026-09-27T07:14:26.4344658Z test ui::model::sync::tests::the_sync_form_seeds_from_settings_and_never_from_secrets ... ok
verify / linux	UNKNOWN STEP	2026-09-27T07:14:26.4345238Z test ui::model::versions::tests::a_replace_waits_for_the_second_click_and_can_be_called_off ... ok
verify / linux	UNKNOWN STEP	2026-09-27T07:14:26.4345868Z test ui::model::versions::tests::clearing_or_forgetting_empties_the_list_but_a_failure_changes_nothing ... ok
verify / linux	UNKNOWN STEP	2026-09-27T07:14:26.4346541Z test ui::model::versions::tests::confirming_hands_over_that_one_version_and_shows_the_outcome_here ... ok
verify / linux	UNKNOWN STEP	2026-09-27T07:14:26.4347168Z test ui::model::versions::tests::deleting_one_version_takes_exactly_that_row_out_of_the_list ... ok
verify / linux	UNKNOWN STEP	2026-09-27T07:14:26.4347736Z test ui::model::versions::tests::leaving_the_page_takes_the_dialog_with_it ... ok
verify / linux	UNKNOWN STEP	2026-09-27T07:14:26.4348248Z test ui::model::versions::tests::opening_clears_whatever_the_last_one_left_behind ... ok
verify / linux	UNKNOWN STEP	2026-09-27T07:14:26.4348745Z test ui::model::versions::tests::the_newest_version_is_listed_first ... ok
verify / linux	UNKNOWN STEP	2026-09-27T07:14:26.4349229Z test ui::parse::cloud::tests::a_match_reply_carries_the_key_the_binding_needs ... ok
verify / linux	UNKNOWN STEP	2026-09-27T07:14:26.4349815Z test ui::parse::cloud::tests::the_cloud_list_keeps_the_cloud_name_and_the_local_side_apart ... ok
verify / linux	UNKNOWN STEP	2026-09-27T07:14:26.4350512Z test ui::parse::cloud::tests::versions_come_back_with_their_size_and_time ... ok
verify / linux	UNKNOWN STEP	2026-09-27T07:14:26.4351053Z test ui::parse::environment::tests::a_missing_required_dependency_is_named_in_the_summary ... ok
verify / linux	UNKNOWN STEP	2026-09-27T07:14:26.4351643Z test ui::parse::environment::tests::an_unknown_state_is_read_as_missing_not_as_fine ... ok
verify / linux	UNKNOWN STEP	2026-09-27T07:14:26.4352235Z test ui::parse::environment::tests::the_environment_report_keeps_its_wording_in_rust ... ok
verify / linux	UNKNOWN STEP	2026-09-27T07:14:26.4353123Z test ui::parse::games::tests::malformed_and_empty_response_are_errors ... ok
verify / linux	UNKNOWN STEP	2026-09-27T07:14:26.4354105Z test ui::parse::games::tests::missing_optional_fields_fall_back_safely ... ok
verify / linux	UNKNOWN STEP	2026-09-27T07:14:26.4354949Z test ui::parse::games::tests::open_then_save_preserves_stored_values ... ok
verify / linux	UNKNOWN STEP	2026-09-27T07:14:26.4355596Z test ui::parse::games::tests::search_matches_name_and_path_case_insensitively ... ok
verify / linux	UNKNOWN STEP	2026-09-27T07:14:26.4356065Z test ui::parse::games::tests::parses_the_full_scale_profile ... ok
verify / linux	UNKNOWN STEP	2026-09-27T07:14:26.4356621Z test ui::parse::games::tests::parses_watch_mode_and_save_paths_from_the_daemon ... ok
verify / linux	UNKNOWN STEP	2026-09-27T07:14:26.4357451Z test ui::parse::games::tests::unit_variant_algorithms_survive_a_load_save_cycle ... ok
verify / linux	UNKNOWN STEP	2026-09-27T07:14:26.4358453Z test ui::parse::process::tests::a_process_list_becomes_rows_and_missing_paths_are_just_empty ... ok
verify / linux	UNKNOWN STEP	2026-09-27T07:14:26.4359427Z test ui::parse::process::tests::a_reply_without_the_key_is_an_error_not_an_empty_list ... ok
verify / linux	UNKNOWN STEP	2026-09-27T07:14:26.4360095Z test ui::parse::save_paths::tests::kind_placeholders_teach_each_format ... ok
verify / linux	UNKNOWN STEP	2026-09-27T07:14:26.4360555Z test ui::parse::reconnect::tests::retry_backoff_grows_then_caps ... ok
verify / linux	UNKNOWN STEP	2026-09-27T07:14:26.4361039Z test ui::parse::save_paths::tests::save_paths_round_trip_between_editor_and_daemon ... ok
verify / linux	UNKNOWN STEP	2026-09-27T07:14:26.4361620Z test ui::parse::scale::tests::non_numeric_resolution_is_rejected ... ok
verify / linux	UNKNOWN STEP	2026-09-27T07:14:26.4362077Z test ui::parse::scale::tests::the_scaling_ratio_survives_an_open_and_save ... ok
verify / linux	UNKNOWN STEP	2026-09-27T07:14:26.4362504Z test ui::parse::sync::tests::parses_the_sync_status ... ok
verify / linux	UNKNOWN STEP	2026-09-27T07:14:26.4362912Z test ui::parse::scale::tests::unknown_algorithm_is_rejected_on_save ... ok
verify / linux	UNKNOWN STEP	2026-09-27T07:14:26.4363413Z test ui::parse::sync::tests::sync_outcomes_are_summarised_for_a_human ... ok
verify / linux	UNKNOWN STEP	2026-09-27T07:14:26.4364113Z test ui::parse::sync::tests::the_credentials_section_counts_what_is_stored ... ok
verify / linux	UNKNOWN STEP	2026-09-27T07:14:26.4364563Z test ui::parse::wine::tests::parses_wine_status ... ok
verify / linux	UNKNOWN STEP	2026-09-27T07:14:26.4365092Z test ui::render::detail::tests::an_unknown_algorithm_falls_back_to_the_first_option ... ok
verify / linux	UNKNOWN STEP	2026-09-27T07:14:26.4365624Z test ui::render::detail::tests::the_stored_profile_is_what_the_page_resets_to ... ok
verify / linux	UNKNOWN STEP	2026-09-27T07:14:26.4366104Z test ui::render::games::tests::the_empty_library_says_why_it_is_empty ... ok
verify / linux	UNKNOWN STEP	2026-09-27T07:14:26.4366655Z test ui::render::games::tests::the_library_row_reports_a_live_session_and_the_auto_watch_flag_apart ... ok
verify / linux	UNKNOWN STEP	2026-09-27T07:14:26.4367437Z test ui::render::games::tests::the_ratio_column_shows_digits_and_nothing_else ... ok
verify / linux	UNKNOWN STEP	2026-09-27T07:14:26.4368199Z test ui::render::games::tests::the_subtitle_counts_what_is_shown_and_what_exists ... ok
verify / linux	UNKNOWN STEP	2026-09-27T07:14:26.4368713Z test sync::validate::tests::missing_secrets_are_reported_before_a_run ... ok
verify / linux	UNKNOWN STEP	2026-09-27T07:14:26.5305415Z test ui::render::hit_test::the_cloud_rows_open_their_detail_and_each_version_opens_its_own_page ... ok
verify / linux	UNKNOWN STEP	2026-09-27T07:14:26.5334939Z test ui::render::settings::tests::the_service_line_tells_stopped_by_hand_apart_from_not_running ... ok
verify / linux	UNKNOWN STEP	2026-09-27T07:14:26.5365370Z test ui::render::sync::tests::every_store_gets_its_own_index_and_its_own_name ... ok
verify / linux	UNKNOWN STEP	2026-09-27T07:14:26.5370500Z test ui::render::tests::the_connection_line_tells_retrying_apart_from_giving_up ... ok
verify / linux	UNKNOWN STEP	2026-09-27T07:14:26.5371808Z test ui::render::scroll_test::dragging_the_pointer_scrolls_the_list ... ok
verify / linux	UNKNOWN STEP	2026-09-27T07:14:26.5381741Z test ui::render::hit_test::a_click_lands_on_the_control_under_the_pointer ... ok
verify / linux	UNKNOWN STEP	2026-09-27T07:14:26.5587929Z test ui::render::window_test::cloud::the_ask_dialog_card_holds_its_content ... ok
verify / linux	UNKNOWN STEP	2026-09-27T07:14:26.5615375Z test ui::render::window_test::cloud::the_archive_management_page_renders_and_deletes_through_the_shared_dialog ... ok
verify / linux	UNKNOWN STEP	2026-09-27T07:14:26.5638390Z test ui::render::window_test::cloud::the_confirm_dialog_card_holds_its_content ... ok
verify / linux	UNKNOWN STEP	2026-09-27T07:14:26.5802031Z test ui::render::window_test::versions::a_failed_delete_leaves_the_list_alone_and_says_which_action_failed ... ok
verify / linux	UNKNOWN STEP	2026-09-27T07:14:26.5821836Z test ui::render::hit_test::the_identity_row_opens_the_versions_page_but_its_button_still_wins ... ok
verify / linux	UNKNOWN STEP	2026-09-27T07:14:26.5823134Z test ui::render::window_test::versions::a_failed_reading_says_why_on_this_page ... ok
verify / linux	UNKNOWN STEP	2026-09-27T07:14:26.6245373Z test ui::render::window_test::versions::a_game_with_nothing_in_the_cloud_says_so_instead_of_listing_nothing ... ok
verify / linux	UNKNOWN STEP	2026-09-27T07:14:26.6268184Z test ui::render::window_test::versions::an_unbound_game_says_it_has_no_identity ... ok
verify / linux	UNKNOWN STEP	2026-09-27T07:14:26.6302265Z test ui::render::window_test::versions::a_replace_asks_first_and_cancelling_leaves_nothing_behind ... ok
verify / linux	UNKNOWN STEP	2026-09-27T07:14:26.6735576Z test ui::render::window_test::versions::deleting_one_version_asks_first_then_drops_that_row ... ok
verify / linux	UNKNOWN STEP	2026-09-27T07:14:26.6792577Z test ui::render::window_test::versions::the_cleanup_block_hugs_its_own_title ... ok
verify / linux	UNKNOWN STEP	2026-09-27T07:14:26.6825084Z test ui::tasks::tests::a_relative_directory_without_a_disk_is_refused_locally ... ok
verify / linux	UNKNOWN STEP	2026-09-27T07:14:26.6855053Z test ui::tasks::tests::an_unresolved_empty_exe_does_not_block_saving ... ok
verify / linux	UNKNOWN STEP	2026-09-27T07:14:26.6856175Z test ui::tasks::tests::the_path_patch_carries_only_what_changed ... ok
verify / linux	UNKNOWN STEP	2026-09-27T07:14:26.6866000Z test ui::update::add::autofill_tests::exe_fills_dir_and_name_on_both_platforms ... ok
verify / linux	UNKNOWN STEP	2026-09-27T07:14:26.6867180Z test ui::wire::tests::no_breaks_deletes_instead_of_replacing ... ok
verify / linux	UNKNOWN STEP	2026-09-27T07:14:26.6868039Z test ui::wire::tests::one_line_leaves_no_line_breaks_behind ... ok
verify / linux	UNKNOWN STEP	2026-09-27T07:14:26.6868890Z test util::exec::tests::quiet_leaves_a_std_command_usable ... ok
verify / linux	UNKNOWN STEP	2026-09-27T07:14:26.6869750Z test util::exec::tests::quiet_leaves_a_tokio_command_usable ... ok
verify / linux	UNKNOWN STEP	2026-09-27T07:14:26.6870691Z test util::tests::the_same_file_under_two_spellings_is_one_file ... ok
verify / linux	UNKNOWN STEP	2026-09-27T07:14:26.6871726Z test wine::path_tests::a_path_outside_a_prefix_is_refused_with_a_way_out ... ok
verify / linux	UNKNOWN STEP	2026-09-27T07:14:26.6872808Z test wine::path_tests::a_picked_path_is_expressed_the_most_portable_way_first ... ok
verify / linux	UNKNOWN STEP	2026-09-27T07:14:26.6874265Z test wine::path_tests::a_picked_path_turns_into_the_written_form_and_back ... ok
verify / linux	UNKNOWN STEP	2026-09-27T07:14:26.6875058Z test wine::path_tests::a_real_windows_profile_path_becomes_a_token_too ... ok
verify / linux	UNKNOWN STEP	2026-09-27T07:14:26.6875789Z test wine::path_tests::absolute_paths_stay_put_and_expand_home ... ok
verify / linux	UNKNOWN STEP	2026-09-27T07:14:26.6876481Z test wine::path_tests::infers_the_storage_kind_from_a_bare_path ... ok
verify / linux	UNKNOWN STEP	2026-09-27T07:14:26.6877182Z test wine::path_tests::picks_the_current_user_directory_first ... ok
verify / linux	UNKNOWN STEP	2026-09-27T07:14:26.6877951Z test wine::path_tests::relative_paths_resolve_against_the_game_root ... ok
verify / linux	UNKNOWN STEP	2026-09-27T07:14:26.6879032Z test wine::path_tests::resolves_literal_drive_paths_and_mixed_separators ... ok
verify / linux	UNKNOWN STEP	2026-09-27T07:14:26.6880003Z test wine::path_tests::resolves_tokens_inside_the_prefix ... ok
verify / linux	UNKNOWN STEP	2026-09-27T07:14:26.6880872Z test wine::path_tests::save_path_accepts_both_config_forms ... ok
verify / linux	UNKNOWN STEP	2026-09-27T07:14:26.6881844Z test wine::path_tests::the_same_token_resolves_on_both_sides_of_a_dual_boot ... ok
verify / linux	UNKNOWN STEP	2026-09-27T07:14:26.6882924Z test wine::path_tests::typed_text_infers_its_kind_like_a_picked_path_would ... ok
verify / linux	UNKNOWN STEP	2026-09-27T07:14:26.6884102Z test wine::path_tests::unknown_tokens_are_reported_not_guessed ... ok
verify / linux	UNKNOWN STEP	2026-09-27T07:14:26.6885004Z test wine::path_tests::windows_only_accepts_portable_drive_paths ... ok
verify / linux	UNKNOWN STEP	2026-09-27T07:14:26.6885928Z test wine::tests::a_missing_wineserver_is_survivable ... ok
verify / linux	UNKNOWN STEP	2026-09-27T07:14:26.6986081Z test ui::render::window_test::versions::the_two_whole_game_cleanups_share_the_same_dialog ... ok
verify / linux	UNKNOWN STEP	2026-09-27T07:14:26.7018075Z test wine::tests::closing_a_prefix_names_that_prefix_to_wineserver ... ok
verify / linux	UNKNOWN STEP	2026-09-27T07:14:26.7020432Z test wine::tests::falls_back_to_the_default_prefix ... ok
verify / linux	UNKNOWN STEP	2026-09-27T07:14:26.7021254Z test wine::tests::per_game_prefix_beats_the_global_one ... ok
verify / linux	UNKNOWN STEP	2026-09-27T07:14:26.7026792Z test wine::tests::portable_prefix_inside_the_game_dir_wins_over_the_default ... ok
verify / linux	UNKNOWN STEP	2026-09-27T07:14:26.7033286Z test wine::tests::the_environment_prefix_is_used_when_nothing_else_is ... ok
verify / linux	UNKNOWN STEP	2026-09-27T07:14:26.7034893Z test wine_prefixes::tests::a_missing_file_just_means_nothing_was_recorded ... ok
verify / linux	UNKNOWN STEP	2026-09-27T07:14:26.7035819Z test wine_prefixes::tests::a_prefix_is_only_written_down_once ... ok
verify / linux	UNKNOWN STEP	2026-09-27T07:14:26.7045236Z test wine_prefixes::tests::an_empty_list_runs_no_helper_at_all ... ok
verify / linux	UNKNOWN STEP	2026-09-27T07:14:26.7069018Z test wine_prefixes::tests::the_sweep_closes_what_still_exists_and_skips_what_is_gone ... ok
verify / linux	UNKNOWN STEP	2026-09-27T07:14:26.7105762Z test ui::render::window_test::versions::the_versions_page_lists_the_cloud_copies_with_the_newest_first ... ok
verify / linux	UNKNOWN STEP	2026-09-27T07:14:26.8190297Z test ui::render::window_test::library_and_sync_pages_render_without_a_display ... ok
verify / linux	UNKNOWN STEP	2026-09-27T07:14:28.6860967Z test wine::tests::a_wineserver_that_never_answers_does_not_hold_up_the_teardown ... ok
verify / linux	UNKNOWN STEP	2026-09-27T07:14:28.6861813Z 
verify / linux	UNKNOWN STEP	2026-09-27T07:14:28.6862477Z test result: ok. 530 passed; 0 failed; 5 ignored; 0 measured; 0 filtered out; finished in 2.93s
verify / linux	UNKNOWN STEP	2026-09-27T07:14:28.6863170Z 
verify / linux	UNKNOWN STEP	2026-09-27T07:14:28.6878074Z ^[[1m^[[92m     Running^[[0m tests/ipc_e2e/main.rs (target/debug/deps/ipc_e2e-ea6967c84e3692f4)
verify / linux	UNKNOWN STEP	2026-09-27T07:14:28.6893656Z 
verify / linux	UNKNOWN STEP	2026-09-27T07:14:28.6894260Z running 40 tests
verify / linux	UNKNOWN STEP	2026-09-27T07:14:29.2147028Z test cloud_delete::a_malformed_version_name_is_refused_before_any_network ... ok
verify / linux	UNKNOWN STEP	2026-09-27T07:14:29.2236111Z test cloud_delete::deleting_a_version_the_cloud_never_had_is_refused ... ok
verify / linux	UNKNOWN STEP	2026-09-27T07:14:29.2894146Z test cloud_delete::clearing_the_versions_keeps_the_cloud_identity ... ok
verify / linux	UNKNOWN STEP	2026-09-27T07:14:29.2938359Z test daemon::a_second_daemon_refuses_to_steal_a_live_socket ... ok
verify / linux	UNKNOWN STEP	2026-09-27T07:14:29.3041348Z test cloud_delete::deleting_one_version_keeps_the_others_and_the_card ... ok
verify / linux	UNKNOWN STEP	2026-09-27T07:14:29.3481836Z test daemon::second_daemon_replaces_a_stale_socket_file ... ok
verify / linux	UNKNOWN STEP	2026-09-27T07:14:29.3551953Z test fixture_contract::fake_rclone_preserves_bytes_and_escapes_json_names ... ok
verify / linux	UNKNOWN STEP	2026-09-27T07:14:29.3680742Z test fixture_contract::fake_rclone_rejects_unknown_commands_arguments_and_io_failures ... ok
verify / linux	UNKNOWN STEP	2026-09-27T07:14:29.3933640Z test daemon::daemon_ipc_end_to_end ... ok
verify / linux	UNKNOWN STEP	2026-09-27T07:14:29.4078349Z test fixture_contract::an_injected_upload_failure_is_visible_over_ipc_and_keeps_local_data ... ok
verify / linux	UNKNOWN STEP	2026-09-27T07:14:29.4248011Z test library::a_game_can_be_created_from_a_reference_alone ... ok
verify / linux	UNKNOWN STEP	2026-09-27T07:14:29.4515827Z test library::a_game_without_a_reference_still_needs_a_real_exe ... ok
verify / linux	UNKNOWN STEP	2026-09-27T07:14:29.4677179Z test library::library_entries_are_managed_over_ipc ... ok
verify / linux	UNKNOWN STEP	2026-09-27T07:14:29.4802159Z test library::scale_profile_is_patched_and_validated_over_ipc ... ok
verify / linux	UNKNOWN STEP	2026-09-27T07:14:29.5119493Z test library::updating_a_game_to_another_games_exe_is_refused ... ok
verify / linux	UNKNOWN STEP	2026-09-27T07:14:29.5595761Z test cloud_delete::deleting_the_identity_takes_the_saves_with_it ... ok
verify / linux	UNKNOWN STEP	2026-09-27T07:14:29.8754570Z test pairing::rejecting_a_pairing_sticks ... ok
verify / linux	UNKNOWN STEP	2026-09-27T07:14:29.8805924Z test pairing::changing_the_exe_updates_the_fingerprint_but_not_the_cloud_identity ... ok
verify / linux	UNKNOWN STEP	2026-09-27T07:14:29.8835006Z test pairing::a_second_machine_pairs_by_fingerprint_and_follows_the_same_directory ... ok
verify / linux	UNKNOWN STEP	2026-09-27T07:14:30.2335289Z test session::direct_launch_rejects_a_game_that_exits_immediately ... ok
verify / linux	UNKNOWN STEP	2026-09-27T07:14:30.2410385Z test session::launch_builds_the_expected_gamescope_command ... ok
verify / linux	UNKNOWN STEP	2026-09-27T07:14:30.3091077Z test sync::a_configured_program_directory_is_where_the_daemon_looks ... ok
verify / linux	UNKNOWN STEP	2026-09-27T07:14:30.5674845Z test sync::cloud_sync_uploads_keeps_versions_and_restores_over_ipc ... ok
verify / linux	UNKNOWN STEP	2026-09-27T07:14:30.6008512Z test session::manual_add_and_wine_settings_over_ipc ... ok
verify / linux	UNKNOWN STEP	2026-09-27T07:14:30.6292813Z test sync::every_sync_setting_can_actually_be_changed ... ok
verify / linux	UNKNOWN STEP	2026-09-27T07:14:30.6902884Z test sync::setting_only_the_engine_leaves_the_other_settings_alone ... ok
verify / linux	UNKNOWN STEP	2026-09-27T07:14:30.7211782Z test pairing::the_pre_launch_check_asks_once_and_the_answer_sticks ... ok
verify / linux	UNKNOWN STEP	2026-09-27T07:14:30.9602256Z test sync_cloud::a_second_machine_sees_what_the_first_one_uploaded ... ok
verify / linux	UNKNOWN STEP	2026-09-27T07:14:31.1620631Z test sync_cloud::uploading_claims_a_cloud_identity_and_keeps_it ... ok
verify / linux	UNKNOWN STEP	2026-09-27T07:14:31.2450639Z test sync_index::a_failed_refresh_keeps_the_old_cache_and_reports_the_error ... ok
verify / linux	UNKNOWN STEP	2026-09-27T07:14:31.4642828Z test sync_cloud::a_mismatched_identity_stops_both_pull_and_restore ... ok
verify / linux	UNKNOWN STEP	2026-09-27T07:14:31.5103220Z test sync_index::adding_a_game_asks_the_index_whether_the_cloud_already_has_it ... ok
verify / linux	UNKNOWN STEP	2026-09-27T07:14:31.7124827Z test sync_index::the_cloud_list_comes_from_one_index_not_from_every_card ... ok
verify / linux	UNKNOWN STEP	2026-09-27T07:14:31.7915813Z test sync_index::the_cloud_list_is_read_from_a_local_cache_after_the_first_fetch ... ok
verify / linux	UNKNOWN STEP	2026-09-27T07:14:32.1382995Z test sync_index::changing_the_sync_target_refreshes_but_retention_does_not ... ok
verify / linux	UNKNOWN STEP	2026-09-27T07:14:32.1957367Z test watch::one_process_is_claimed_by_a_single_game ... FAILED
verify / linux	UNKNOWN STEP	2026-09-27T07:14:32.2562521Z test watch::the_process_list_offers_usable_candidates_only ... ok
verify / linux	UNKNOWN STEP	2026-09-27T07:14:36.9635879Z test session::direct_launch_session_ends_when_the_game_exits ... ok
verify / linux	UNKNOWN STEP	2026-09-27T07:14:39.7773225Z test sync::save_sync_follows_the_game_lifecycle ... ok
verify / linux	UNKNOWN STEP	2026-09-27T07:14:51.8802241Z test watch::auto_watch_follows_a_game_kotori_did_not_launch ... ok
verify / linux	UNKNOWN STEP	2026-09-27T07:14:51.8802856Z 
verify / linux	UNKNOWN STEP	2026-09-27T07:14:51.8803023Z failures:
verify / linux	UNKNOWN STEP	2026-09-27T07:14:51.8803218Z 
verify / linux	UNKNOWN STEP	2026-09-27T07:14:51.8803601Z ---- watch::one_process_is_claimed_by_a_single_game stdout ----
verify / linux	UNKNOWN STEP	2026-09-27T07:14:51.8804246Z 
verify / linux	UNKNOWN STEP	2026-09-27T07:14:51.8804825Z thread 'watch::one_process_is_claimed_by_a_single_game' (8811) panicked at tests/ipc_e2e/watch.rs:155:5:
verify / linux	UNKNOWN STEP	2026-09-27T07:14:51.8806843Z assertion `left == right` failed: {"error":{"code":-32000,"message":"可执行文件已经属于「First」：同一个 exe 只能建一条档案（两条档案会让云端的版本历史分家、观测同一个进程时分不清谁在跑）"},"id":1,"jsonrpc":"2.0"}
verify / linux	UNKNOWN STEP	2026-09-27T07:14:51.8807935Z   left: Null
verify / linux	UNKNOWN STEP	2026-09-27T07:14:51.8808307Z  right: true
verify / linux	UNKNOWN STEP	2026-09-27T07:14:51.8808914Z note: run with `RUST_BACKTRACE=1` environment variable to display a backtrace
verify / linux	UNKNOWN STEP	2026-09-27T07:14:51.8809657Z --- daemon log ---
verify / linux	UNKNOWN STEP	2026-09-27T07:14:51.8811096Z ^[[2m2026-09-27T07:14:32.143175Z^[[0m ^[[32m INFO^[[0m ^[[2mkotori^[[0m^[[2m:^[[0m Starting daemon mode
verify / linux	UNKNOWN STEP	2026-09-27T07:14:51.8819829Z ^[[2m2026-09-27T07:14:32.144031Z^[[0m ^[[32m INFO^[[0m ^[[2mkotori::secrets::keyring^[[0m^[[2m:^[[0m 没有运行中的系统密钥环，凭据存到明文文件 /tmp/kt-e2e-claim-4eb3cda98ed24016b76e5700bba830b6/credentials.json（权限 0600）
verify / linux	UNKNOWN STEP	2026-09-27T07:14:51.8821139Z ^[[2m2026-09-27T07:14:32.144120Z^[[0m ^[[32m INFO^[[0m ^[[2mkotori::daemon^[[0m^[[2m:^[[0m daemon listening on /tmp/kt-e2e-claim-4eb3cda98ed24016b76e5700bba830b6/kotori.sock
verify / linux	UNKNOWN STEP	2026-09-27T07:14:51.8822051Z ^[[2m2026-09-27T07:14:32.191254Z^[[0m ^[[32m INFO^[[0m ^[[2mkotori::daemon::game_write^[[0m^[[2m:^[[0m game.create: first
verify / linux	UNKNOWN STEP	2026-09-27T07:14:51.8822792Z ^[[2m2026-09-27T07:14:32.193153Z^[[0m ^[[32m INFO^[[0m ^[[2mkotori::daemon::game_write^[[0m^[[2m:^[[0m game.create: second
verify / linux	UNKNOWN STEP	2026-09-27T07:14:51.8823156Z 
verify / linux	UNKNOWN STEP	2026-09-27T07:14:51.8823389Z 测试现场保留在 /tmp/kt-e2e-claim-4eb3cda98ed24016b76e5700bba830b6
verify / linux	UNKNOWN STEP	2026-09-27T07:14:51.8823632Z 
verify / linux	UNKNOWN STEP	2026-09-27T07:14:51.8823637Z 
verify / linux	UNKNOWN STEP	2026-09-27T07:14:51.8823731Z failures:
verify / linux	UNKNOWN STEP	2026-09-27T07:14:51.8824153Z     watch::one_process_is_claimed_by_a_single_game
verify / linux	UNKNOWN STEP	2026-09-27T07:14:51.8824412Z 
verify / linux	UNKNOWN STEP	2026-09-27T07:14:51.8824689Z ^[[1m^[[91merror^[[0m: test failed, to rerun pass `--test ipc_e2e`
verify / linux	UNKNOWN STEP	2026-09-27T07:14:51.8825226Z test result: FAILED. 39 passed; 1 failed; 0 ignored; 0 measured; 0 filtered out; finished in 23.19s
verify / linux	UNKNOWN STEP	2026-09-27T07:14:51.8825580Z 
verify / linux	UNKNOWN STEP	2026-09-27T07:14:51.8869207Z ##[error]Process completed with exit code 101.
verify / linux	UNKNOWN STEP	2026-09-27T07:14:51.8950934Z ##[group]Run actions/upload-artifact@v4
verify / linux	UNKNOWN STEP	2026-09-27T07:14:51.8951219Z with:
verify / linux	UNKNOWN STEP	2026-09-27T07:14:51.8951450Z   name: test-artifacts-linux-x86_64
verify / linux	UNKNOWN STEP	2026-09-27T07:14:51.8951770Z   path: /home/runner/work/Kotori/Kotori/test-artifacts
verify / linux	UNKNOWN STEP	2026-09-27T07:14:51.8952090Z   if-no-files-found: warn
verify / linux	UNKNOWN STEP	2026-09-27T07:14:51.8952332Z   compression-level: 6
verify / linux	UNKNOWN STEP	2026-09-27T07:14:51.8952561Z   overwrite: false
verify / linux	UNKNOWN STEP	2026-09-27T07:14:51.8952780Z   include-hidden-files: false
verify / linux	UNKNOWN STEP	2026-09-27T07:14:51.8953021Z env:
verify / linux	UNKNOWN STEP	2026-09-27T07:14:51.8953214Z   CARGO_TERM_COLOR: always
verify / linux	UNKNOWN STEP	2026-09-27T07:14:51.8953550Z   KOTORI_TEST_ARTIFACTS: /home/runner/work/Kotori/Kotori/test-artifacts
verify / linux	UNKNOWN STEP	2026-09-27T07:14:51.8954147Z   CARGO_HOME: /home/runner/.cargo
verify / linux	UNKNOWN STEP	2026-09-27T07:14:51.8954415Z   CARGO_INCREMENTAL: 0
verify / linux	UNKNOWN STEP	2026-09-27T07:14:51.8954647Z   CACHE_ON_FAILURE: false
verify / linux	UNKNOWN STEP	2026-09-27T07:14:51.8954877Z ##[endgroup]
verify / linux	UNKNOWN STEP	2026-09-27T07:14:52.1616106Z (node:8962) [DEP0040] DeprecationWarning: The `punycode` module is deprecated. Please use a userland alternative instead.
verify / linux	UNKNOWN STEP	2026-09-27T07:14:52.1617374Z (Use `node --trace-deprecation ...` to show where the warning was created)
verify / linux	UNKNOWN STEP	2026-09-27T07:14:52.1731277Z With the provided path, there will be 9 files uploaded
verify / linux	UNKNOWN STEP	2026-09-27T07:14:52.1732124Z Artifact name is valid!
verify / linux	UNKNOWN STEP	2026-09-27T07:14:52.1732545Z Root directory input is valid!
verify / linux	UNKNOWN STEP	2026-09-27T07:14:52.5367820Z Beginning upload of artifact content to blob storage
verify / linux	UNKNOWN STEP	2026-09-27T07:14:52.5752109Z (node:8962) [DEP0169] DeprecationWarning: `url.parse()` behavior is not standardized and prone to errors that have security implications. Use the WHATWG URL API instead. CVEs are not issued for `url.parse()` vulnerabilities.
verify / linux	UNKNOWN STEP	2026-09-27T07:14:52.8239694Z Uploaded bytes 15604
verify / linux	UNKNOWN STEP	2026-09-27T07:14:52.8819031Z Finished uploading artifact content to blob storage!
verify / linux	UNKNOWN STEP	2026-09-27T07:14:52.8819991Z SHA256 digest of uploaded artifact zip is c1542fa9b9d8aba5dc4001c721986ff83ad9a4f07502f523de91373204a580cc
verify / linux	UNKNOWN STEP	2026-09-27T07:14:52.8821670Z Finalizing artifact upload
verify / linux	UNKNOWN STEP	2026-09-27T07:14:53.1466735Z Artifact test-artifacts-linux-x86_64.zip successfully finalized. Artifact ID 10926386821
verify / linux	UNKNOWN STEP	2026-09-27T07:14:53.1467910Z Artifact test-artifacts-linux-x86_64 has been successfully uploaded! Final size is 15604 bytes. Artifact ID is 10926386821
verify / linux	UNKNOWN STEP	2026-09-27T07:14:53.1474053Z Artifact download URL: https://github.com/Pianzh/Kotori/actions/runs/36302193562/artifacts/10926386821
verify / linux	UNKNOWN STEP	2026-09-27T07:14:53.1681433Z Post job cleanup.
verify / linux	UNKNOWN STEP	2026-09-27T07:14:53.2518973Z [command]/usr/bin/git version
verify / linux	UNKNOWN STEP	2026-09-27T07:14:53.2559684Z git version 2.55.0
verify / linux	UNKNOWN STEP	2026-09-27T07:14:53.2595523Z Temporarily overriding HOME='/home/runner/work/_temp/61fe3d7a-7210-4c71-bd7a-5d320b56e22c' before making global git config changes
verify / linux	UNKNOWN STEP	2026-09-27T07:14:53.2597004Z Adding repository directory to the temporary git global config as a safe directory
verify / linux	UNKNOWN STEP	2026-09-27T07:14:53.2601208Z [command]/usr/bin/git config --global --add safe.directory /home/runner/work/Kotori/Kotori
verify / linux	UNKNOWN STEP	2026-09-27T07:14:53.2635958Z [command]/usr/bin/git config --local --name-only --get-regexp core\.sshCommand
verify / linux	UNKNOWN STEP	2026-09-27T07:14:53.2666788Z [command]/usr/bin/git submodule foreach --recursive sh -c "git config --local --name-only --get-regexp 'core\.sshCommand' && git config --local --unset-all 'core.sshCommand' || :"
verify / linux	UNKNOWN STEP	2026-09-27T07:14:53.2896509Z [command]/usr/bin/git config --local --name-only --get-regexp http\.https\:\/\/github\.com\/\.extraheader
verify / linux	UNKNOWN STEP	2026-09-27T07:14:53.2920295Z http.https://github.com/.extraheader
verify / linux	UNKNOWN STEP	2026-09-27T07:14:53.2931057Z [command]/usr/bin/git config --local --unset-all http.https://github.com/.extraheader
verify / linux	UNKNOWN STEP	2026-09-27T07:14:53.2962567Z [command]/usr/bin/git submodule foreach --recursive sh -c "git config --local --name-only --get-regexp 'http\.https\:\/\/github\.com\/\.extraheader' && git config --local --unset-all 'http.https://github.com/.extraheader' || :"
verify / linux	UNKNOWN STEP	2026-09-27T07:14:53.3159270Z [command]/usr/bin/git config --local --name-only --get-regexp ^includeIf\.gitdir:
verify / linux	UNKNOWN STEP	2026-09-27T07:14:53.3195230Z [command]/usr/bin/git submodule foreach --recursive git config --local --show-origin --name-only --get-regexp remote.origin.url
verify / linux	UNKNOWN STEP	2026-09-27T07:14:53.3590621Z Cleaning up orphan processes
verify / linux	UNKNOWN STEP	2026-09-27T07:14:53.3982760Z Terminate orphan process: pid (4086) (sleep)
verify / linux	UNKNOWN STEP	2026-09-27T07:14:53.3992489Z ##[warning]Node.js 20 is deprecated. The following actions target Node.js 20 but are being forced to run on Node.js 24: actions/checkout@v4, actions/upload-artifact@v4. For more information see: https://github.blog/changelog/2025-09-19-deprecation-of-node-20-on-github-actions-runners/
verify / windows	UNKNOWN STEP	﻿2026-09-27T07:08:40.1369673Z Current runner version: '2.337.0'
verify / windows	UNKNOWN STEP	2026-09-27T07:08:40.1399429Z ##[group]Runner Image Provisioner
verify / windows	UNKNOWN STEP	2026-09-27T07:08:40.1400403Z Hosted Compute Agent
verify / windows	UNKNOWN STEP	2026-09-27T07:08:40.1401062Z Version: 20260828.587
verify / windows	UNKNOWN STEP	2026-09-27T07:08:40.1401792Z Commit: abac92662cab4cc7352de4f9f9d2e2419aad9c29
verify / windows	UNKNOWN STEP	2026-09-27T07:08:40.1402615Z Build Date: 2026-08-28T16:44:25Z
verify / windows	UNKNOWN STEP	2026-09-27T07:08:40.1403527Z Worker ID: {87086768-7846-4c42-8d97-1911ebc7205d}
verify / windows	UNKNOWN STEP	2026-09-27T07:08:40.1404390Z Azure Region: northcentralus
verify / windows	UNKNOWN STEP	2026-09-27T07:08:40.1405145Z ##[endgroup]
verify / windows	UNKNOWN STEP	2026-09-27T07:08:40.1406802Z ##[group]Operating System
verify / windows	UNKNOWN STEP	2026-09-27T07:08:40.1407513Z Microsoft Windows Server 2025
verify / windows	UNKNOWN STEP	2026-09-27T07:08:40.1408255Z 10.0.26100
verify / windows	UNKNOWN STEP	2026-09-27T07:08:40.1408898Z Datacenter
verify / windows	UNKNOWN STEP	2026-09-27T07:08:40.1409483Z ##[endgroup]
verify / windows	UNKNOWN STEP	2026-09-27T07:08:40.1410132Z ##[group]Runner Image
verify / windows	UNKNOWN STEP	2026-09-27T07:08:40.1410866Z Image: windows-2025-vs2026
verify / windows	UNKNOWN STEP	2026-09-27T07:08:40.1411637Z Version: 20260922.246.2
verify / windows	UNKNOWN STEP	2026-09-27T07:08:40.1413871Z Included Software: https://github.com/actions/runner-images/blob/win25-vs2026/20260922.246/images/windows/Windows2025-VS2026-Readme.md
verify / windows	UNKNOWN STEP	2026-09-27T07:08:40.1416049Z Image Release: https://github.com/actions/runner-images/releases/tag/win25-vs2026%2F20260922.246
verify / windows	UNKNOWN STEP	2026-09-27T07:08:40.1417364Z ##[endgroup]
verify / windows	UNKNOWN STEP	2026-09-27T07:08:40.1418800Z ##[group]GITHUB_TOKEN Permissions
verify / windows	UNKNOWN STEP	2026-09-27T07:08:40.1420699Z Contents: read
verify / windows	UNKNOWN STEP	2026-09-27T07:08:40.1421505Z Metadata: read
verify / windows	UNKNOWN STEP	2026-09-27T07:08:40.1422222Z Packages: read
verify / windows	UNKNOWN STEP	2026-09-27T07:08:40.1422872Z ##[endgroup]
verify / windows	UNKNOWN STEP	2026-09-27T07:08:40.1425187Z Secret source: Actions
verify / windows	UNKNOWN STEP	2026-09-27T07:08:40.1426148Z Cache mode: write
verify / windows	UNKNOWN STEP	2026-09-27T07:08:40.1427012Z Prepare workflow directory
verify / windows	UNKNOWN STEP	2026-09-27T07:08:40.1901879Z Prepare all required actions
verify / windows	UNKNOWN STEP	2026-09-27T07:08:40.1941094Z Getting action download info
verify / windows	UNKNOWN STEP	2026-09-27T07:08:40.4148366Z Download action repository 'actions/checkout@v4' (SHA:11d5960a326750d5838078e36cf38b85af677262)
verify / windows	UNKNOWN STEP	2026-09-27T07:08:40.5244259Z Download action repository 'dtolnay/rust-toolchain@stable' (SHA:6bed0761d98439e5a578e2877258200ad565ba87)
verify / windows	UNKNOWN STEP	2026-09-27T07:08:40.6436386Z Download action repository 'Swatinem/rust-cache@v2' (SHA:6323deb102c322ba6fcbdcafc7e3dddab59af2b6)
verify / windows	UNKNOWN STEP	2026-09-27T07:08:40.9205059Z Download action repository 'actions/upload-artifact@v4' (SHA:ea165f8d65b6e75b540449e92b4886f43607fa02)
verify / windows	UNKNOWN STEP	2026-09-27T07:08:41.3275217Z Uses: Pianzh/Kotori/.github/workflows/verify.yml@refs/heads/chore/windows-dead-code (7c24f921f9a08434992754f22d3dd8f7bea4d693)
verify / windows	UNKNOWN STEP	2026-09-27T07:08:41.3279040Z ##[group] Inputs
verify / windows	UNKNOWN STEP	2026-09-27T07:08:41.3279514Z   kopia-version: 0.23.1
verify / windows	UNKNOWN STEP	2026-09-27T07:08:41.3279910Z ##[endgroup]
verify / windows	UNKNOWN STEP	2026-09-27T07:08:41.3280288Z Complete job name: verify / windows
verify / windows	UNKNOWN STEP	2026-09-27T07:08:41.4298396Z ##[group]Run actions/checkout@v4
verify / windows	UNKNOWN STEP	2026-09-27T07:08:41.4299374Z with:
verify / windows	UNKNOWN STEP	2026-09-27T07:08:41.4299722Z   repository: Pianzh/Kotori
verify / windows	UNKNOWN STEP	2026-09-27T07:08:41.4303025Z   token: ***
verify / windows	UNKNOWN STEP	2026-09-27T07:08:41.4303382Z   ssh-strict: true
verify / windows	UNKNOWN STEP	2026-09-27T07:08:41.4303726Z   ssh-user: git
verify / windows	UNKNOWN STEP	2026-09-27T07:08:41.4304069Z   persist-credentials: true
verify / windows	UNKNOWN STEP	2026-09-27T07:08:41.4304449Z   clean: true
verify / windows	UNKNOWN STEP	2026-09-27T07:08:41.4304826Z   sparse-checkout-cone-mode: true
verify / windows	UNKNOWN STEP	2026-09-27T07:08:41.4305250Z   fetch-depth: 1
verify / windows	UNKNOWN STEP	2026-09-27T07:08:41.4305600Z   fetch-tags: false
verify / windows	UNKNOWN STEP	2026-09-27T07:08:41.4305954Z   show-progress: true
verify / windows	UNKNOWN STEP	2026-09-27T07:08:41.4306300Z   lfs: false
verify / windows	UNKNOWN STEP	2026-09-27T07:08:41.4306611Z   submodules: false
verify / windows	UNKNOWN STEP	2026-09-27T07:08:41.4306962Z   set-safe-directory: true
verify / windows	UNKNOWN STEP	2026-09-27T07:08:41.4307360Z   allow-unsafe-pr-checkout: false
verify / windows	UNKNOWN STEP	2026-09-27T07:08:41.4307939Z env:
verify / windows	UNKNOWN STEP	2026-09-27T07:08:41.4308255Z   CARGO_TERM_COLOR: always
verify / windows	UNKNOWN STEP	2026-09-27T07:08:41.4308723Z   KOTORI_TEST_ARTIFACTS: D:\a\Kotori\Kotori/test-artifacts
verify / windows	UNKNOWN STEP	2026-09-27T07:08:41.4309266Z ##[endgroup]
verify / windows	UNKNOWN STEP	2026-09-27T07:08:41.5574263Z Syncing repository: Pianzh/Kotori
verify / windows	UNKNOWN STEP	2026-09-27T07:08:41.5576718Z ##[group]Getting Git version info
verify / windows	UNKNOWN STEP	2026-09-27T07:08:41.5577614Z Working directory is 'D:\a\Kotori\Kotori'
verify / windows	UNKNOWN STEP	2026-09-27T07:08:41.6258261Z [command]"C:\Program Files\Git\bin\git.exe" version
verify / windows	UNKNOWN STEP	2026-09-27T07:08:41.9559086Z git version 2.55.0.windows.5
verify / windows	UNKNOWN STEP	2026-09-27T07:08:41.9599317Z ##[endgroup]
verify / windows	UNKNOWN STEP	2026-09-27T07:08:41.9617438Z Temporarily overriding HOME='D:\a\_temp\dbaff84e-ff9e-4639-9b75-8b0ee672ba65' before making global git config changes
verify / windows	UNKNOWN STEP	2026-09-27T07:08:41.9618841Z Adding repository directory to the temporary git global config as a safe directory
verify / windows	UNKNOWN STEP	2026-09-27T07:08:41.9625669Z [command]"C:\Program Files\Git\bin\git.exe" config --global --add safe.directory D:\a\Kotori\Kotori
verify / windows	UNKNOWN STEP	2026-09-27T07:08:42.0158280Z Deleting the contents of 'D:\a\Kotori\Kotori'
verify / windows	UNKNOWN STEP	2026-09-27T07:08:42.0163659Z ##[group]Initializing the repository
verify / windows	UNKNOWN STEP	2026-09-27T07:08:42.0171143Z [command]"C:\Program Files\Git\bin\git.exe" init D:\a\Kotori\Kotori
verify / windows	UNKNOWN STEP	2026-09-27T07:08:42.0883544Z Initialized empty Git repository in D:/a/Kotori/Kotori/.git/
verify / windows	UNKNOWN STEP	2026-09-27T07:08:42.0929567Z [command]"C:\Program Files\Git\bin\git.exe" remote add origin https://github.com/Pianzh/Kotori
verify / windows	UNKNOWN STEP	2026-09-27T07:08:42.1491192Z ##[endgroup]
verify / windows	UNKNOWN STEP	2026-09-27T07:08:42.1492415Z ##[group]Disabling automatic garbage collection
verify / windows	UNKNOWN STEP	2026-09-27T07:08:42.1503565Z [command]"C:\Program Files\Git\bin\git.exe" config --local gc.auto 0
verify / windows	UNKNOWN STEP	2026-09-27T07:08:42.1796499Z ##[endgroup]
verify / windows	UNKNOWN STEP	2026-09-27T07:08:42.1798149Z ##[group]Setting up auth
verify / windows	UNKNOWN STEP	2026-09-27T07:08:42.1800220Z [command]"C:\Program Files\Git\bin\git.exe" config --local --name-only --get-regexp core\.sshCommand
verify / windows	UNKNOWN STEP	2026-09-27T07:08:42.2076072Z [command]"C:\Program Files\Git\bin\git.exe" submodule foreach --recursive "sh -c \"git config --local --name-only --get-regexp 'core\.sshCommand' && git config --local --unset-all 'core.sshCommand' || :\""
verify / windows	UNKNOWN STEP	2026-09-27T07:08:43.4550952Z [command]"C:\Program Files\Git\bin\git.exe" config --local --name-only --get-regexp http\.https\:\/\/github\.com\/\.extraheader
verify / windows	UNKNOWN STEP	2026-09-27T07:08:43.4799089Z [command]"C:\Program Files\Git\bin\git.exe" submodule foreach --recursive "sh -c \"git config --local --name-only --get-regexp 'http\.https\:\/\/github\.com\/\.extraheader' && git config --local --unset-all 'http.https://github.com/.extraheader' || :\""
verify / windows	UNKNOWN STEP	2026-09-27T07:08:43.9340458Z [command]"C:\Program Files\Git\bin\git.exe" config --local --name-only --get-regexp ^includeIf\.gitdir:
verify / windows	UNKNOWN STEP	2026-09-27T07:08:43.9534874Z [command]"C:\Program Files\Git\bin\git.exe" submodule foreach --recursive "git config --local --show-origin --name-only --get-regexp remote.origin.url"
verify / windows	UNKNOWN STEP	2026-09-27T07:08:44.3719261Z [command]"C:\Program Files\Git\bin\git.exe" config --local http.https://github.com/.extraheader "AUTHORIZATION: basic ***"
verify / windows	UNKNOWN STEP	2026-09-27T07:08:44.3956239Z ##[endgroup]
verify / windows	UNKNOWN STEP	2026-09-27T07:08:44.3956622Z ##[group]Fetching the repository
verify / windows	UNKNOWN STEP	2026-09-27T07:08:44.3967523Z [command]"C:\Program Files\Git\bin\git.exe" -c protocol.version=2 fetch --no-tags --prune --no-recurse-submodules --depth=1 origin +7c24f921f9a08434992754f22d3dd8f7bea4d693:refs/remotes/origin/chore/windows-dead-code
verify / windows	UNKNOWN STEP	2026-09-27T07:08:45.7961046Z From https://github.com/Pianzh/Kotori
verify / windows	UNKNOWN STEP	2026-09-27T07:08:45.7961917Z  * [new ref]         7c24f921f9a08434992754f22d3dd8f7bea4d693 -> origin/chore/windows-dead-code
verify / windows	UNKNOWN STEP	2026-09-27T07:08:45.7993150Z ##[endgroup]
verify / windows	UNKNOWN STEP	2026-09-27T07:08:45.7993528Z ##[group]Determining the checkout info
verify / windows	UNKNOWN STEP	2026-09-27T07:08:45.7995127Z ##[endgroup]
verify / windows	UNKNOWN STEP	2026-09-27T07:08:45.8006459Z [command]"C:\Program Files\Git\bin\git.exe" sparse-checkout disable
verify / windows	UNKNOWN STEP	2026-09-27T07:08:45.8348490Z [command]"C:\Program Files\Git\bin\git.exe" config --local --unset-all extensions.worktreeConfig
verify / windows	UNKNOWN STEP	2026-09-27T07:08:45.8567534Z ##[group]Checking out the ref
verify / windows	UNKNOWN STEP	2026-09-27T07:08:45.8573964Z [command]"C:\Program Files\Git\bin\git.exe" checkout --progress --force -B chore/windows-dead-code refs/remotes/origin/chore/windows-dead-code
verify / windows	UNKNOWN STEP	2026-09-27T07:08:45.9650794Z Switched to a new branch 'chore/windows-dead-code'
verify / windows	UNKNOWN STEP	2026-09-27T07:08:45.9706806Z branch 'chore/windows-dead-code' set up to track 'origin/chore/windows-dead-code'.
verify / windows	UNKNOWN STEP	2026-09-27T07:08:45.9743646Z ##[endgroup]
verify / windows	UNKNOWN STEP	2026-09-27T07:08:46.0067674Z [command]"C:\Program Files\Git\bin\git.exe" log -1 --format=%H
verify / windows	UNKNOWN STEP	2026-09-27T07:08:46.0267791Z 7c24f921f9a08434992754f22d3dd8f7bea4d693
verify / windows	UNKNOWN STEP	2026-09-27T07:08:46.0706657Z ##[group]Run dtolnay/rust-toolchain@stable
verify / windows	UNKNOWN STEP	2026-09-27T07:08:46.0707523Z with:
verify / windows	UNKNOWN STEP	2026-09-27T07:08:46.0707681Z   components: clippy
verify / windows	UNKNOWN STEP	2026-09-27T07:08:46.0707847Z   toolchain: stable
verify / windows	UNKNOWN STEP	2026-09-27T07:08:46.0708005Z env:
verify / windows	UNKNOWN STEP	2026-09-27T07:08:46.0708153Z   CARGO_TERM_COLOR: always
verify / windows	UNKNOWN STEP	2026-09-27T07:08:46.0708373Z   KOTORI_TEST_ARTIFACTS: D:\a\Kotori\Kotori/test-artifacts
verify / windows	UNKNOWN STEP	2026-09-27T07:08:46.0708635Z ##[endgroup]
verify / windows	UNKNOWN STEP	2026-09-27T07:08:46.0761465Z ##[start-action display=Parse toolchain version;id=__dtolnay_rust-toolchain.parse]
verify / windows	UNKNOWN STEP	2026-09-27T07:08:46.0875874Z ##[group]Run if [[ -z $toolchain ]]; then
verify / windows	UNKNOWN STEP	2026-09-27T07:08:46.0876196Z ^[[36;1mif [[ -z $toolchain ]]; then^[[0m
verify / windows	UNKNOWN STEP	2026-09-27T07:08:46.0876619Z ^[[36;1m  # GitHub does not enforce `required: true` inputs itself. https://github.com/actions/runner/issues/1070^[[0m
verify / windows	UNKNOWN STEP	2026-09-27T07:08:46.0877036Z ^[[36;1m  echo "'toolchain' is a required input" >&2^[[0m
verify / windows	UNKNOWN STEP	2026-09-27T07:08:46.0877252Z ^[[36;1m  exit 1^[[0m
verify / windows	UNKNOWN STEP	2026-09-27T07:08:46.0877608Z ^[[36;1melif [[ $toolchain =~ ^stable' '[0-9]+' '(year|month|week|day)s?' 'ago$ ]]; then^[[0m
verify / windows	UNKNOWN STEP	2026-09-27T07:08:46.0878085Z ^[[36;1m  if [[ Windows == macOS ]]; then^[[0m
verify / windows	UNKNOWN STEP	2026-09-27T07:08:46.0878509Z ^[[36;1m    echo "toolchain=1.$((($(date -v-$(sed 's/stable \([0-9]*\) \(.\).*/\1\2/' <<< $toolchain) +%s)/60/60/24-16569)/7/6))" >> $GITHUB_OUTPUT^[[0m
verify / windows	UNKNOWN STEP	2026-09-27T07:08:46.0878906Z ^[[36;1m  else^[[0m
verify / windows	UNKNOWN STEP	2026-09-27T07:08:46.0879213Z ^[[36;1m    echo "toolchain=1.$((($(date --date "${toolchain#stable }" +%s)/60/60/24-16569)/7/6))" >> $GITHUB_OUTPUT^[[0m
verify / windows	UNKNOWN STEP	2026-09-27T07:08:46.0879544Z ^[[36;1m  fi^[[0m
verify / windows	UNKNOWN STEP	2026-09-27T07:08:46.0879766Z ^[[36;1melif [[ $toolchain =~ ^stable' 'minus' '[0-9]+' 'releases?$ ]]; then^[[0m
verify / windows	UNKNOWN STEP	2026-09-27T07:08:46.0880154Z ^[[36;1m  echo "toolchain=1.$((($(date +%s)/60/60/24-16569)/7/6-${toolchain//[^0-9]/}))" >> $GITHUB_OUTPUT^[[0m
verify / windows	UNKNOWN STEP	2026-09-27T07:08:46.0880490Z ^[[36;1melif [[ $toolchain =~ ^1\.[0-9]+$ ]]; then^[[0m
verify / windows	UNKNOWN STEP	2026-09-27T07:08:46.0880878Z ^[[36;1m  echo "toolchain=1.$((i=${toolchain#1.}, c=($(date +%s)/60/60/24-16569)/7/6, i+9*i*(10*i<=c)+90*i*(100*i<=c)))" >> $GITHUB_OUTPUT^[[0m
verify / windows	UNKNOWN STEP	2026-09-27T07:08:46.0881225Z ^[[36;1melse^[[0m
verify / windows	UNKNOWN STEP	2026-09-27T07:08:46.0881406Z ^[[36;1m  echo "toolchain=$toolchain" >> $GITHUB_OUTPUT^[[0m
verify / windows	UNKNOWN STEP	2026-09-27T07:08:46.0881795Z ^[[36;1mfi^[[0m
verify / windows	UNKNOWN STEP	2026-09-27T07:08:46.0926678Z shell: C:\Program Files\Git\bin\bash.EXE --noprofile --norc -e -o pipefail {0}
verify / windows	UNKNOWN STEP	2026-09-27T07:08:46.0927061Z env:
verify / windows	UNKNOWN STEP	2026-09-27T07:08:46.0927231Z   CARGO_TERM_COLOR: always
verify / windows	UNKNOWN STEP	2026-09-27T07:08:46.0927459Z   KOTORI_TEST_ARTIFACTS: D:\a\Kotori\Kotori/test-artifacts
verify / windows	UNKNOWN STEP	2026-09-27T07:08:46.0927698Z   toolchain: stable
verify / windows	UNKNOWN STEP	2026-09-27T07:08:46.0927845Z ##[endgroup]
verify / windows	UNKNOWN STEP	2026-09-27T07:08:46.2361369Z ##[end-action id=__dtolnay_rust-toolchain.parse;outcome=success;conclusion=success;duration_ms=159]
verify / windows	UNKNOWN STEP	2026-09-27T07:08:46.2372781Z ##[start-action display=Construct rustup command line;id=__dtolnay_rust-toolchain.flags]
verify / windows	UNKNOWN STEP	2026-09-27T07:08:46.2482586Z ##[group]Run echo "targets=$(for t in ${targets//,/ }; do echo -n ' --target' $t; done)" >> $GITHUB_OUTPUT
verify / windows	UNKNOWN STEP	2026-09-27T07:08:46.2483089Z ^[[36;1mecho "targets=$(for t in ${targets//,/ }; do echo -n ' --target' $t; done)" >> $GITHUB_OUTPUT^[[0m
verify / windows	UNKNOWN STEP	2026-09-27T07:08:46.2483559Z ^[[36;1mecho "components=$(for c in ${components//,/ }; do echo -n ' --component' $c; done)" >> $GITHUB_OUTPUT^[[0m
verify / windows	UNKNOWN STEP	2026-09-27T07:08:46.2483910Z ^[[36;1mecho "downgrade=" >> $GITHUB_OUTPUT^[[0m
verify / windows	UNKNOWN STEP	2026-09-27T07:08:46.2493801Z shell: C:\Program Files\Git\bin\bash.EXE --noprofile --norc -e -o pipefail {0}
verify / windows	UNKNOWN STEP	2026-09-27T07:08:46.2494100Z env:
verify / windows	UNKNOWN STEP	2026-09-27T07:08:46.2494248Z   CARGO_TERM_COLOR: always
verify / windows	UNKNOWN STEP	2026-09-27T07:08:46.2494471Z   KOTORI_TEST_ARTIFACTS: D:\a\Kotori\Kotori/test-artifacts
verify / windows	UNKNOWN STEP	2026-09-27T07:08:46.2494724Z   targets: 
verify / windows	UNKNOWN STEP	2026-09-27T07:08:46.2494866Z   components: clippy
verify / windows	UNKNOWN STEP	2026-09-27T07:08:46.2495022Z ##[endgroup]
verify / windows	UNKNOWN STEP	2026-09-27T07:08:46.2972927Z ##[end-action id=__dtolnay_rust-toolchain.flags;outcome=success;conclusion=success;duration_ms=59]
verify / windows	UNKNOWN STEP	2026-09-27T07:08:46.2975078Z ##[start-action display=Set $CARGO_HOME;id=__dtolnay_rust-toolchain.__run]
verify / windows	UNKNOWN STEP	2026-09-27T07:08:46.3073919Z ##[group]Run echo CARGO_HOME=${CARGO_HOME:-"$USERPROFILE\.cargo"} >> $GITHUB_ENV
verify / windows	UNKNOWN STEP	2026-09-27T07:08:46.3074523Z ^[[36;1mecho CARGO_HOME=${CARGO_HOME:-"$USERPROFILE\.cargo"} >> $GITHUB_ENV^[[0m
verify / windows	UNKNOWN STEP	2026-09-27T07:08:46.3085154Z shell: C:\Program Files\Git\bin\bash.EXE --noprofile --norc -e -o pipefail {0}
verify / windows	UNKNOWN STEP	2026-09-27T07:08:46.3085472Z env:
verify / windows	UNKNOWN STEP	2026-09-27T07:08:46.3085621Z   CARGO_TERM_COLOR: always
verify / windows	UNKNOWN STEP	2026-09-27T07:08:46.3085853Z   KOTORI_TEST_ARTIFACTS: D:\a\Kotori\Kotori/test-artifacts
verify / windows	UNKNOWN STEP	2026-09-27T07:08:46.3086088Z ##[endgroup]
verify / windows	UNKNOWN STEP	2026-09-27T07:08:46.3391815Z ##[end-action id=__dtolnay_rust-toolchain.__run;outcome=success;conclusion=success;duration_ms=41]
verify / windows	UNKNOWN STEP	2026-09-27T07:08:46.3393877Z ##[start-action display=Install rustup if needed;id=__dtolnay_rust-toolchain.__run_2]
verify / windows	UNKNOWN STEP	2026-09-27T07:08:46.3402836Z ##[end-action id=__dtolnay_rust-toolchain.__run_2;outcome=skipped;conclusion=skipped;duration_ms=0]
verify / windows	UNKNOWN STEP	2026-09-27T07:08:46.3404684Z ##[start-action display=Install rustup if needed on windows;id=__dtolnay_rust-toolchain.__run_3]
verify / windows	UNKNOWN STEP	2026-09-27T07:08:46.3505050Z ##[group]Run if ! command -v rustup &>/dev/null; then
verify / windows	UNKNOWN STEP	2026-09-27T07:08:46.3505363Z ^[[36;1mif ! command -v rustup &>/dev/null; then^[[0m
verify / windows	UNKNOWN STEP	2026-09-27T07:08:46.3505956Z ^[[36;1m  curl --proto '=https' --tlsv1.2 --retry 10 --retry-connrefused --location --silent --show-error --fail https://win.rustup.rs/x86_64 --output 'D:\a\_temp\rustup-init.exe'^[[0m
verify / windows	UNKNOWN STEP	2026-09-27T07:08:46.3506624Z ^[[36;1m  'D:\a\_temp\rustup-init.exe' --default-toolchain none --no-modify-path -y^[[0m
verify / windows	UNKNOWN STEP	2026-09-27T07:08:46.3506950Z ^[[36;1m  echo "$CARGO_HOME\bin" >> $GITHUB_PATH^[[0m
verify / windows	UNKNOWN STEP	2026-09-27T07:08:46.3507161Z ^[[36;1mfi^[[0m
verify / windows	UNKNOWN STEP	2026-09-27T07:08:46.3517379Z shell: C:\Program Files\Git\bin\bash.EXE --noprofile --norc -e -o pipefail {0}
verify / windows	UNKNOWN STEP	2026-09-27T07:08:46.3517681Z env:
verify / windows	UNKNOWN STEP	2026-09-27T07:08:46.3517826Z   CARGO_TERM_COLOR: always
verify / windows	UNKNOWN STEP	2026-09-27T07:08:46.3518040Z   KOTORI_TEST_ARTIFACTS: D:\a\Kotori\Kotori/test-artifacts
verify / windows	UNKNOWN STEP	2026-09-27T07:08:46.3518291Z   CARGO_HOME: C:\Users\runneradmin\.cargo
verify / windows	UNKNOWN STEP	2026-09-27T07:08:46.3518498Z ##[endgroup]
verify / windows	UNKNOWN STEP	2026-09-27T07:08:46.4020646Z ##[end-action id=__dtolnay_rust-toolchain.__run_3;outcome=success;conclusion=success;duration_ms=61]
verify / windows	UNKNOWN STEP	2026-09-27T07:08:46.4031014Z ##[start-action display=rustup toolchain install stable;id=__dtolnay_rust-toolchain.__run_4]
verify / windows	UNKNOWN STEP	2026-09-27T07:08:46.4155253Z ##[group]Run rustup toolchain install stable --component clippy --profile minimal --no-self-update
verify / windows	UNKNOWN STEP	2026-09-27T07:08:46.4156109Z ^[[36;1mrustup toolchain install stable --component clippy --profile minimal --no-self-update^[[0m
verify / windows	UNKNOWN STEP	2026-09-27T07:08:46.4167410Z shell: C:\Program Files\Git\bin\bash.EXE --noprofile --norc -e -o pipefail {0}
verify / windows	UNKNOWN STEP	2026-09-27T07:08:46.4167733Z env:
verify / windows	UNKNOWN STEP	2026-09-27T07:08:46.4168306Z   CARGO_TERM_COLOR: always
verify / windows	UNKNOWN STEP	2026-09-27T07:08:46.4168541Z   KOTORI_TEST_ARTIFACTS: D:\a\Kotori\Kotori/test-artifacts
verify / windows	UNKNOWN STEP	2026-09-27T07:08:46.4169103Z   CARGO_HOME: C:\Users\runneradmin\.cargo
verify / windows	UNKNOWN STEP	2026-09-27T07:08:46.4169356Z   RUSTUP_PERMIT_COPY_RENAME: 1
verify / windows	UNKNOWN STEP	2026-09-27T07:08:46.4169544Z ##[endgroup]
verify / windows	UNKNOWN STEP	2026-09-27T07:08:49.1790714Z info: syncing channel updates for stable-x86_64-pc-windows-msvc
verify / windows	UNKNOWN STEP	2026-09-27T07:08:49.6243815Z info: latest update on 2026-09-03 for version 1.98.1 (48a229cea 2026-09-01)
verify / windows	UNKNOWN STEP	2026-09-27T07:08:49.6479816Z info: component clippy is up to date
verify / windows	UNKNOWN STEP	2026-09-27T07:08:49.6496959Z 
verify / windows	UNKNOWN STEP	2026-09-27T07:08:49.6666438Z   stable-x86_64-pc-windows-msvc unchanged - rustc 1.98.1 (48a229cea 2026-09-01)
verify / windows	UNKNOWN STEP	2026-09-27T07:08:49.6666974Z 
verify / windows	UNKNOWN STEP	2026-09-27T07:08:49.6743091Z ##[end-action id=__dtolnay_rust-toolchain.__run_4;outcome=success;conclusion=success;duration_ms=3271]
verify / windows	UNKNOWN STEP	2026-09-27T07:08:49.6747512Z ##[start-action display=rustup default stable;id=__dtolnay_rust-toolchain.__run_5]
verify / windows	UNKNOWN STEP	2026-09-27T07:08:49.6847296Z ##[group]Run rustup default stable
verify / windows	UNKNOWN STEP	2026-09-27T07:08:49.6847511Z ^[[36;1mrustup default stable^[[0m
verify / windows	UNKNOWN STEP	2026-09-27T07:08:49.6857320Z shell: C:\Program Files\Git\bin\bash.EXE --noprofile --norc -e -o pipefail {0}
verify / windows	UNKNOWN STEP	2026-09-27T07:08:49.6857617Z env:
verify / windows	UNKNOWN STEP	2026-09-27T07:08:49.6857766Z   CARGO_TERM_COLOR: always
verify / windows	UNKNOWN STEP	2026-09-27T07:08:49.6858568Z   KOTORI_TEST_ARTIFACTS: D:\a\Kotori\Kotori/test-artifacts
verify / windows	UNKNOWN STEP	2026-09-27T07:08:49.6858835Z   CARGO_HOME: C:\Users\runneradmin\.cargo
verify / windows	UNKNOWN STEP	2026-09-27T07:08:49.6859179Z ##[endgroup]
verify / windows	UNKNOWN STEP	2026-09-27T07:08:49.7411903Z info: using existing install for stable-x86_64-pc-windows-msvc
verify / windows	UNKNOWN STEP	2026-09-27T07:08:49.7486341Z info: default toolchain set to stable-x86_64-pc-windows-msvc
verify / windows	UNKNOWN STEP	2026-09-27T07:08:49.7487943Z 
verify / windows	UNKNOWN STEP	2026-09-27T07:08:49.7653600Z   stable-x86_64-pc-windows-msvc unchanged - rustc 1.98.1 (48a229cea 2026-09-01)
verify / windows	UNKNOWN STEP	2026-09-27T07:08:49.7654012Z 
verify / windows	UNKNOWN STEP	2026-09-27T07:08:49.7721203Z ##[end-action id=__dtolnay_rust-toolchain.__run_5;outcome=success;conclusion=success;duration_ms=97]
verify / windows	UNKNOWN STEP	2026-09-27T07:08:49.7723655Z ##[start-action display=Create cachekey;id=__dtolnay_rust-toolchain.rustc-version]
verify / windows	UNKNOWN STEP	2026-09-27T07:08:49.7820478Z ##[group]Run DATE=$(rustc +stable --version --verbose | sed -ne 's/^commit-date: \(20[0-9][0-9]\)-\([01][0-9]\)-\([0-3][0-9]\)$/\1\2\3/p')
verify / windows	UNKNOWN STEP	2026-09-27T07:08:49.7821169Z ^[[36;1mDATE=$(rustc +stable --version --verbose | sed -ne 's/^commit-date: \(20[0-9][0-9]\)-\([01][0-9]\)-\([0-3][0-9]\)$/\1\2\3/p')^[[0m
verify / windows	UNKNOWN STEP	2026-09-27T07:08:49.7821845Z ^[[36;1mHASH=$(rustc +stable --version --verbose | sed -ne 's/^commit-hash: //p')^[[0m
verify / windows	UNKNOWN STEP	2026-09-27T07:08:49.7822414Z ^[[36;1mecho "cachekey=$(echo $DATE$HASH | head -c12)" >> $GITHUB_OUTPUT^[[0m
verify / windows	UNKNOWN STEP	2026-09-27T07:08:49.7833379Z shell: C:\Program Files\Git\bin\bash.EXE --noprofile --norc -e -o pipefail {0}
verify / windows	UNKNOWN STEP	2026-09-27T07:08:49.7833676Z env:
verify / windows	UNKNOWN STEP	2026-09-27T07:08:49.7833822Z   CARGO_TERM_COLOR: always
verify / windows	UNKNOWN STEP	2026-09-27T07:08:49.7834042Z   KOTORI_TEST_ARTIFACTS: D:\a\Kotori\Kotori/test-artifacts
verify / windows	UNKNOWN STEP	2026-09-27T07:08:49.7834297Z   CARGO_HOME: C:\Users\runneradmin\.cargo
verify / windows	UNKNOWN STEP	2026-09-27T07:08:49.7834488Z ##[endgroup]
verify / windows	UNKNOWN STEP	2026-09-27T07:08:50.4523101Z ##[end-action id=__dtolnay_rust-toolchain.rustc-version;outcome=success;conclusion=success;duration_ms=679]
verify / windows	UNKNOWN STEP	2026-09-27T07:08:50.4525083Z ##[start-action display=Disable incremental compilation;id=__dtolnay_rust-toolchain.__run_6]
verify / windows	UNKNOWN STEP	2026-09-27T07:08:50.4619204Z ##[group]Run if [ -z "${CARGO_INCREMENTAL+set}" ]; then
verify / windows	UNKNOWN STEP	2026-09-27T07:08:50.4619493Z ^[[36;1mif [ -z "${CARGO_INCREMENTAL+set}" ]; then^[[0m
verify / windows	UNKNOWN STEP	2026-09-27T07:08:50.4619759Z ^[[36;1m  echo CARGO_INCREMENTAL=0 >> $GITHUB_ENV^[[0m
verify / windows	UNKNOWN STEP	2026-09-27T07:08:50.4619965Z ^[[36;1mfi^[[0m
verify / windows	UNKNOWN STEP	2026-09-27T07:08:50.4629080Z shell: C:\Program Files\Git\bin\bash.EXE --noprofile --norc -e -o pipefail {0}
verify / windows	UNKNOWN STEP	2026-09-27T07:08:50.4629382Z env:
verify / windows	UNKNOWN STEP	2026-09-27T07:08:50.4629529Z   CARGO_TERM_COLOR: always
verify / windows	UNKNOWN STEP	2026-09-27T07:08:50.4629752Z   KOTORI_TEST_ARTIFACTS: D:\a\Kotori\Kotori/test-artifacts
verify / windows	UNKNOWN STEP	2026-09-27T07:08:50.4630012Z   CARGO_HOME: C:\Users\runneradmin\.cargo
verify / windows	UNKNOWN STEP	2026-09-27T07:08:50.4630207Z ##[endgroup]
verify / windows	UNKNOWN STEP	2026-09-27T07:08:50.4931054Z ##[end-action id=__dtolnay_rust-toolchain.__run_6;outcome=success;conclusion=success;duration_ms=40]
verify / windows	UNKNOWN STEP	2026-09-27T07:08:50.4932741Z ##[start-action display=Enable colors in Cargo output;id=__dtolnay_rust-toolchain.__run_7]
verify / windows	UNKNOWN STEP	2026-09-27T07:08:50.5023094Z ##[group]Run if [ -z "${CARGO_TERM_COLOR+set}" ]; then
verify / windows	UNKNOWN STEP	2026-09-27T07:08:50.5023394Z ^[[36;1mif [ -z "${CARGO_TERM_COLOR+set}" ]; then^[[0m
verify / windows	UNKNOWN STEP	2026-09-27T07:08:50.5023654Z ^[[36;1m  echo CARGO_TERM_COLOR=always >> $GITHUB_ENV^[[0m
verify / windows	UNKNOWN STEP	2026-09-27T07:08:50.5023878Z ^[[36;1mfi^[[0m
verify / windows	UNKNOWN STEP	2026-09-27T07:08:50.5032970Z shell: C:\Program Files\Git\bin\bash.EXE --noprofile --norc -e -o pipefail {0}
verify / windows	UNKNOWN STEP	2026-09-27T07:08:50.5033260Z env:
verify / windows	UNKNOWN STEP	2026-09-27T07:08:50.5033405Z   CARGO_TERM_COLOR: always
verify / windows	UNKNOWN STEP	2026-09-27T07:08:50.5033619Z   KOTORI_TEST_ARTIFACTS: D:\a\Kotori\Kotori/test-artifacts
verify / windows	UNKNOWN STEP	2026-09-27T07:08:50.5033873Z   CARGO_HOME: C:\Users\runneradmin\.cargo
verify / windows	UNKNOWN STEP	2026-09-27T07:08:50.5034072Z   CARGO_INCREMENTAL: 0
verify / windows	UNKNOWN STEP	2026-09-27T07:08:50.5034226Z ##[endgroup]
verify / windows	UNKNOWN STEP	2026-09-27T07:08:50.5326665Z ##[end-action id=__dtolnay_rust-toolchain.__run_7;outcome=success;conclusion=success;duration_ms=39]
verify / windows	UNKNOWN STEP	2026-09-27T07:08:50.5328396Z ##[start-action display=Enable Cargo sparse registry;id=__dtolnay_rust-toolchain.__run_8]
verify / windows	UNKNOWN STEP	2026-09-27T07:08:50.5419422Z ##[group]Run # implemented in 1.66, stabilized in 1.68, made default in 1.70
verify / windows	UNKNOWN STEP	2026-09-27T07:08:50.5419981Z ^[[36;1m# implemented in 1.66, stabilized in 1.68, made default in 1.70^[[0m
verify / windows	UNKNOWN STEP	2026-09-27T07:08:50.5420766Z ^[[36;1mif [ -z "${CARGO_REGISTRIES_CRATES_IO_PROTOCOL+set}" -o -f "D:\a\_temp"/.implicit_cargo_registries_crates_io_protocol ]; then^[[0m
verify / windows	UNKNOWN STEP	2026-09-27T07:08:50.5421871Z ^[[36;1m  if rustc +stable --version --verbose | grep -q '^release: 1\.6[89]\.'; then^[[0m
verify / windows	UNKNOWN STEP	2026-09-27T07:08:50.5422274Z ^[[36;1m    touch "D:\a\_temp"/.implicit_cargo_registries_crates_io_protocol || true^[[0m
verify / windows	UNKNOWN STEP	2026-09-27T07:08:50.5422647Z ^[[36;1m    echo CARGO_REGISTRIES_CRATES_IO_PROTOCOL=sparse >> $GITHUB_ENV^[[0m
verify / windows	UNKNOWN STEP	2026-09-27T07:08:50.5423026Z ^[[36;1m  elif rustc +stable --version --verbose | grep -q '^release: 1\.6[67]\.'; then^[[0m
verify / windows	UNKNOWN STEP	2026-09-27T07:08:50.5423410Z ^[[36;1m    touch "D:\a\_temp"/.implicit_cargo_registries_crates_io_protocol || true^[[0m
verify / windows	UNKNOWN STEP	2026-09-27T07:08:50.5423758Z ^[[36;1m    echo CARGO_REGISTRIES_CRATES_IO_PROTOCOL=git >> $GITHUB_ENV^[[0m
verify / windows	UNKNOWN STEP	2026-09-27T07:08:50.5424022Z ^[[36;1m  fi^[[0m
verify / windows	UNKNOWN STEP	2026-09-27T07:08:50.5424164Z ^[[36;1mfi^[[0m
verify / windows	UNKNOWN STEP	2026-09-27T07:08:50.5435106Z shell: C:\Program Files\Git\bin\bash.EXE --noprofile --norc -e -o pipefail {0}
verify / windows	UNKNOWN STEP	2026-09-27T07:08:50.5435434Z env:
verify / windows	UNKNOWN STEP	2026-09-27T07:08:50.5435593Z   CARGO_TERM_COLOR: always
verify / windows	UNKNOWN STEP	2026-09-27T07:08:50.5435818Z   KOTORI_TEST_ARTIFACTS: D:\a\Kotori\Kotori/test-artifacts
verify / windows	UNKNOWN STEP	2026-09-27T07:08:50.5436085Z   CARGO_HOME: C:\Users\runneradmin\.cargo
verify / windows	UNKNOWN STEP	2026-09-27T07:08:50.5436289Z   CARGO_INCREMENTAL: 0
verify / windows	UNKNOWN STEP	2026-09-27T07:08:50.5436449Z ##[endgroup]
verify / windows	UNKNOWN STEP	2026-09-27T07:08:50.7043561Z ##[end-action id=__dtolnay_rust-toolchain.__run_8;outcome=success;conclusion=success;duration_ms=171]
verify / windows	UNKNOWN STEP	2026-09-27T07:08:50.7045648Z ##[start-action display=Work around spurious network errors in curl 8.0;id=__dtolnay_rust-toolchain.__run_9]
verify / windows	UNKNOWN STEP	2026-09-27T07:08:50.7146523Z ##[group]Run # https://rust-lang.zulipchat.com/#narrow/stream/246057-t-cargo/topic/timeout.20investigation
verify / windows	UNKNOWN STEP	2026-09-27T07:08:50.7147127Z ^[[36;1m# https://rust-lang.zulipchat.com/#narrow/stream/246057-t-cargo/topic/timeout.20investigation^[[0m
verify / windows	UNKNOWN STEP	2026-09-27T07:08:50.7147606Z ^[[36;1mif rustc +stable --version --verbose | grep -q '^release: 1\.7[01]\.'; then^[[0m
verify / windows	UNKNOWN STEP	2026-09-27T07:08:50.7147976Z ^[[36;1m  echo CARGO_HTTP_MULTIPLEXING=false >> $GITHUB_ENV^[[0m
verify / windows	UNKNOWN STEP	2026-09-27T07:08:50.7148209Z ^[[36;1mfi^[[0m
verify / windows	UNKNOWN STEP	2026-09-27T07:08:50.7158229Z shell: C:\Program Files\Git\bin\bash.EXE --noprofile --norc -e -o pipefail {0}
verify / windows	UNKNOWN STEP	2026-09-27T07:08:50.7158532Z env:
verify / windows	UNKNOWN STEP	2026-09-27T07:08:50.7158681Z   CARGO_TERM_COLOR: always
verify / windows	UNKNOWN STEP	2026-09-27T07:08:50.7158903Z   KOTORI_TEST_ARTIFACTS: D:\a\Kotori\Kotori/test-artifacts
verify / windows	UNKNOWN STEP	2026-09-27T07:08:50.7159167Z   CARGO_HOME: C:\Users\runneradmin\.cargo
verify / windows	UNKNOWN STEP	2026-09-27T07:08:50.7159368Z   CARGO_INCREMENTAL: 0
verify / windows	UNKNOWN STEP	2026-09-27T07:08:50.7159525Z ##[endgroup]
verify / windows	UNKNOWN STEP	2026-09-27T07:08:50.8150790Z ##[end-action id=__dtolnay_rust-toolchain.__run_9;outcome=success;conclusion=success;duration_ms=110]
verify / windows	UNKNOWN STEP	2026-09-27T07:08:50.8154924Z ##[start-action display=rustc +stable --version --verbose;id=__dtolnay_rust-toolchain.__run_10]
verify / windows	UNKNOWN STEP	2026-09-27T07:08:50.8249461Z ##[group]Run rustc +stable --version --verbose
verify / windows	UNKNOWN STEP	2026-09-27T07:08:50.8249847Z ^[[36;1mrustc +stable --version --verbose^[[0m
verify / windows	UNKNOWN STEP	2026-09-27T07:08:50.8260150Z shell: C:\Program Files\Git\bin\bash.EXE --noprofile --norc -e -o pipefail {0}
verify / windows	UNKNOWN STEP	2026-09-27T07:08:50.8260550Z env:
verify / windows	UNKNOWN STEP	2026-09-27T07:08:50.8260792Z   CARGO_TERM_COLOR: always
verify / windows	UNKNOWN STEP	2026-09-27T07:08:50.8261094Z   KOTORI_TEST_ARTIFACTS: D:\a\Kotori\Kotori/test-artifacts
verify / windows	UNKNOWN STEP	2026-09-27T07:08:50.8310813Z   CARGO_HOME: C:\Users\runneradmin\.cargo
verify / windows	UNKNOWN STEP	2026-09-27T07:08:50.8311033Z   CARGO_INCREMENTAL: 0
verify / windows	UNKNOWN STEP	2026-09-27T07:08:50.8311312Z ##[endgroup]
verify / windows	UNKNOWN STEP	2026-09-27T07:08:50.8955010Z rustc 1.98.1 (48a229cea 2026-09-01)
verify / windows	UNKNOWN STEP	2026-09-27T07:08:50.8955387Z binary: rustc
verify / windows	UNKNOWN STEP	2026-09-27T07:08:50.8955675Z commit-hash: 48a229ceaefd4985c50990b14116b6d856af0985
verify / windows	UNKNOWN STEP	2026-09-27T07:08:50.8956038Z commit-date: 2026-09-01
verify / windows	UNKNOWN STEP	2026-09-27T07:08:50.8956297Z host: x86_64-pc-windows-msvc
verify / windows	UNKNOWN STEP	2026-09-27T07:08:50.8956569Z release: 1.98.1
verify / windows	UNKNOWN STEP	2026-09-27T07:08:50.8957476Z LLVM version: 22.1.8
verify / windows	UNKNOWN STEP	2026-09-27T07:08:50.9050622Z ##[end-action id=__dtolnay_rust-toolchain.__run_10;outcome=success;conclusion=success;duration_ms=89]
verify / windows	UNKNOWN STEP	2026-09-27T07:08:50.9225579Z ##[group]Run Swatinem/rust-cache@v2
verify / windows	UNKNOWN STEP	2026-09-27T07:08:50.9226055Z with:
verify / windows	UNKNOWN STEP	2026-09-27T07:08:50.9226205Z   cache-on-failure: true
verify / windows	UNKNOWN STEP	2026-09-27T07:08:50.9226385Z   prefix-key: v0-rust
verify / windows	UNKNOWN STEP	2026-09-27T07:08:50.9226547Z   add-job-id-key: true
verify / windows	UNKNOWN STEP	2026-09-27T07:08:50.9226723Z   add-rust-environment-hash-key: true
verify / windows	UNKNOWN STEP	2026-09-27T07:08:50.9226922Z   cache-targets: true
verify / windows	UNKNOWN STEP	2026-09-27T07:08:50.9227075Z   cache-all-crates: false
verify / windows	UNKNOWN STEP	2026-09-27T07:08:50.9227252Z   cache-workspace-crates: false
verify / windows	UNKNOWN STEP	2026-09-27T07:08:50.9227428Z   save-if: true
verify / windows	UNKNOWN STEP	2026-09-27T07:08:50.9227581Z   cache-provider: github
verify / windows	UNKNOWN STEP	2026-09-27T07:08:50.9227745Z   cache-bin: true
verify / windows	UNKNOWN STEP	2026-09-27T07:08:50.9227897Z   lookup-only: false
verify / windows	UNKNOWN STEP	2026-09-27T07:08:50.9228043Z   cmd-format: {0}
verify / windows	UNKNOWN STEP	2026-09-27T07:08:50.9228175Z env:
verify / windows	UNKNOWN STEP	2026-09-27T07:08:50.9228303Z   CARGO_TERM_COLOR: always
verify / windows	UNKNOWN STEP	2026-09-27T07:08:50.9228511Z   KOTORI_TEST_ARTIFACTS: D:\a\Kotori\Kotori/test-artifacts
verify / windows	UNKNOWN STEP	2026-09-27T07:08:50.9228759Z   CARGO_HOME: C:\Users\runneradmin\.cargo
verify / windows	UNKNOWN STEP	2026-09-27T07:08:50.9228987Z   CARGO_INCREMENTAL: 0
verify / windows	UNKNOWN STEP	2026-09-27T07:08:50.9229143Z ##[endgroup]
verify / windows	UNKNOWN STEP	2026-09-27T07:08:52.9848133Z ##[group]Cache Configuration
verify / windows	UNKNOWN STEP	2026-09-27T07:08:52.9848503Z Cache Provider:
verify / windows	UNKNOWN STEP	2026-09-27T07:08:52.9848733Z     github
verify / windows	UNKNOWN STEP	2026-09-27T07:08:52.9848938Z Workspaces:
verify / windows	UNKNOWN STEP	2026-09-27T07:08:52.9849160Z     D:\a\Kotori\Kotori
verify / windows	UNKNOWN STEP	2026-09-27T07:08:52.9849409Z Cache Paths:
verify / windows	UNKNOWN STEP	2026-09-27T07:08:52.9849644Z     C:\Users\runneradmin\.cargo\bin
verify / windows	UNKNOWN STEP	2026-09-27T07:08:52.9849967Z     C:\Users\runneradmin\.cargo\.crates.toml
verify / windows	UNKNOWN STEP	2026-09-27T07:08:52.9850283Z     C:\Users\runneradmin\.cargo\.crates2.json
verify / windows	UNKNOWN STEP	2026-09-27T07:08:52.9850614Z     C:\Users\runneradmin\.cargo\registry
verify / windows	UNKNOWN STEP	2026-09-27T07:08:52.9850931Z     C:\Users\runneradmin\.cargo\git
verify / windows	UNKNOWN STEP	2026-09-27T07:08:52.9851237Z     D:\a\Kotori\Kotori\target
verify / windows	UNKNOWN STEP	2026-09-27T07:08:52.9851511Z Restore Key:
verify / windows	UNKNOWN STEP	2026-09-27T07:08:52.9852001Z     v0-rust-windows-Windows_NT-x64-2113753f
verify / windows	UNKNOWN STEP	2026-09-27T07:08:52.9852916Z Cache Key:
verify / windows	UNKNOWN STEP	2026-09-27T07:08:52.9853218Z     v0-rust-windows-Windows_NT-x64-2113753f-fba41dd4
verify / windows	UNKNOWN STEP	2026-09-27T07:08:52.9853603Z .. Prefix:
verify / windows	UNKNOWN STEP	2026-09-27T07:08:52.9854119Z   - v0-rust-windows-Windows_NT-x64
verify / windows	UNKNOWN STEP	2026-09-27T07:08:52.9856726Z .. Environment considered:
verify / windows	UNKNOWN STEP	2026-09-27T07:08:52.9857014Z   - Rust Versions:
verify / windows	UNKNOWN STEP	2026-09-27T07:08:52.9857337Z     - 1.98.1 x86_64-pc-windows-msvc 48a229ceaefd4985c50990b14116b6d856af0985
verify / windows	UNKNOWN STEP	2026-09-27T07:08:52.9857713Z   - CARGO_HOME
verify / windows	UNKNOWN STEP	2026-09-27T07:08:52.9857899Z   - CARGO_INCREMENTAL
verify / windows	UNKNOWN STEP	2026-09-27T07:08:52.9858104Z   - CARGO_TERM_COLOR
verify / windows	UNKNOWN STEP	2026-09-27T07:08:52.9859023Z .. Lockfiles considered:
verify / windows	UNKNOWN STEP	2026-09-27T07:08:52.9859295Z   - D:\a\Kotori\Kotori\.cargo\config.toml
verify / windows	UNKNOWN STEP	2026-09-27T07:08:52.9859610Z   - D:\a\Kotori\Kotori\Cargo.lock
verify / windows	UNKNOWN STEP	2026-09-27T07:08:52.9860419Z   - D:\a\Kotori\Kotori\Cargo.toml
verify / windows	UNKNOWN STEP	2026-09-27T07:08:52.9864704Z ##[endgroup]
verify / windows	UNKNOWN STEP	2026-09-27T07:08:52.9864859Z 
verify / windows	UNKNOWN STEP	2026-09-27T07:08:52.9864952Z ... Restoring cache ...
verify / windows	UNKNOWN STEP	2026-09-27T07:08:53.1734609Z Cache hit for: v0-rust-windows-Windows_NT-x64-2113753f-fba41dd4
verify / windows	UNKNOWN STEP	2026-09-27T07:08:54.2934741Z Received 130023424 of 942664825 (13.8%), 123.6 MBs/sec
verify / windows	UNKNOWN STEP	2026-09-27T07:08:55.3085819Z Received 264241152 of 942664825 (28.0%), 125.1 MBs/sec
verify / windows	UNKNOWN STEP	2026-09-27T07:08:56.6540530Z Received 402653184 of 942664825 (42.7%), 114.1 MBs/sec
verify / windows	UNKNOWN STEP	2026-09-27T07:08:57.6624158Z Received 536870912 of 942664825 (57.0%), 117.1 MBs/sec
verify / windows	UNKNOWN STEP	2026-09-27T07:08:58.7209709Z Received 671088640 of 942664825 (71.2%), 117.9 MBs/sec
verify / windows	UNKNOWN STEP	2026-09-27T07:08:59.7891385Z Received 805306368 of 942664825 (85.4%), 118.2 MBs/sec
verify / windows	UNKNOWN STEP	2026-09-27T07:09:01.0164824Z Received 939524096 of 942664825 (99.7%), 116.0 MBs/sec
verify / windows	UNKNOWN STEP	2026-09-27T07:09:01.0939199Z Received 942664825 of 942664825 (100.0%), 115.2 MBs/sec
verify / windows	UNKNOWN STEP	2026-09-27T07:09:01.0942455Z Cache Size: ~899 MB (942664825 B)
verify / windows	UNKNOWN STEP	2026-09-27T07:09:01.0973673Z [command]"C:\Program Files\Git\usr\bin\tar.exe" -xf D:/a/_temp/bde8673c-9748-4a09-a2d7-0ee2158cbd8c/cache.tzst -P -C D:/a/Kotori/Kotori --force-local --use-compress-program "zstd -d"
verify / windows	UNKNOWN STEP	2026-09-27T07:09:23.4958206Z Cache restored successfully
verify / windows	UNKNOWN STEP	2026-09-27T07:09:23.5349556Z Restored from cache key "v0-rust-windows-Windows_NT-x64-2113753f-fba41dd4" full match: true.
verify / windows	UNKNOWN STEP	2026-09-27T07:09:23.5598216Z ##[group]Run cargo clippy --all-targets --locked -- -D warnings
verify / windows	UNKNOWN STEP	2026-09-27T07:09:23.5599065Z ^[[36;1mcargo clippy --all-targets --locked -- -D warnings^[[0m
verify / windows	UNKNOWN STEP	2026-09-27T07:09:23.6089869Z shell: C:\Program Files\PowerShell\7\pwsh.EXE -command ". '{0}'"
verify / windows	UNKNOWN STEP	2026-09-27T07:09:23.6090163Z env:
verify / windows	UNKNOWN STEP	2026-09-27T07:09:23.6090322Z   CARGO_TERM_COLOR: always
verify / windows	UNKNOWN STEP	2026-09-27T07:09:23.6090578Z   KOTORI_TEST_ARTIFACTS: D:\a\Kotori\Kotori/test-artifacts
verify / windows	UNKNOWN STEP	2026-09-27T07:09:23.6090846Z   CARGO_HOME: C:\Users\runneradmin\.cargo
verify / windows	UNKNOWN STEP	2026-09-27T07:09:23.6091063Z   CARGO_INCREMENTAL: 0
verify / windows	UNKNOWN STEP	2026-09-27T07:09:23.6091236Z   CACHE_ON_FAILURE: true
verify / windows	UNKNOWN STEP	2026-09-27T07:09:23.6091407Z ##[endgroup]
verify / windows	UNKNOWN STEP	2026-09-27T07:09:27.0763280Z ^[[1m^[[92m    Updating^[[0m crates.io index
verify / windows	UNKNOWN STEP	2026-09-27T07:09:44.0136713Z ^[[1m^[[92m   Compiling^[[0m kotori v0.1.0 (D:\a\Kotori\Kotori)
verify / windows	UNKNOWN STEP	2026-09-27T07:10:27.0028976Z ^[[1m^[[91merror^[[0m^[[1m^[[97m: method `sharpness` is never used^[[0m
verify / windows	UNKNOWN STEP	2026-09-27T07:10:27.0029798Z    ^[[1m^[[96m--> ^[[0msrc\config\profile\mod.rs:123:12
verify / windows	UNKNOWN STEP	2026-09-27T07:10:27.0030215Z     ^[[1m^[[96m|^[[0m
verify / windows	UNKNOWN STEP	2026-09-27T07:10:27.0030582Z ^[[1m^[[96m109^[[0m ^[[1m^[[96m|^[[0m impl ScaleAlgorithm {
verify / windows	UNKNOWN STEP	2026-09-27T07:10:27.0031200Z     ^[[1m^[[96m|^[[0m ^[[1m^[[96m-------------------^[[0m ^[[1m^[[96mmethod in this implementation^[[0m
verify / windows	UNKNOWN STEP	2026-09-27T07:10:27.0031739Z ^[[1m^[[96m...^[[0m
verify / windows	UNKNOWN STEP	2026-09-27T07:10:27.0032178Z ^[[1m^[[96m123^[[0m ^[[1m^[[96m|^[[0m     pub fn sharpness(&self) -> Option<u32> {
verify / windows	UNKNOWN STEP	2026-09-27T07:10:27.0032908Z     ^[[1m^[[96m|^[[0m            ^[[1m^[[91m^^^^^^^^^^[[0m
verify / windows	UNKNOWN STEP	2026-09-27T07:10:27.0033313Z     ^[[1m^[[96m|^[[0m
verify / windows	UNKNOWN STEP	2026-09-27T07:10:27.0033726Z     ^[[1m^[[96m= ^[[0m^[[1m^[[97mnote^[[0m: `-D dead-code` implied by `-D warnings`
verify / windows	UNKNOWN STEP	2026-09-27T07:10:27.0034390Z     ^[[1m^[[96m= ^[[0m^[[1m^[[97mhelp^[[0m: to override `-D warnings` add `#[expect(dead_code)]` or `#[allow(dead_code)]`
verify / windows	UNKNOWN STEP	2026-09-27T07:10:27.0034725Z 
verify / windows	UNKNOWN STEP	2026-09-27T07:10:27.0068342Z ^[[1m^[[91merror^[[0m^[[1m^[[97m: methods `free_form` and `output_size_for` are never used^[[0m
verify / windows	UNKNOWN STEP	2026-09-27T07:10:27.0069136Z    ^[[1m^[[96m--> ^[[0msrc\config\profile\mod.rs:183:12
verify / windows	UNKNOWN STEP	2026-09-27T07:10:27.0069609Z     ^[[1m^[[96m|^[[0m
verify / windows	UNKNOWN STEP	2026-09-27T07:10:27.0069963Z ^[[1m^[[96m154^[[0m ^[[1m^[[96m|^[[0m impl ScaleProfile {
verify / windows	UNKNOWN STEP	2026-09-27T07:10:27.0070979Z     ^[[1m^[[96m|^[[0m ^[[1m^[[96m-----------------^[[0m ^[[1m^[[96mmethods in this implementation^[[0m
verify / windows	UNKNOWN STEP	2026-09-27T07:10:27.0071891Z ^[[1m^[[96m...^[[0m
verify / windows	UNKNOWN STEP	2026-09-27T07:10:27.0072384Z ^[[1m^[[96m183^[[0m ^[[1m^[[96m|^[[0m     pub fn free_form(&self) -> bool {
verify / windows	UNKNOWN STEP	2026-09-27T07:10:27.0073163Z     ^[[1m^[[96m|^[[0m            ^[[1m^[[91m^^^^^^^^^^[[0m
verify / windows	UNKNOWN STEP	2026-09-27T07:10:27.0073600Z ^[[1m^[[96m...^[[0m
verify / windows	UNKNOWN STEP	2026-09-27T07:10:27.0074207Z ^[[1m^[[96m239^[[0m ^[[1m^[[96m|^[[0m     pub fn output_size_for(&self, screen: (u32, u32)) -> (u32, u32) {
verify / windows	UNKNOWN STEP	2026-09-27T07:10:27.0074875Z     ^[[1m^[[96m|^[[0m            ^[[1m^[[91m^^^^^^^^^^^^^^^^[[0m
verify / windows	UNKNOWN STEP	2026-09-27T07:10:27.0075393Z 
verify / windows	UNKNOWN STEP	2026-09-27T07:10:27.0075961Z ^[[1m^[[91merror^[[0m^[[1m^[[97m: function `is_kde` is never used^[[0m
verify / windows	UNKNOWN STEP	2026-09-27T07:10:27.0076967Z   ^[[1m^[[96m--> ^[[0msrc\desktop\mod.rs:18:8
verify / windows	UNKNOWN STEP	2026-09-27T07:10:27.0077371Z    ^[[1m^[[96m|^[[0m
verify / windows	UNKNOWN STEP	2026-09-27T07:10:27.0078364Z ^[[1m^[[96m18^[[0m ^[[1m^[[96m|^[[0m pub fn is_kde() -> bool {
verify / windows	UNKNOWN STEP	2026-09-27T07:10:27.0079083Z    ^[[1m^[[96m|^[[0m        ^[[1m^[[91m^^^^^^^[[0m
verify / windows	UNKNOWN STEP	2026-09-27T07:10:27.0079383Z 
verify / windows	UNKNOWN STEP	2026-09-27T07:10:27.0079722Z ^[[1m^[[91merror^[[0m^[[1m^[[97m: function `uri_to_path` is never used^[[0m
verify / windows	UNKNOWN STEP	2026-09-27T07:10:27.0080480Z    ^[[1m^[[96m--> ^[[0msrc\picker.rs:189:4
verify / windows	UNKNOWN STEP	2026-09-27T07:10:27.0080853Z     ^[[1m^[[96m|^[[0m
verify / windows	UNKNOWN STEP	2026-09-27T07:10:27.0081652Z ^[[1m^[[96m189^[[0m ^[[1m^[[96m|^[[0m fn uri_to_path(uri: &str) -> Option<PathBuf> {
verify / windows	UNKNOWN STEP	2026-09-27T07:10:27.0082280Z     ^[[1m^[[96m|^[[0m    ^[[1m^[[91m^^^^^^^^^^^^[[0m
verify / windows	UNKNOWN STEP	2026-09-27T07:10:27.0082521Z 
verify / windows	UNKNOWN STEP	2026-09-27T07:10:27.0082831Z ^[[1m^[[91merror^[[0m^[[1m^[[97m: function `percent_decode` is never used^[[0m
verify / windows	UNKNOWN STEP	2026-09-27T07:10:27.0083657Z    ^[[1m^[[96m--> ^[[0msrc\picker.rs:198:4
verify / windows	UNKNOWN STEP	2026-09-27T07:10:27.0084079Z     ^[[1m^[[96m|^[[0m
verify / windows	UNKNOWN STEP	2026-09-27T07:10:27.0084595Z ^[[1m^[[96m198^[[0m ^[[1m^[[96m|^[[0m fn percent_decode(encoded: &str) -> Option<String> {
verify / windows	UNKNOWN STEP	2026-09-27T07:10:27.0087649Z     ^[[1m^[[96m|^[[0m    ^[[1m^[[91m^^^^^^^^^^^^^^^[[0m
verify / windows	UNKNOWN STEP	2026-09-27T07:10:27.0088261Z 
verify / windows	UNKNOWN STEP	2026-09-27T07:10:27.0089211Z ^[[1m^[[91merror^[[0m^[[1m^[[97m: associated functions `ready` and `missing` are never used^[[0m
verify / windows	UNKNOWN STEP	2026-09-27T07:10:27.0090091Z    ^[[1m^[[96m--> ^[[0msrc\platform\mod.rs:72:19
verify / windows	UNKNOWN STEP	2026-09-27T07:10:27.0090824Z     ^[[1m^[[96m|^[[0m
verify / windows	UNKNOWN STEP	2026-09-27T07:10:27.0091196Z ^[[1m^[[96m 70^[[0m ^[[1m^[[96m|^[[0m impl Check {
verify / windows	UNKNOWN STEP	2026-09-27T07:10:27.0092007Z     ^[[1m^[[96m|^[[0m ^[[1m^[[96m----------^[[0m ^[[1m^[[96massociated functions in this implementation^[[0m
verify / windows	UNKNOWN STEP	2026-09-27T07:10:27.0093246Z ^[[1m^[[96m 71^[[0m ^[[1m^[[96m|^[[0m     /// 一行"可以了"的检查(必需项)。
verify / windows	UNKNOWN STEP	2026-09-27T07:10:27.0094302Z ^[[1m^[[96m 72^[[0m ^[[1m^[[96m|^[[0m     pub(super) fn ready(id: &'static str, title: &str, detail: String, impact: &str) -> Self {
verify / windows	UNKNOWN STEP	2026-09-27T07:10:27.0095311Z     ^[[1m^[[96m|^[[0m                   ^[[1m^[[91m^^^^^^[[0m
verify / windows	UNKNOWN STEP	2026-09-27T07:10:27.0095769Z ^[[1m^[[96m...^[[0m
verify / windows	UNKNOWN STEP	2026-09-27T07:10:27.0096542Z ^[[1m^[[96m125^[[0m ^[[1m^[[96m|^[[0m     pub(super) fn missing(id: &'static str, title: &str, impact: &str, install: String) -> Self {
verify / windows	UNKNOWN STEP	2026-09-27T07:10:27.0097023Z     ^[[1m^[[96m|^[[0m                   ^[[1m^[[91m^^^^^^^^[[0m
verify / windows	UNKNOWN STEP	2026-09-27T07:10:27.0097233Z 
verify / windows	UNKNOWN STEP	2026-09-27T07:10:27.0097410Z ^[[1m^[[91merror^[[0m^[[1m^[[97m: method `display_name` is never used^[[0m
verify / windows	UNKNOWN STEP	2026-09-27T07:10:27.0097783Z    ^[[1m^[[96m--> ^[[0msrc\process\mod.rs:128:12
verify / windows	UNKNOWN STEP	2026-09-27T07:10:27.0098107Z     ^[[1m^[[96m|^[[0m
verify / windows	UNKNOWN STEP	2026-09-27T07:10:27.0098324Z ^[[1m^[[96m107^[[0m ^[[1m^[[96m|^[[0m impl ProcEntry {
verify / windows	UNKNOWN STEP	2026-09-27T07:10:27.0098672Z     ^[[1m^[[96m|^[[0m ^[[1m^[[96m--------------^[[0m ^[[1m^[[96mmethod in this implementation^[[0m
verify / windows	UNKNOWN STEP	2026-09-27T07:10:27.0098965Z ^[[1m^[[96m...^[[0m
verify / windows	UNKNOWN STEP	2026-09-27T07:10:27.0099230Z ^[[1m^[[96m128^[[0m ^[[1m^[[96m|^[[0m     pub fn display_name(&self) -> String {
verify / windows	UNKNOWN STEP	2026-09-27T07:10:27.0099549Z     ^[[1m^[[96m|^[[0m            ^[[1m^[[91m^^^^^^^^^^^^^[[0m
verify / windows	UNKNOWN STEP	2026-09-27T07:10:27.0099697Z 
verify / windows	UNKNOWN STEP	2026-09-27T07:10:27.0099872Z ^[[1m^[[91merror^[[0m^[[1m^[[97m: constant `APPEAR_TIMEOUT` is never used^[[0m
verify / windows	UNKNOWN STEP	2026-09-27T07:10:27.0100179Z    ^[[1m^[[96m--> ^[[0msrc\process\mod.rs:224:11
verify / windows	UNKNOWN STEP	2026-09-27T07:10:27.0100419Z     ^[[1m^[[96m|^[[0m
verify / windows	UNKNOWN STEP	2026-09-27T07:10:27.0104482Z ^[[1m^[[96m224^[[0m ^[[1m^[[96m|^[[0m pub const APPEAR_TIMEOUT: std::time::Duration = std::time::Duration::from_secs(300);
verify / windows	UNKNOWN STEP	2026-09-27T07:10:27.0104947Z     ^[[1m^[[96m|^[[0m           ^[[1m^[[91m^^^^^^^^^^^^^^^[[0m
verify / windows	UNKNOWN STEP	2026-09-27T07:10:27.0105116Z 
verify / windows	UNKNOWN STEP	2026-09-27T07:10:27.0105292Z ^[[1m^[[91merror^[[0m^[[1m^[[97m: function `wait_until_gone` is never used^[[0m
verify / windows	UNKNOWN STEP	2026-09-27T07:10:27.0105619Z    ^[[1m^[[96m--> ^[[0msrc\process\mod.rs:228:14
verify / windows	UNKNOWN STEP	2026-09-27T07:10:27.0105845Z     ^[[1m^[[96m|^[[0m
verify / windows	UNKNOWN STEP	2026-09-27T07:10:27.0106101Z ^[[1m^[[96m228^[[0m ^[[1m^[[96m|^[[0m pub async fn wait_until_gone(name: &str) {
verify / windows	UNKNOWN STEP	2026-09-27T07:10:27.0106479Z     ^[[1m^[[96m|^[[0m              ^[[1m^[[91m^^^^^^^^^^^^^^^^[[0m
verify / windows	UNKNOWN STEP	2026-09-27T07:10:27.0106656Z 
verify / windows	UNKNOWN STEP	2026-09-27T07:10:27.0106823Z ^[[1m^[[91merror^[[0m^[[1m^[[97m: constant `PLUMBING` is never used^[[0m
verify / windows	UNKNOWN STEP	2026-09-27T07:10:27.0107120Z    ^[[1m^[[96m--> ^[[0msrc\process\mod.rs:248:7
verify / windows	UNKNOWN STEP	2026-09-27T07:10:27.0107339Z     ^[[1m^[[96m|^[[0m
verify / windows	UNKNOWN STEP	2026-09-27T07:10:27.0107590Z ^[[1m^[[96m248^[[0m ^[[1m^[[96m|^[[0m const PLUMBING: [&str; 16] = [
verify / windows	UNKNOWN STEP	2026-09-27T07:10:27.0107870Z     ^[[1m^[[96m|^[[0m       ^[[1m^[[91m^^^^^^^^^[[0m
verify / windows	UNKNOWN STEP	2026-09-27T07:10:27.0108011Z 
verify / windows	UNKNOWN STEP	2026-09-27T07:10:27.0108176Z ^[[1m^[[91merror^[[0m^[[1m^[[97m: function `is_plumbing` is never used^[[0m
verify / windows	UNKNOWN STEP	2026-09-27T07:10:27.0108474Z    ^[[1m^[[96m--> ^[[0msrc\process\mod.rs:268:8
verify / windows	UNKNOWN STEP	2026-09-27T07:10:27.0108698Z     ^[[1m^[[96m|^[[0m
verify / windows	UNKNOWN STEP	2026-09-27T07:10:27.0108950Z ^[[1m^[[96m268^[[0m ^[[1m^[[96m|^[[0m pub fn is_plumbing(name: &str) -> bool {
verify / windows	UNKNOWN STEP	2026-09-27T07:10:27.0109258Z     ^[[1m^[[96m|^[[0m        ^[[1m^[[91m^^^^^^^^^^^^[[0m
verify / windows	UNKNOWN STEP	2026-09-27T07:10:27.0109406Z 
verify / windows	UNKNOWN STEP	2026-09-27T07:10:27.0109562Z ^[[1m^[[91merror^[[0m^[[1m^[[97m: field `direct_launch` is never read^[[0m
verify / windows	UNKNOWN STEP	2026-09-27T07:10:27.0109855Z    ^[[1m^[[96m--> ^[[0msrc\scale\mod.rs:100:9
verify / windows	UNKNOWN STEP	2026-09-27T07:10:27.0110066Z     ^[[1m^[[96m|^[[0m
verify / windows	UNKNOWN STEP	2026-09-27T07:10:27.0110288Z ^[[1m^[[96m 70^[[0m ^[[1m^[[96m|^[[0m pub struct LaunchSpec<'a> {
verify / windows	UNKNOWN STEP	2026-09-27T07:10:27.0110625Z     ^[[1m^[[96m|^[[0m            ^[[1m^[[96m----------^[[0m ^[[1m^[[96mfield in this struct^[[0m
verify / windows	UNKNOWN STEP	2026-09-27T07:10:27.0111486Z ^[[1m^[[96m...^[[0m
verify / windows	UNKNOWN STEP	2026-09-27T07:10:27.0112162Z ^[[1m^[[96m100^[[0m ^[[1m^[[96m|^[[0m     pub direct_launch: bool,
verify / windows	UNKNOWN STEP	2026-09-27T07:10:27.0112449Z     ^[[1m^[[96m|^[[0m         ^[[1m^[[91m^^^^^^^^^^^^^^[[0m
verify / windows	UNKNOWN STEP	2026-09-27T07:10:27.0112670Z     ^[[1m^[[96m|^[[0m
verify / windows	UNKNOWN STEP	2026-09-27T07:10:27.0113440Z     ^[[1m^[[96m= ^[[0m^[[1m^[[97mnote^[[0m: `LaunchSpec` has derived impls for the traits `Clone` and `Debug`, but these are intentionally ignored during dead code analysis
verify / windows	UNKNOWN STEP	2026-09-27T07:10:27.0113834Z 
verify / windows	UNKNOWN STEP	2026-09-27T07:10:27.0114159Z ^[[1m^[[91merror^[[0m^[[1m^[[97m: fields `profile`, `output_size`, `runtime_ratio`, `process_group`, and `direct` are never read^[[0m
verify / windows	UNKNOWN STEP	2026-09-27T07:10:27.0114582Z    ^[[1m^[[96m--> ^[[0msrc\scale\mod.rs:171:9
verify / windows	UNKNOWN STEP	2026-09-27T07:10:27.0114806Z     ^[[1m^[[96m|^[[0m
verify / windows	UNKNOWN STEP	2026-09-27T07:10:27.0115023Z ^[[1m^[[96m165^[[0m ^[[1m^[[96m|^[[0m pub struct ScaleSession {
verify / windows	UNKNOWN STEP	2026-09-27T07:10:27.0115372Z     ^[[1m^[[96m|^[[0m            ^[[1m^[[96m------------^[[0m ^[[1m^[[96mfields in this struct^[[0m
verify / windows	UNKNOWN STEP	2026-09-27T07:10:27.0115652Z ^[[1m^[[96m...^[[0m
verify / windows	UNKNOWN STEP	2026-09-27T07:10:27.0115902Z ^[[1m^[[96m171^[[0m ^[[1m^[[96m|^[[0m     pub profile: ScaleProfile,
verify / windows	UNKNOWN STEP	2026-09-27T07:10:27.0116188Z     ^[[1m^[[96m|^[[0m         ^[[1m^[[91m^^^^^^^^[[0m
verify / windows	UNKNOWN STEP	2026-09-27T07:10:27.0116403Z ^[[1m^[[96m...^[[0m
verify / windows	UNKNOWN STEP	2026-09-27T07:10:27.0116629Z ^[[1m^[[96m179^[[0m ^[[1m^[[96m|^[[0m     pub output_size: (u32, u32),
verify / windows	UNKNOWN STEP	2026-09-27T07:10:27.0116917Z     ^[[1m^[[96m|^[[0m         ^[[1m^[[91m^^^^^^^^^^^^[[0m
verify / windows	UNKNOWN STEP	2026-09-27T07:10:27.0117137Z ^[[1m^[[96m...^[[0m
verify / windows	UNKNOWN STEP	2026-09-27T07:10:27.0117349Z ^[[1m^[[96m188^[[0m ^[[1m^[[96m|^[[0m     pub runtime_ratio: f32,
verify / windows	UNKNOWN STEP	2026-09-27T07:10:27.0117618Z     ^[[1m^[[96m|^[[0m         ^[[1m^[[91m^^^^^^^^^^^^^^[[0m
verify / windows	UNKNOWN STEP	2026-09-27T07:10:27.0117896Z ^[[1m^[[96m...^[[0m
verify / windows	UNKNOWN STEP	2026-09-27T07:10:27.0118249Z ^[[1m^[[96m191^[[0m ^[[1m^[[96m|^[[0m     pub process_group: Option<u32>,
verify / windows	UNKNOWN STEP	2026-09-27T07:10:27.0118547Z     ^[[1m^[[96m|^[[0m         ^[[1m^[[91m^^^^^^^^^^^^^^[[0m
verify / windows	UNKNOWN STEP	2026-09-27T07:10:27.0118759Z ^[[1m^[[96m...^[[0m
verify / windows	UNKNOWN STEP	2026-09-27T07:10:27.0118952Z ^[[1m^[[96m216^[[0m ^[[1m^[[96m|^[[0m     pub direct: bool,
verify / windows	UNKNOWN STEP	2026-09-27T07:10:27.0119208Z     ^[[1m^[[96m|^[[0m         ^[[1m^[[91m^^^^^^^[[0m
verify / windows	UNKNOWN STEP	2026-09-27T07:10:27.0119425Z     ^[[1m^[[96m|^[[0m
verify / windows	UNKNOWN STEP	2026-09-27T07:10:27.0119924Z     ^[[1m^[[96m= ^[[0m^[[1m^[[97mnote^[[0m: `ScaleSession` has derived impls for the traits `Clone` and `Debug`, but these are intentionally ignored during dead code analysis
verify / windows	UNKNOWN STEP	2026-09-27T07:10:27.0120322Z 
verify / windows	UNKNOWN STEP	2026-09-27T07:10:27.0120662Z ^[[1m^[[91merror^[[0m^[[1m^[[97m: variants `GamescopeNotFound`, `GamescopeStartFailed`, and `WineNotFound` are never constructed^[[0m
verify / windows	UNKNOWN STEP	2026-09-27T07:10:27.0121105Z    ^[[1m^[[96m--> ^[[0msrc\scale\mod.rs:232:5
verify / windows	UNKNOWN STEP	2026-09-27T07:10:27.0121316Z     ^[[1m^[[96m|^[[0m
verify / windows	UNKNOWN STEP	2026-09-27T07:10:27.0121515Z ^[[1m^[[96m230^[[0m ^[[1m^[[96m|^[[0m pub enum ScaleError {
verify / windows	UNKNOWN STEP	2026-09-27T07:10:27.0121841Z     ^[[1m^[[96m|^[[0m          ^[[1m^[[96m----------^[[0m ^[[1m^[[96mvariants in this enum^[[0m
verify / windows	UNKNOWN STEP	2026-09-27T07:10:27.0122185Z ^[[1m^[[96m231^[[0m ^[[1m^[[96m|^[[0m     #[error("gamescope not found")]
verify / windows	UNKNOWN STEP	2026-09-27T07:10:27.0122481Z ^[[1m^[[96m232^[[0m ^[[1m^[[96m|^[[0m     GamescopeNotFound,
verify / windows	UNKNOWN STEP	2026-09-27T07:10:27.0122737Z     ^[[1m^[[96m|^[[0m     ^[[1m^[[91m^^^^^^^^^^^^^^^^^^[[0m
verify / windows	UNKNOWN STEP	2026-09-27T07:10:27.0122960Z ^[[1m^[[96m...^[[0m
verify / windows	UNKNOWN STEP	2026-09-27T07:10:27.0123190Z ^[[1m^[[96m235^[[0m ^[[1m^[[96m|^[[0m     GamescopeStartFailed(String),
verify / windows	UNKNOWN STEP	2026-09-27T07:10:27.0123481Z     ^[[1m^[[96m|^[[0m     ^[[1m^[[91m^^^^^^^^^^^^^^^^^^^^^[[0m
verify / windows	UNKNOWN STEP	2026-09-27T07:10:27.0123702Z ^[[1m^[[96m...^[[0m
verify / windows	UNKNOWN STEP	2026-09-27T07:10:27.0123900Z ^[[1m^[[96m238^[[0m ^[[1m^[[96m|^[[0m     WineNotFound,
verify / windows	UNKNOWN STEP	2026-09-27T07:10:27.0124146Z     ^[[1m^[[96m|^[[0m     ^[[1m^[[91m^^^^^^^^^^^^^[[0m
verify / windows	UNKNOWN STEP	2026-09-27T07:10:27.0124370Z     ^[[1m^[[96m|^[[0m
verify / windows	UNKNOWN STEP	2026-09-27T07:10:27.0124832Z     ^[[1m^[[96m= ^[[0m^[[1m^[[97mnote^[[0m: `ScaleError` has a derived impl for the trait `Debug`, but this is intentionally ignored during dead code analysis
verify / windows	UNKNOWN STEP	2026-09-27T07:10:27.0125193Z 
verify / windows	UNKNOWN STEP	2026-09-27T07:10:27.0125368Z ^[[1m^[[91merror^[[0m^[[1m^[[97m: constant `SCALE_LADDER` is never used^[[0m
verify / windows	UNKNOWN STEP	2026-09-27T07:10:27.0125669Z   ^[[1m^[[96m--> ^[[0msrc\scale\action.rs:43:11
verify / windows	UNKNOWN STEP	2026-09-27T07:10:27.0125887Z    ^[[1m^[[96m|^[[0m
verify / windows	UNKNOWN STEP	2026-09-27T07:10:27.0126313Z ^[[1m^[[96m43^[[0m ^[[1m^[[96m|^[[0m pub const SCALE_LADDER: [f32; 7] = [1.0, 1.25, 1.5, 1.75, 2.0, 2.5, 3.0];
verify / windows	UNKNOWN STEP	2026-09-27T07:10:27.0126760Z    ^[[1m^[[96m|^[[0m           ^[[1m^[[91m^^^^^^^^^^^^^[[0m
verify / windows	UNKNOWN STEP	2026-09-27T07:10:27.0126906Z 
verify / windows	UNKNOWN STEP	2026-09-27T07:10:27.0127083Z ^[[1m^[[91merror^[[0m^[[1m^[[97m: function `ladder_index_for` is never used^[[0m
verify / windows	UNKNOWN STEP	2026-09-27T07:10:27.0127388Z   ^[[1m^[[96m--> ^[[0msrc\scale\action.rs:47:8
verify / windows	UNKNOWN STEP	2026-09-27T07:10:27.0127601Z    ^[[1m^[[96m|^[[0m
verify / windows	UNKNOWN STEP	2026-09-27T07:10:27.0127869Z ^[[1m^[[96m47^[[0m ^[[1m^[[96m|^[[0m pub fn ladder_index_for(ratio: f32) -> usize {
verify / windows	UNKNOWN STEP	2026-09-27T07:10:27.0128180Z    ^[[1m^[[96m|^[[0m        ^[[1m^[[91m^^^^^^^^^^^^^^^^^[[0m
verify / windows	UNKNOWN STEP	2026-09-27T07:10:27.0128339Z 
verify / windows	UNKNOWN STEP	2026-09-27T07:10:27.0128493Z ^[[1m^[[91merror^[[0m^[[1m^[[97m: function `ladder_step` is never used^[[0m
verify / windows	UNKNOWN STEP	2026-09-27T07:10:27.0128784Z   ^[[1m^[[96m--> ^[[0msrc\scale\action.rs:62:8
verify / windows	UNKNOWN STEP	2026-09-27T07:10:27.0129001Z    ^[[1m^[[96m|^[[0m
verify / windows	UNKNOWN STEP	2026-09-27T07:10:27.0129271Z ^[[1m^[[96m62^[[0m ^[[1m^[[96m|^[[0m pub fn ladder_step(index: usize, up: bool) -> usize {
verify / windows	UNKNOWN STEP	2026-09-27T07:10:27.0129590Z    ^[[1m^[[96m|^[[0m        ^[[1m^[[91m^^^^^^^^^^^^[[0m
verify / windows	UNKNOWN STEP	2026-09-27T07:10:27.0129743Z 
verify / windows	UNKNOWN STEP	2026-09-27T07:10:27.0129904Z ^[[1m^[[91merror^[[0m^[[1m^[[97m: function `profile_ratio` is never used^[[0m
verify / windows	UNKNOWN STEP	2026-09-27T07:10:27.0130202Z   ^[[1m^[[96m--> ^[[0msrc\scale\action.rs:85:8
verify / windows	UNKNOWN STEP	2026-09-27T07:10:27.0130409Z    ^[[1m^[[96m|^[[0m
verify / windows	UNKNOWN STEP	2026-09-27T07:10:27.0130733Z ^[[1m^[[96m85^[[0m ^[[1m^[[96m|^[[0m pub fn profile_ratio(profile: &ScaleProfile, screen: (u32, u32)) -> f32 {
verify / windows	UNKNOWN STEP	2026-09-27T07:10:27.0131094Z    ^[[1m^[[96m|^[[0m        ^[[1m^[[91m^^^^^^^^^^^^^^[[0m
verify / windows	UNKNOWN STEP	2026-09-27T07:10:27.0131242Z 
verify / windows	UNKNOWN STEP	2026-09-27T07:10:27.0131404Z ^[[1m^[[91merror^[[0m^[[1m^[[97m: constant `RATIO_EPSILON` is never used^[[0m
verify / windows	UNKNOWN STEP	2026-09-27T07:10:27.0131702Z    ^[[1m^[[96m--> ^[[0msrc\scale\action.rs:100:11
verify / windows	UNKNOWN STEP	2026-09-27T07:10:27.0131923Z     ^[[1m^[[96m|^[[0m
verify / windows	UNKNOWN STEP	2026-09-27T07:10:27.0132173Z ^[[1m^[[96m100^[[0m ^[[1m^[[96m|^[[0m pub const RATIO_EPSILON: f32 = 0.001;
verify / windows	UNKNOWN STEP	2026-09-27T07:10:27.0132468Z     ^[[1m^[[96m|^[[0m           ^[[1m^[[91m^^^^^^^^^^^^^^[[0m
verify / windows	UNKNOWN STEP	2026-09-27T07:10:27.0132614Z 
verify / windows	UNKNOWN STEP	2026-09-27T07:10:27.0132778Z ^[[1m^[[91merror^[[0m^[[1m^[[97m: function `toggle_target` is never used^[[0m
verify / windows	UNKNOWN STEP	2026-09-27T07:10:27.0133239Z    ^[[1m^[[96m--> ^[[0msrc\scale\action.rs:108:8
verify / windows	UNKNOWN STEP	2026-09-27T07:10:27.0133470Z     ^[[1m^[[96m|^[[0m
verify / windows	UNKNOWN STEP	2026-09-27T07:10:27.0133799Z ^[[1m^[[96m108^[[0m ^[[1m^[[96m|^[[0m pub fn toggle_target(profile: &ScaleProfile, screen: (u32, u32)) -> f32 {
verify / windows	UNKNOWN STEP	2026-09-27T07:10:27.0134166Z     ^[[1m^[[96m|^[[0m        ^[[1m^[[91m^^^^^^^^^^^^^^[[0m
verify / windows	UNKNOWN STEP	2026-09-27T07:10:27.0134314Z 
verify / windows	UNKNOWN STEP	2026-09-27T07:10:27.0134465Z ^[[1m^[[91merror^[[0m^[[1m^[[97m: function `toggled_ratio` is never used^[[0m
verify / windows	UNKNOWN STEP	2026-09-27T07:10:27.0134763Z    ^[[1m^[[96m--> ^[[0msrc\scale\action.rs:119:8
verify / windows	UNKNOWN STEP	2026-09-27T07:10:27.0134971Z     ^[[1m^[[96m|^[[0m
verify / windows	UNKNOWN STEP	2026-09-27T07:10:27.0135244Z ^[[1m^[[96m119^[[0m ^[[1m^[[96m|^[[0m pub fn toggled_ratio(current: f32, target: f32) -> f32 {
verify / windows	UNKNOWN STEP	2026-09-27T07:10:27.0135565Z     ^[[1m^[[96m|^[[0m        ^[[1m^[[91m^^^^^^^^^^^^^^[[0m
verify / windows	UNKNOWN STEP	2026-09-27T07:10:27.0135709Z 
verify / windows	UNKNOWN STEP	2026-09-27T07:10:27.0135864Z ^[[1m^[[91merror^[[0m^[[1m^[[97m: method `is_filter` is never used^[[0m
verify / windows	UNKNOWN STEP	2026-09-27T07:10:27.0136152Z    ^[[1m^[[96m--> ^[[0msrc\scale\action.rs:192:12
verify / windows	UNKNOWN STEP	2026-09-27T07:10:27.0136368Z     ^[[1m^[[96m|^[[0m
verify / windows	UNKNOWN STEP	2026-09-27T07:10:27.0136564Z ^[[1m^[[96m127^[[0m ^[[1m^[[96m|^[[0m impl ScaleAction {
verify / windows	UNKNOWN STEP	2026-09-27T07:10:27.0136916Z     ^[[1m^[[96m|^[[0m ^[[1m^[[96m----------------^[[0m ^[[1m^[[96mmethod in this implementation^[[0m
verify / windows	UNKNOWN STEP	2026-09-27T07:10:27.0137210Z ^[[1m^[[96m...^[[0m
verify / windows	UNKNOWN STEP	2026-09-27T07:10:27.0137448Z ^[[1m^[[96m192^[[0m ^[[1m^[[96m|^[[0m     pub fn is_filter(self) -> bool {
verify / windows	UNKNOWN STEP	2026-09-27T07:10:27.0137731Z     ^[[1m^[[96m|^[[0m            ^[[1m^[[91m^^^^^^^^^^[[0m
verify / windows	UNKNOWN STEP	2026-09-27T07:10:27.0137872Z 
verify / windows	UNKNOWN STEP	2026-09-27T07:10:27.0188176Z ^[[1m^[[91merror^[[0m^[[1m^[[97m: function `close_prefix` is never used^[[0m
verify / windows	UNKNOWN STEP	2026-09-27T07:10:27.0189071Z    ^[[1m^[[96m--> ^[[0msrc\wine\mod.rs:103:14
verify / windows	UNKNOWN STEP	2026-09-27T07:10:27.0189731Z     ^[[1m^[[96m|^[[0m
verify / windows	UNKNOWN STEP	2026-09-27T07:10:27.0190269Z ^[[1m^[[96m103^[[0m ^[[1m^[[96m|^[[0m pub async fn close_prefix(prefix: &Path) {
verify / windows	UNKNOWN STEP	2026-09-27T07:10:27.0190740Z     ^[[1m^[[96m|^[[0m              ^[[1m^[[91m^^^^^^^^^^^^^[[0m
verify / windows	UNKNOWN STEP	2026-09-27T07:10:27.0190997Z 
verify / windows	UNKNOWN STEP	2026-09-27T07:10:27.0191426Z ^[[1m^[[91merror^[[0m^[[1m^[[97m: function `record` is never used^[[0m
verify / windows	UNKNOWN STEP	2026-09-27T07:10:27.0191968Z   ^[[1m^[[96m--> ^[[0msrc\wine_prefixes.rs:39:8
verify / windows	UNKNOWN STEP	2026-09-27T07:10:27.0192290Z    ^[[1m^[[96m|^[[0m
verify / windows	UNKNOWN STEP	2026-09-27T07:10:27.0192637Z ^[[1m^[[96m39^[[0m ^[[1m^[[96m|^[[0m pub fn record(prefix: &Path) {
verify / windows	UNKNOWN STEP	2026-09-27T07:10:27.0193048Z    ^[[1m^[[96m|^[[0m        ^[[1m^[[91m^^^^^^^[[0m
verify / windows	UNKNOWN STEP	2026-09-27T07:10:27.0193263Z 
verify / windows	UNKNOWN STEP	2026-09-27T07:10:27.0193701Z ^[[1m^[[91merror^[[0m^[[1m^[[97m: function `record_at` is never used^[[0m
verify / windows	UNKNOWN STEP	2026-09-27T07:10:27.0194117Z   ^[[1m^[[96m--> ^[[0msrc\wine_prefixes.rs:50:8
verify / windows	UNKNOWN STEP	2026-09-27T07:10:27.0194399Z    ^[[1m^[[96m|^[[0m
verify / windows	UNKNOWN STEP	2026-09-27T07:10:27.0194902Z ^[[1m^[[96m50^[[0m ^[[1m^[[96m|^[[0m pub fn record_at(dir: &Path, prefix: &Path) -> std::io::Result<()> {
verify / windows	UNKNOWN STEP	2026-09-27T07:10:27.0195376Z    ^[[1m^[[96m|^[[0m        ^[[1m^[[91m^^^^^^^^^^[[0m
verify / windows	UNKNOWN STEP	2026-09-27T07:10:27.0195568Z 
verify / windows	UNKNOWN STEP	2026-09-27T07:10:28.5490655Z ^[[1m^[[91merror^[[0m^[[1m^[[97m: function `is_kde` is never used^[[0m
verify / windows	UNKNOWN STEP	2026-09-27T07:10:28.5492569Z   ^[[1m^[[96m--> ^[[0msrc\desktop\mod.rs:18:8
verify / windows	UNKNOWN STEP	2026-09-27T07:10:28.5493146Z    ^[[1m^[[96m|^[[0m
verify / windows	UNKNOWN STEP	2026-09-27T07:10:28.5493663Z ^[[1m^[[96m18^[[0m ^[[1m^[[96m|^[[0m pub fn is_kde() -> bool {
verify / windows	UNKNOWN STEP	2026-09-27T07:10:28.5494835Z    ^[[1m^[[96m|^[[0m        ^[[1m^[[91m^^^^^^^[[0m
verify / windows	UNKNOWN STEP	2026-09-27T07:10:28.5495300Z    ^[[1m^[[96m|^[[0m
verify / windows	UNKNOWN STEP	2026-09-27T07:10:28.5495818Z    ^[[1m^[[96m= ^[[0m^[[1m^[[97mnote^[[0m: `-D dead-code` implied by `-D warnings`
verify / windows	UNKNOWN STEP	2026-09-27T07:10:28.5497130Z    ^[[1m^[[96m= ^[[0m^[[1m^[[97mhelp^[[0m: to override `-D warnings` add `#[expect(dead_code)]` or `#[allow(dead_code)]`
verify / windows	UNKNOWN STEP	2026-09-27T07:10:28.5498167Z 
verify / windows	UNKNOWN STEP	2026-09-27T07:10:28.5500669Z ^[[1m^[[91merror^[[0m^[[1m^[[97m: associated items `broken` and `stored` are never used^[[0m
verify / windows	UNKNOWN STEP	2026-09-27T07:10:28.5501600Z    ^[[1m^[[96m--> ^[[0msrc\secrets\testing.rs:102:19
verify / windows	UNKNOWN STEP	2026-09-27T07:10:28.5502130Z     ^[[1m^[[96m|^[[0m
verify / windows	UNKNOWN STEP	2026-09-27T07:10:28.5502598Z ^[[1m^[[96m 57^[[0m ^[[1m^[[96m|^[[0m impl FakeTool {
verify / windows	UNKNOWN STEP	2026-09-27T07:10:28.5503361Z     ^[[1m^[[96m|^[[0m ^[[1m^[[96m-------------^[[0m ^[[1m^[[96massociated items in this implementation^[[0m
verify / windows	UNKNOWN STEP	2026-09-27T07:10:28.5504024Z ^[[1m^[[96m...^[[0m
verify / windows	UNKNOWN STEP	2026-09-27T07:10:28.5530840Z ^[[1m^[[96m102^[[0m ^[[1m^[[96m|^[[0m     pub(crate) fn broken(tag: &str) -> Self {
verify / windows	UNKNOWN STEP	2026-09-27T07:10:28.5536986Z     ^[[1m^[[96m|^[[0m                   ^[[1m^[[91m^^^^^^^[[0m
verify / windows	UNKNOWN STEP	2026-09-27T07:10:28.5537598Z ^[[1m^[[96m...^[[0m
verify / windows	UNKNOWN STEP	2026-09-27T07:10:28.5538560Z ^[[1m^[[96m119^[[0m ^[[1m^[[96m|^[[0m     pub(crate) fn stored(&self, key: SecretKey) -> PathBuf {
verify / windows	UNKNOWN STEP	2026-09-27T07:10:28.5539333Z     ^[[1m^[[96m|^[[0m                   ^[[1m^[[91m^^^^^^^[[0m
verify / windows	UNKNOWN STEP	2026-09-27T07:10:28.5539778Z 
verify / windows	UNKNOWN STEP	2026-09-27T07:10:28.5540230Z ^[[1m^[[91merror^[[0m^[[1m^[[97m: function `recording_wineserver` is never used^[[0m
verify / windows	UNKNOWN STEP	2026-09-27T07:10:28.5540895Z   ^[[1m^[[96m--> ^[[0msrc\wine\tests.rs:78:4
verify / windows	UNKNOWN STEP	2026-09-27T07:10:28.5541350Z    ^[[1m^[[96m|^[[0m
verify / windows	UNKNOWN STEP	2026-09-27T07:10:28.5541910Z ^[[1m^[[96m78^[[0m ^[[1m^[[96m|^[[0m fn recording_wineserver(dir: &Path) -> PathBuf {
verify / windows	UNKNOWN STEP	2026-09-27T07:10:28.5542607Z    ^[[1m^[[96m|^[[0m    ^[[1m^[[91m^^^^^^^^^^^^^^^^^^^^^[[0m
verify / windows	UNKNOWN STEP	2026-09-27T07:10:28.5542956Z 
verify / windows	UNKNOWN STEP	2026-09-27T07:10:31.0761965Z ^[[1m^[[91merror^[[0m: could not compile `kotori` (bin "kotori") due to 25 previous errors
verify / windows	UNKNOWN STEP	2026-09-27T07:10:31.0762769Z ^[[1m^[[93mwarning^[[0m: build failed, waiting for other jobs to finish...
verify / windows	UNKNOWN STEP	2026-09-27T07:10:32.5920460Z ^[[1m^[[91merror^[[0m: could not compile `kotori` (bin "kotori" test) due to 12 previous errors
verify / windows	UNKNOWN STEP	2026-09-27T07:10:32.7301803Z ##[error]Process completed with exit code 1.
verify / windows	UNKNOWN STEP	2026-09-27T07:10:32.7467373Z ##[group]Run actions/upload-artifact@v4
verify / windows	UNKNOWN STEP	2026-09-27T07:10:32.7467644Z with:
verify / windows	UNKNOWN STEP	2026-09-27T07:10:32.7467812Z   name: test-artifacts-windows-x64
verify / windows	UNKNOWN STEP	2026-09-27T07:10:32.7468034Z   path: D:\a\Kotori\Kotori/test-artifacts
verify / windows	UNKNOWN STEP	2026-09-27T07:10:32.7468259Z   if-no-files-found: warn
verify / windows	UNKNOWN STEP	2026-09-27T07:10:32.7468443Z   compression-level: 6
verify / windows	UNKNOWN STEP	2026-09-27T07:10:32.7468614Z   overwrite: false
verify / windows	UNKNOWN STEP	2026-09-27T07:10:32.7468784Z   include-hidden-files: false
verify / windows	UNKNOWN STEP	2026-09-27T07:10:32.7468973Z env:
verify / windows	UNKNOWN STEP	2026-09-27T07:10:32.7469117Z   CARGO_TERM_COLOR: always
verify / windows	UNKNOWN STEP	2026-09-27T07:10:32.7469341Z   KOTORI_TEST_ARTIFACTS: D:\a\Kotori\Kotori/test-artifacts
verify / windows	UNKNOWN STEP	2026-09-27T07:10:32.7469603Z   CARGO_HOME: C:\Users\runneradmin\.cargo
verify / windows	UNKNOWN STEP	2026-09-27T07:10:32.7470006Z   CARGO_INCREMENTAL: 0
verify / windows	UNKNOWN STEP	2026-09-27T07:10:32.7470176Z   CACHE_ON_FAILURE: true
verify / windows	UNKNOWN STEP	2026-09-27T07:10:32.7470345Z ##[endgroup]
verify / windows	UNKNOWN STEP	2026-09-27T07:10:32.9001747Z (node:6896) [DEP0040] DeprecationWarning: The `punycode` module is deprecated. Please use a userland alternative instead.
verify / windows	UNKNOWN STEP	2026-09-27T07:10:32.9002712Z (Use `node --trace-deprecation ...` to show where the warning was created)
verify / windows	UNKNOWN STEP	2026-09-27T07:10:32.9043670Z ##[warning]No files were found with the provided path: D:\a\Kotori\Kotori/test-artifacts. No artifacts will be uploaded.
verify / windows	UNKNOWN STEP	2026-09-27T07:10:32.9309819Z Post job cleanup.
verify / windows	UNKNOWN STEP	2026-09-27T07:10:33.0549142Z Cache up-to-date.
verify / windows	UNKNOWN STEP	2026-09-27T07:10:33.0801173Z Post job cleanup.
verify / windows	UNKNOWN STEP	2026-09-27T07:10:33.2109087Z [command]"C:\Program Files\Git\bin\git.exe" version
verify / windows	UNKNOWN STEP	2026-09-27T07:10:33.2326360Z git version 2.55.0.windows.5
verify / windows	UNKNOWN STEP	2026-09-27T07:10:33.2383987Z Temporarily overriding HOME='D:\a\_temp\e589bc8a-ee66-4dbf-8e8b-05a298f07b7a' before making global git config changes
verify / windows	UNKNOWN STEP	2026-09-27T07:10:33.2384910Z Adding repository directory to the temporary git global config as a safe directory
verify / windows	UNKNOWN STEP	2026-09-27T07:10:33.2395326Z [command]"C:\Program Files\Git\bin\git.exe" config --global --add safe.directory D:\a\Kotori\Kotori
verify / windows	UNKNOWN STEP	2026-09-27T07:10:33.2659810Z [command]"C:\Program Files\Git\bin\git.exe" config --local --name-only --get-regexp core\.sshCommand
verify / windows	UNKNOWN STEP	2026-09-27T07:10:33.2916307Z [command]"C:\Program Files\Git\bin\git.exe" submodule foreach --recursive "sh -c \"git config --local --name-only --get-regexp 'core\.sshCommand' && git config --local --unset-all 'core.sshCommand' || :\""
verify / windows	UNKNOWN STEP	2026-09-27T07:10:33.8274542Z [command]"C:\Program Files\Git\bin\git.exe" config --local --name-only --get-regexp http\.https\:\/\/github\.com\/\.extraheader
verify / windows	UNKNOWN STEP	2026-09-27T07:10:33.8484847Z http.https://github.com/.extraheader
verify / windows	UNKNOWN STEP	2026-09-27T07:10:33.8518740Z [command]"C:\Program Files\Git\bin\git.exe" config --local --unset-all http.https://github.com/.extraheader
verify / windows	UNKNOWN STEP	2026-09-27T07:10:33.8756176Z [command]"C:\Program Files\Git\bin\git.exe" submodule foreach --recursive "sh -c \"git config --local --name-only --get-regexp 'http\.https\:\/\/github\.com\/\.extraheader' && git config --local --unset-all 'http.https://github.com/.extraheader' || :\""
verify / windows	UNKNOWN STEP	2026-09-27T07:10:34.3174374Z [command]"C:\Program Files\Git\bin\git.exe" config --local --name-only --get-regexp ^includeIf\.gitdir:
verify / windows	UNKNOWN STEP	2026-09-27T07:10:34.3430945Z [command]"C:\Program Files\Git\bin\git.exe" submodule foreach --recursive "git config --local --show-origin --name-only --get-regexp remote.origin.url"
verify / windows	UNKNOWN STEP	2026-09-27T07:10:34.8091582Z Cleaning up orphan processes
verify / windows	UNKNOWN STEP	2026-09-27T07:10:34.8230971Z Terminate orphan process: pid (2092) (vctip)
verify / windows	UNKNOWN STEP	2026-09-27T07:10:34.8243263Z ##[warning]Node.js 20 is deprecated. The following actions target Node.js 20 but are being forced to run on Node.js 24: actions/checkout@v4, actions/upload-artifact@v4. For more information see: https://github.blog/changelog/2025-09-19-deprecation-of-node-20-on-github-actions-runners/
