verify / linux	UNKNOWN STEP	﻿2026-09-27T07:26:37.8727737Z Current runner version: '2.337.0'
verify / linux	UNKNOWN STEP	2026-09-27T07:26:37.8753829Z ##[group]Runner Image Provisioner
verify / linux	UNKNOWN STEP	2026-09-27T07:26:37.8754875Z Hosted Compute Agent
verify / linux	UNKNOWN STEP	2026-09-27T07:26:37.8755539Z Version: 20260828.587
verify / linux	UNKNOWN STEP	2026-09-27T07:26:37.8756251Z Commit: abac92662cab4cc7352de4f9f9d2e2419aad9c29
verify / linux	UNKNOWN STEP	2026-09-27T07:26:37.8757271Z Build Date: 2026-08-28T16:44:25Z
verify / linux	UNKNOWN STEP	2026-09-27T07:26:37.8758110Z Worker ID: {b269809d-f75a-4113-b175-2f097d849417}
verify / linux	UNKNOWN STEP	2026-09-27T07:26:37.8758924Z Azure Region: northcentralus
verify / linux	UNKNOWN STEP	2026-09-27T07:26:37.8759605Z ##[endgroup]
verify / linux	UNKNOWN STEP	2026-09-27T07:26:37.8761110Z ##[group]Operating System
verify / linux	UNKNOWN STEP	2026-09-27T07:26:37.8761774Z Ubuntu
verify / linux	UNKNOWN STEP	2026-09-27T07:26:37.8762331Z 24.04.5
verify / linux	UNKNOWN STEP	2026-09-27T07:26:37.8763379Z LTS
verify / linux	UNKNOWN STEP	2026-09-27T07:26:37.8764069Z ##[endgroup]
verify / linux	UNKNOWN STEP	2026-09-27T07:26:37.8764845Z ##[group]Runner Image
verify / linux	UNKNOWN STEP	2026-09-27T07:26:37.8765883Z Image: ubuntu-24.04
verify / linux	UNKNOWN STEP	2026-09-27T07:26:37.8767089Z Version: 20260920.314.1
verify / linux	UNKNOWN STEP	2026-09-27T07:26:37.8769136Z Included Software: https://github.com/actions/runner-images/blob/ubuntu24/20260920.314/images/ubuntu/Ubuntu2404-Readme.md
verify / linux	UNKNOWN STEP	2026-09-27T07:26:37.8771672Z Image Release: https://github.com/actions/runner-images/releases/tag/ubuntu24%2F20260920.314
verify / linux	UNKNOWN STEP	2026-09-27T07:26:37.8773436Z ##[endgroup]
verify / linux	UNKNOWN STEP	2026-09-27T07:26:37.8775347Z ##[group]GITHUB_TOKEN Permissions
verify / linux	UNKNOWN STEP	2026-09-27T07:26:37.8778536Z Contents: read
verify / linux	UNKNOWN STEP	2026-09-27T07:26:37.8779451Z Metadata: read
verify / linux	UNKNOWN STEP	2026-09-27T07:26:37.8780430Z Packages: read
verify / linux	UNKNOWN STEP	2026-09-27T07:26:37.8781259Z ##[endgroup]
verify / linux	UNKNOWN STEP	2026-09-27T07:26:37.8783690Z Secret source: Actions
verify / linux	UNKNOWN STEP	2026-09-27T07:26:37.8784817Z Cache mode: write
verify / linux	UNKNOWN STEP	2026-09-27T07:26:37.8785557Z Prepare workflow directory
verify / linux	UNKNOWN STEP	2026-09-27T07:26:37.9535552Z Prepare all required actions
verify / linux	UNKNOWN STEP	2026-09-27T07:26:37.9607311Z Getting action download info
verify / linux	UNKNOWN STEP	2026-09-27T07:26:38.1945729Z Download action repository 'actions/checkout@v4' (SHA:11d5960a326750d5838078e36cf38b85af677262)
verify / linux	UNKNOWN STEP	2026-09-27T07:26:38.2916329Z Download action repository 'dtolnay/rust-toolchain@stable' (SHA:6bed0761d98439e5a578e2877258200ad565ba87)
verify / linux	UNKNOWN STEP	2026-09-27T07:26:38.4157801Z Download action repository 'Swatinem/rust-cache@v2' (SHA:6323deb102c322ba6fcbdcafc7e3dddab59af2b6)
verify / linux	UNKNOWN STEP	2026-09-27T07:26:38.7562671Z Download action repository 'actions/upload-artifact@v4' (SHA:ea165f8d65b6e75b540449e92b4886f43607fa02)
verify / linux	UNKNOWN STEP	2026-09-27T07:26:39.0636386Z Uses: Pianzh/Kotori/.github/workflows/verify.yml@refs/heads/chore/windows-dead-code (72a14a078500cb7bf6e9465a52b9e3fee85a9e17)
verify / linux	UNKNOWN STEP	2026-09-27T07:26:39.0641771Z ##[group] Inputs
verify / linux	UNKNOWN STEP	2026-09-27T07:26:39.0642376Z   kopia-version: 0.23.1
verify / linux	UNKNOWN STEP	2026-09-27T07:26:39.0642926Z ##[endgroup]
verify / linux	UNKNOWN STEP	2026-09-27T07:26:39.0643427Z Complete job name: verify / linux
verify / linux	UNKNOWN STEP	2026-09-27T07:26:39.1421483Z ##[group]Run actions/checkout@v4
verify / linux	UNKNOWN STEP	2026-09-27T07:26:39.1422385Z with:
verify / linux	UNKNOWN STEP	2026-09-27T07:26:39.1422872Z   repository: Pianzh/Kotori
verify / linux	UNKNOWN STEP	2026-09-27T07:26:39.1427473Z   token: ***
verify / linux	UNKNOWN STEP	2026-09-27T07:26:39.1427967Z   ssh-strict: true
verify / linux	UNKNOWN STEP	2026-09-27T07:26:39.1428446Z   ssh-user: git
verify / linux	UNKNOWN STEP	2026-09-27T07:26:39.1428930Z   persist-credentials: true
verify / linux	UNKNOWN STEP	2026-09-27T07:26:39.1429474Z   clean: true
verify / linux	UNKNOWN STEP	2026-09-27T07:26:39.1429967Z   sparse-checkout-cone-mode: true
verify / linux	UNKNOWN STEP	2026-09-27T07:26:39.1430552Z   fetch-depth: 1
verify / linux	UNKNOWN STEP	2026-09-27T07:26:39.1431070Z   fetch-tags: false
verify / linux	UNKNOWN STEP	2026-09-27T07:26:39.1431554Z   show-progress: true
verify / linux	UNKNOWN STEP	2026-09-27T07:26:39.1432049Z   lfs: false
verify / linux	UNKNOWN STEP	2026-09-27T07:26:39.1432508Z   submodules: false
verify / linux	UNKNOWN STEP	2026-09-27T07:26:39.1432999Z   set-safe-directory: true
verify / linux	UNKNOWN STEP	2026-09-27T07:26:39.1433548Z   allow-unsafe-pr-checkout: false
verify / linux	UNKNOWN STEP	2026-09-27T07:26:39.1434413Z env:
verify / linux	UNKNOWN STEP	2026-09-27T07:26:39.1434866Z   CARGO_TERM_COLOR: always
verify / linux	UNKNOWN STEP	2026-09-27T07:26:39.1435595Z   KOTORI_TEST_ARTIFACTS: /home/runner/work/Kotori/Kotori/test-artifacts
verify / linux	UNKNOWN STEP	2026-09-27T07:26:39.1436434Z ##[endgroup]
verify / linux	UNKNOWN STEP	2026-09-27T07:26:39.2481275Z Syncing repository: Pianzh/Kotori
verify / linux	UNKNOWN STEP	2026-09-27T07:26:39.2483189Z ##[group]Getting Git version info
verify / linux	UNKNOWN STEP	2026-09-27T07:26:39.2483925Z Working directory is '/home/runner/work/Kotori/Kotori'
verify / linux	UNKNOWN STEP	2026-09-27T07:26:39.2485037Z [command]/usr/bin/git version
verify / linux	UNKNOWN STEP	2026-09-27T07:26:39.4854001Z git version 2.55.0
verify / linux	UNKNOWN STEP	2026-09-27T07:26:39.4877953Z ##[endgroup]
verify / linux	UNKNOWN STEP	2026-09-27T07:26:39.4893713Z Temporarily overriding HOME='/home/runner/work/_temp/f4a85cf9-5840-41e5-88ff-8c8d3611efa4' before making global git config changes
verify / linux	UNKNOWN STEP	2026-09-27T07:26:39.4898130Z Adding repository directory to the temporary git global config as a safe directory
verify / linux	UNKNOWN STEP	2026-09-27T07:26:39.4900832Z [command]/usr/bin/git config --global --add safe.directory /home/runner/work/Kotori/Kotori
verify / linux	UNKNOWN STEP	2026-09-27T07:26:39.5272916Z Deleting the contents of '/home/runner/work/Kotori/Kotori'
verify / linux	UNKNOWN STEP	2026-09-27T07:26:39.5278905Z ##[group]Initializing the repository
verify / linux	UNKNOWN STEP	2026-09-27T07:26:39.5284752Z [command]/usr/bin/git init /home/runner/work/Kotori/Kotori
verify / linux	UNKNOWN STEP	2026-09-27T07:26:39.5380074Z hint: Using 'master' as the name for the initial branch. This default branch name
verify / linux	UNKNOWN STEP	2026-09-27T07:26:39.5384868Z hint: will change to "main" in Git 3.0. To configure the initial branch name
verify / linux	UNKNOWN STEP	2026-09-27T07:26:39.5388133Z hint: to use in all of your new repositories, which will suppress this warning,
verify / linux	UNKNOWN STEP	2026-09-27T07:26:39.5390582Z hint: call:
verify / linux	UNKNOWN STEP	2026-09-27T07:26:39.5391842Z hint:
verify / linux	UNKNOWN STEP	2026-09-27T07:26:39.5393361Z hint: 	git config --global init.defaultBranch <name>
verify / linux	UNKNOWN STEP	2026-09-27T07:26:39.5395372Z hint:
verify / linux	UNKNOWN STEP	2026-09-27T07:26:39.5396967Z hint: Names commonly chosen instead of 'master' are 'main', 'trunk' and
verify / linux	UNKNOWN STEP	2026-09-27T07:26:39.5399666Z hint: 'development'. The just-created branch can be renamed via this command:
verify / linux	UNKNOWN STEP	2026-09-27T07:26:39.5402377Z hint:
verify / linux	UNKNOWN STEP	2026-09-27T07:26:39.5481371Z hint: 	git branch -m <name>
verify / linux	UNKNOWN STEP	2026-09-27T07:26:39.5482735Z hint:
verify / linux	UNKNOWN STEP	2026-09-27T07:26:39.5484340Z hint: Disable this message with "git config set advice.defaultBranchName false"
verify / linux	UNKNOWN STEP	2026-09-27T07:26:39.5487164Z Initialized empty Git repository in /home/runner/work/Kotori/Kotori/.git/
verify / linux	UNKNOWN STEP	2026-09-27T07:26:39.5491042Z [command]/usr/bin/git remote add origin https://github.com/Pianzh/Kotori
verify / linux	UNKNOWN STEP	2026-09-27T07:26:39.5733489Z ##[endgroup]
verify / linux	UNKNOWN STEP	2026-09-27T07:26:39.5735867Z ##[group]Disabling automatic garbage collection
verify / linux	UNKNOWN STEP	2026-09-27T07:26:39.5738190Z [command]/usr/bin/git config --local gc.auto 0
verify / linux	UNKNOWN STEP	2026-09-27T07:26:39.5783878Z ##[endgroup]
verify / linux	UNKNOWN STEP	2026-09-27T07:26:39.5786268Z ##[group]Setting up auth
verify / linux	UNKNOWN STEP	2026-09-27T07:26:39.5791593Z [command]/usr/bin/git config --local --name-only --get-regexp core\.sshCommand
verify / linux	UNKNOWN STEP	2026-09-27T07:26:39.5838796Z [command]/usr/bin/git submodule foreach --recursive sh -c "git config --local --name-only --get-regexp 'core\.sshCommand' && git config --local --unset-all 'core.sshCommand' || :"
verify / linux	UNKNOWN STEP	2026-09-27T07:26:39.6665268Z [command]/usr/bin/git config --local --name-only --get-regexp http\.https\:\/\/github\.com\/\.extraheader
verify / linux	UNKNOWN STEP	2026-09-27T07:26:39.6867373Z [command]/usr/bin/git submodule foreach --recursive sh -c "git config --local --name-only --get-regexp 'http\.https\:\/\/github\.com\/\.extraheader' && git config --local --unset-all 'http.https://github.com/.extraheader' || :"
verify / linux	UNKNOWN STEP	2026-09-27T07:26:39.7110403Z [command]/usr/bin/git config --local --name-only --get-regexp ^includeIf\.gitdir:
verify / linux	UNKNOWN STEP	2026-09-27T07:26:39.7149619Z [command]/usr/bin/git submodule foreach --recursive git config --local --show-origin --name-only --get-regexp remote.origin.url
verify / linux	UNKNOWN STEP	2026-09-27T07:26:39.7399819Z [command]/usr/bin/git config --local http.https://github.com/.extraheader AUTHORIZATION: basic ***
verify / linux	UNKNOWN STEP	2026-09-27T07:26:39.7810191Z ##[endgroup]
verify / linux	UNKNOWN STEP	2026-09-27T07:26:39.7813195Z ##[group]Fetching the repository
verify / linux	UNKNOWN STEP	2026-09-27T07:26:39.7824928Z [command]/usr/bin/git -c protocol.version=2 fetch --no-tags --prune --no-recurse-submodules --depth=1 origin +72a14a078500cb7bf6e9465a52b9e3fee85a9e17:refs/remotes/origin/chore/windows-dead-code
verify / linux	UNKNOWN STEP	2026-09-27T07:26:40.8725391Z From https://github.com/Pianzh/Kotori
verify / linux	UNKNOWN STEP	2026-09-27T07:26:40.8727042Z  * [new ref]         72a14a078500cb7bf6e9465a52b9e3fee85a9e17 -> origin/chore/windows-dead-code
verify / linux	UNKNOWN STEP	2026-09-27T07:26:40.8729357Z ##[endgroup]
verify / linux	UNKNOWN STEP	2026-09-27T07:26:40.8730031Z ##[group]Determining the checkout info
verify / linux	UNKNOWN STEP	2026-09-27T07:26:40.8731960Z ##[endgroup]
verify / linux	UNKNOWN STEP	2026-09-27T07:26:40.8739383Z [command]/usr/bin/git sparse-checkout disable
verify / linux	UNKNOWN STEP	2026-09-27T07:26:40.8792898Z [command]/usr/bin/git config --local --unset-all extensions.worktreeConfig
verify / linux	UNKNOWN STEP	2026-09-27T07:26:40.8828260Z ##[group]Checking out the ref
verify / linux	UNKNOWN STEP	2026-09-27T07:26:40.8833390Z [command]/usr/bin/git checkout --progress --force -B chore/windows-dead-code refs/remotes/origin/chore/windows-dead-code
verify / linux	UNKNOWN STEP	2026-09-27T07:26:40.9148653Z Switched to a new branch 'chore/windows-dead-code'
verify / linux	UNKNOWN STEP	2026-09-27T07:26:40.9152753Z branch 'chore/windows-dead-code' set up to track 'origin/chore/windows-dead-code'.
verify / linux	UNKNOWN STEP	2026-09-27T07:26:40.9159717Z ##[endgroup]
verify / linux	UNKNOWN STEP	2026-09-27T07:26:40.9207653Z [command]/usr/bin/git log -1 --format=%H
verify / linux	UNKNOWN STEP	2026-09-27T07:26:40.9237727Z 72a14a078500cb7bf6e9465a52b9e3fee85a9e17
verify / linux	UNKNOWN STEP	2026-09-27T07:26:40.9472743Z ##[group]Run sudo apt-get update
verify / linux	UNKNOWN STEP	2026-09-27T07:26:40.9473408Z ^[[36;1msudo apt-get update^[[0m
verify / linux	UNKNOWN STEP	2026-09-27T07:26:40.9473988Z ^[[36;1msudo apt-get install -y --no-install-recommends \^[[0m
verify / linux	UNKNOWN STEP	2026-09-27T07:26:40.9474666Z ^[[36;1m  libxcb-shape0-dev libxcb-xfixes0-dev libxkbcommon-dev \^[[0m
verify / linux	UNKNOWN STEP	2026-09-27T07:26:40.9475288Z ^[[36;1m  libfontconfig-dev libssl-dev rclone^[[0m
verify / linux	UNKNOWN STEP	2026-09-27T07:26:40.9712271Z shell: /usr/bin/bash -e {0}
verify / linux	UNKNOWN STEP	2026-09-27T07:26:40.9712780Z env:
verify / linux	UNKNOWN STEP	2026-09-27T07:26:40.9713190Z   CARGO_TERM_COLOR: always
verify / linux	UNKNOWN STEP	2026-09-27T07:26:40.9713791Z   KOTORI_TEST_ARTIFACTS: /home/runner/work/Kotori/Kotori/test-artifacts
verify / linux	UNKNOWN STEP	2026-09-27T07:26:40.9714455Z ##[endgroup]
verify / linux	UNKNOWN STEP	2026-09-27T07:26:41.0572161Z Get:1 file:/etc/apt/apt-mirrors.txt Mirrorlist [144 B]
verify / linux	UNKNOWN STEP	2026-09-27T07:26:41.0911796Z Hit:2 http://azure.archive.ubuntu.com/ubuntu noble InRelease
verify / linux	UNKNOWN STEP	2026-09-27T07:26:41.0913525Z Get:6 https://packages.microsoft.com/ubuntu/24.04/prod noble InRelease [3600 B]
verify / linux	UNKNOWN STEP	2026-09-27T07:26:41.0942932Z Get:3 http://azure.archive.ubuntu.com/ubuntu noble-updates InRelease [126 kB]
verify / linux	UNKNOWN STEP	2026-09-27T07:26:41.1001277Z Get:4 http://azure.archive.ubuntu.com/ubuntu noble-backports InRelease [126 kB]
verify / linux	UNKNOWN STEP	2026-09-27T07:26:41.1015876Z Get:5 http://azure.archive.ubuntu.com/ubuntu noble-security InRelease [126 kB]
verify / linux	UNKNOWN STEP	2026-09-27T07:26:41.2238044Z Get:7 https://packages.microsoft.com/ubuntu/24.04/prod noble/main amd64 Packages [498 kB]
verify / linux	UNKNOWN STEP	2026-09-27T07:26:41.2428603Z Get:8 https://packages.microsoft.com/ubuntu/24.04/prod noble/main arm64 Packages [446 kB]
verify / linux	UNKNOWN STEP	2026-09-27T07:26:41.2821710Z Get:9 http://azure.archive.ubuntu.com/ubuntu noble-updates/main amd64 Packages [1319 kB]
verify / linux	UNKNOWN STEP	2026-09-27T07:26:41.2927083Z Get:10 http://azure.archive.ubuntu.com/ubuntu noble-updates/main Translation-en [299 kB]
verify / linux	UNKNOWN STEP	2026-09-27T07:26:41.2948208Z Get:11 http://azure.archive.ubuntu.com/ubuntu noble-updates/main amd64 Components [181 kB]
verify / linux	UNKNOWN STEP	2026-09-27T07:26:41.2980302Z Get:12 http://azure.archive.ubuntu.com/ubuntu noble-updates/universe amd64 Packages [1697 kB]
verify / linux	UNKNOWN STEP	2026-09-27T07:26:41.3084790Z Get:13 http://azure.archive.ubuntu.com/ubuntu noble-updates/universe Translation-en [340 kB]
verify / linux	UNKNOWN STEP	2026-09-27T07:26:41.3125630Z Get:14 http://azure.archive.ubuntu.com/ubuntu noble-updates/universe amd64 Components [388 kB]
verify / linux	UNKNOWN STEP	2026-09-27T07:26:41.3163254Z Get:15 http://azure.archive.ubuntu.com/ubuntu noble-updates/restricted amd64 Packages [1654 kB]
verify / linux	UNKNOWN STEP	2026-09-27T07:26:41.3278656Z Get:16 http://azure.archive.ubuntu.com/ubuntu noble-updates/restricted Translation-en [377 kB]
verify / linux	UNKNOWN STEP	2026-09-27T07:26:41.3300050Z Get:17 http://azure.archive.ubuntu.com/ubuntu noble-updates/multiverse amd64 Components [940 B]
verify / linux	UNKNOWN STEP	2026-09-27T07:26:41.3510521Z Get:18 http://azure.archive.ubuntu.com/ubuntu noble-backports/main amd64 Packages [40.6 kB]
verify / linux	UNKNOWN STEP	2026-09-27T07:26:41.3945072Z Get:19 http://azure.archive.ubuntu.com/ubuntu noble-backports/main amd64 Components [5760 B]
verify / linux	UNKNOWN STEP	2026-09-27T07:26:41.3969584Z Get:20 http://azure.archive.ubuntu.com/ubuntu noble-backports/universe amd64 Packages [31.0 kB]
verify / linux	UNKNOWN STEP	2026-09-27T07:26:41.3998660Z Get:21 http://azure.archive.ubuntu.com/ubuntu noble-backports/universe Translation-en [18.6 kB]
verify / linux	UNKNOWN STEP	2026-09-27T07:26:41.4018002Z Get:22 http://azure.archive.ubuntu.com/ubuntu noble-backports/universe amd64 Components [12.6 kB]
verify / linux	UNKNOWN STEP	2026-09-27T07:26:41.4095205Z Get:23 http://azure.archive.ubuntu.com/ubuntu noble-security/main amd64 Packages [1053 kB]
verify / linux	UNKNOWN STEP	2026-09-27T07:26:41.4156151Z Get:24 http://azure.archive.ubuntu.com/ubuntu noble-security/main Translation-en [219 kB]
verify / linux	UNKNOWN STEP	2026-09-27T07:26:41.4178057Z Get:25 http://azure.archive.ubuntu.com/ubuntu noble-security/main amd64 Components [46.5 kB]
verify / linux	UNKNOWN STEP	2026-09-27T07:26:41.4195721Z Get:26 http://azure.archive.ubuntu.com/ubuntu noble-security/universe amd64 Packages [1220 kB]
verify / linux	UNKNOWN STEP	2026-09-27T07:26:41.4261354Z Get:27 http://azure.archive.ubuntu.com/ubuntu noble-security/universe Translation-en [245 kB]
verify / linux	UNKNOWN STEP	2026-09-27T07:26:41.4284428Z Get:28 http://azure.archive.ubuntu.com/ubuntu noble-security/universe amd64 Components [76.3 kB]
verify / linux	UNKNOWN STEP	2026-09-27T07:26:41.4300735Z Get:29 http://azure.archive.ubuntu.com/ubuntu noble-security/restricted amd64 Packages [1535 kB]
verify / linux	UNKNOWN STEP	2026-09-27T07:26:41.4379572Z Get:30 http://azure.archive.ubuntu.com/ubuntu noble-security/restricted Translation-en [353 kB]
verify / linux	UNKNOWN STEP	2026-09-27T07:26:45.8650079Z Fetched 12.4 MB in 1s (8421 kB/s)
verify / linux	UNKNOWN STEP	2026-09-27T07:26:46.6955970Z Reading package lists...
verify / linux	UNKNOWN STEP	2026-09-27T07:26:46.7280592Z Reading package lists...
verify / linux	UNKNOWN STEP	2026-09-27T07:26:46.9540547Z Building dependency tree...
verify / linux	UNKNOWN STEP	2026-09-27T07:26:46.9548787Z Reading state information...
verify / linux	UNKNOWN STEP	2026-09-27T07:26:47.1203674Z libssl-dev is already the newest version (3.0.13-0ubuntu3.15).
verify / linux	UNKNOWN STEP	2026-09-27T07:26:47.1204303Z The following additional packages will be installed:
verify / linux	UNKNOWN STEP	2026-09-27T07:26:47.1205594Z   libbrotli-dev libbz2-dev libfreetype-dev libpng-dev libpthread-stubs0-dev
verify / linux	UNKNOWN STEP	2026-09-27T07:26:47.1209001Z   libxau-dev libxcb-render0-dev libxcb-shape0 libxcb1-dev libxdmcp-dev
verify / linux	UNKNOWN STEP	2026-09-27T07:26:47.1209726Z   uuid-dev x11proto-dev xorg-sgml-doctools
verify / linux	UNKNOWN STEP	2026-09-27T07:26:47.1216310Z Suggested packages:
verify / linux	UNKNOWN STEP	2026-09-27T07:26:47.1216562Z   freetype2-doc libxcb-doc
verify / linux	UNKNOWN STEP	2026-09-27T07:26:47.1217058Z Recommended packages:
verify / linux	UNKNOWN STEP	2026-09-27T07:26:47.1217427Z   bzip2-doc libpng-tools
verify / linux	UNKNOWN STEP	2026-09-27T07:26:47.1442596Z The following NEW packages will be installed:
verify / linux	UNKNOWN STEP	2026-09-27T07:26:47.1443508Z   libbrotli-dev libbz2-dev libfontconfig-dev libfreetype-dev libpng-dev
verify / linux	UNKNOWN STEP	2026-09-27T07:26:47.1446019Z   libpthread-stubs0-dev libxau-dev libxcb-render0-dev libxcb-shape0
verify / linux	UNKNOWN STEP	2026-09-27T07:26:47.1446495Z   libxcb-shape0-dev libxcb-xfixes0-dev libxcb1-dev libxdmcp-dev
verify / linux	UNKNOWN STEP	2026-09-27T07:26:47.1449214Z   libxkbcommon-dev rclone uuid-dev x11proto-dev xorg-sgml-doctools
verify / linux	UNKNOWN STEP	2026-09-27T07:26:47.1637472Z 0 upgraded, 18 newly installed, 0 to remove and 32 not upgraded.
verify / linux	UNKNOWN STEP	2026-09-27T07:26:47.1637937Z Need to get 18.7 MB of archives.
verify / linux	UNKNOWN STEP	2026-09-27T07:26:47.1638297Z After this operation, 70.8 MB of additional disk space will be used.
verify / linux	UNKNOWN STEP	2026-09-27T07:26:47.1638723Z Get:1 file:/etc/apt/apt-mirrors.txt Mirrorlist [144 B]
verify / linux	UNKNOWN STEP	2026-09-27T07:26:47.2031052Z Get:2 http://azure.archive.ubuntu.com/ubuntu noble/main amd64 libbrotli-dev amd64 1.1.0-2build2 [353 kB]
verify / linux	UNKNOWN STEP	2026-09-27T07:26:47.2316252Z Get:3 http://azure.archive.ubuntu.com/ubuntu noble-updates/main amd64 libbz2-dev amd64 1.0.8-5.1ubuntu0.1 [33.6 kB]
verify / linux	UNKNOWN STEP	2026-09-27T07:26:47.2539060Z Get:4 http://azure.archive.ubuntu.com/ubuntu noble-updates/main amd64 libpng-dev amd64 1.6.43-5ubuntu0.6 [265 kB]
verify / linux	UNKNOWN STEP	2026-09-27T07:26:47.2800382Z Get:5 http://azure.archive.ubuntu.com/ubuntu noble-updates/main amd64 libfreetype-dev amd64 2.13.2+dfsg-1ubuntu0.1 [575 kB]
verify / linux	UNKNOWN STEP	2026-09-27T07:26:47.3066570Z Get:6 http://azure.archive.ubuntu.com/ubuntu noble-updates/main amd64 uuid-dev amd64 2.39.3-9ubuntu6.6 [33.5 kB]
verify / linux	UNKNOWN STEP	2026-09-27T07:26:47.3291463Z Get:7 http://azure.archive.ubuntu.com/ubuntu noble/main amd64 libfontconfig-dev amd64 2.15.0-1.1ubuntu2 [161 kB]
verify / linux	UNKNOWN STEP	2026-09-27T07:26:47.3524903Z Get:8 http://azure.archive.ubuntu.com/ubuntu noble/main amd64 libpthread-stubs0-dev amd64 0.4-1build3 [4746 B]
verify / linux	UNKNOWN STEP	2026-09-27T07:26:47.3747898Z Get:9 http://azure.archive.ubuntu.com/ubuntu noble/main amd64 xorg-sgml-doctools all 1:1.11-1.1 [10.9 kB]
verify / linux	UNKNOWN STEP	2026-09-27T07:26:47.3970332Z Get:10 http://azure.archive.ubuntu.com/ubuntu noble/main amd64 x11proto-dev all 2023.2-1 [602 kB]
verify / linux	UNKNOWN STEP	2026-09-27T07:26:47.4256256Z Get:11 http://azure.archive.ubuntu.com/ubuntu noble/main amd64 libxau-dev amd64 1:1.0.9-1build6 [9570 B]
verify / linux	UNKNOWN STEP	2026-09-27T07:26:47.4479221Z Get:12 http://azure.archive.ubuntu.com/ubuntu noble/main amd64 libxdmcp-dev amd64 1:1.1.3-0ubuntu6 [26.5 kB]
verify / linux	UNKNOWN STEP	2026-09-27T07:26:47.4702014Z Get:13 http://azure.archive.ubuntu.com/ubuntu noble/main amd64 libxcb1-dev amd64 1.15-1ubuntu2 [85.8 kB]
verify / linux	UNKNOWN STEP	2026-09-27T07:26:47.4930822Z Get:14 http://azure.archive.ubuntu.com/ubuntu noble/main amd64 libxcb-render0-dev amd64 1.15-1ubuntu2 [19.6 kB]
verify / linux	UNKNOWN STEP	2026-09-27T07:26:47.5154026Z Get:15 http://azure.archive.ubuntu.com/ubuntu noble/main amd64 libxcb-shape0 amd64 1.15-1ubuntu2 [6100 B]
verify / linux	UNKNOWN STEP	2026-09-27T07:26:47.5377342Z Get:16 http://azure.archive.ubuntu.com/ubuntu noble/main amd64 libxcb-shape0-dev amd64 1.15-1ubuntu2 [7310 B]
verify / linux	UNKNOWN STEP	2026-09-27T07:26:47.5598177Z Get:17 http://azure.archive.ubuntu.com/ubuntu noble/main amd64 libxcb-xfixes0-dev amd64 1.15-1ubuntu2 [12.6 kB]
verify / linux	UNKNOWN STEP	2026-09-27T07:26:47.5819330Z Get:18 http://azure.archive.ubuntu.com/ubuntu noble/main amd64 libxkbcommon-dev amd64 1.6.0-1build1 [56.3 kB]
verify / linux	UNKNOWN STEP	2026-09-27T07:26:47.6044660Z Get:19 http://azure.archive.ubuntu.com/ubuntu noble-updates/universe amd64 rclone amd64 1.60.1+dfsg-3ubuntu0.24.04.6 [16.5 MB]
verify / linux	UNKNOWN STEP	2026-09-27T07:26:48.0233575Z Fetched 18.7 MB in 1s (30.8 MB/s)
verify / linux	UNKNOWN STEP	2026-09-27T07:26:48.0443430Z Selecting previously unselected package libbrotli-dev:amd64.
verify / linux	UNKNOWN STEP	2026-09-27T07:26:48.0665411Z (Reading database ... 
verify / linux	UNKNOWN STEP	2026-09-27T07:26:48.0665848Z (Reading database ... 5%
verify / linux	UNKNOWN STEP	2026-09-27T07:26:48.0666170Z (Reading database ... 10%
verify / linux	UNKNOWN STEP	2026-09-27T07:26:48.0666537Z (Reading database ... 15%
verify / linux	UNKNOWN STEP	2026-09-27T07:26:48.0667090Z (Reading database ... 20%
verify / linux	UNKNOWN STEP	2026-09-27T07:26:48.0667321Z (Reading database ... 25%
verify / linux	UNKNOWN STEP	2026-09-27T07:26:48.0667610Z (Reading database ... 30%
verify / linux	UNKNOWN STEP	2026-09-27T07:26:48.0667927Z (Reading database ... 35%
verify / linux	UNKNOWN STEP	2026-09-27T07:26:48.0668221Z (Reading database ... 40%
verify / linux	UNKNOWN STEP	2026-09-27T07:26:48.0668439Z (Reading database ... 45%
verify / linux	UNKNOWN STEP	2026-09-27T07:26:48.0668815Z (Reading database ... 50%
verify / linux	UNKNOWN STEP	2026-09-27T07:26:48.0712317Z (Reading database ... 55%
verify / linux	UNKNOWN STEP	2026-09-27T07:26:48.1327755Z (Reading database ... 60%
verify / linux	UNKNOWN STEP	2026-09-27T07:26:48.3396059Z (Reading database ... 65%
verify / linux	UNKNOWN STEP	2026-09-27T07:26:48.5724224Z (Reading database ... 70%
verify / linux	UNKNOWN STEP	2026-09-27T07:26:48.7353110Z (Reading database ... 75%
verify / linux	UNKNOWN STEP	2026-09-27T07:26:48.8771174Z (Reading database ... 80%
verify / linux	UNKNOWN STEP	2026-09-27T07:26:49.0849515Z (Reading database ... 85%
verify / linux	UNKNOWN STEP	2026-09-27T07:26:49.2956357Z (Reading database ... 90%
verify / linux	UNKNOWN STEP	2026-09-27T07:26:49.4844309Z (Reading database ... 95%
verify / linux	UNKNOWN STEP	2026-09-27T07:26:49.4844669Z (Reading database ... 100%
verify / linux	UNKNOWN STEP	2026-09-27T07:26:49.4845061Z (Reading database ... 202190 files and directories currently installed.)
verify / linux	UNKNOWN STEP	2026-09-27T07:26:49.4892056Z Preparing to unpack .../00-libbrotli-dev_1.1.0-2build2_amd64.deb ...
verify / linux	UNKNOWN STEP	2026-09-27T07:26:49.4930360Z Unpacking libbrotli-dev:amd64 (1.1.0-2build2) ...
verify / linux	UNKNOWN STEP	2026-09-27T07:26:49.5195696Z Selecting previously unselected package libbz2-dev:amd64.
verify / linux	UNKNOWN STEP	2026-09-27T07:26:49.5325891Z Preparing to unpack .../01-libbz2-dev_1.0.8-5.1ubuntu0.1_amd64.deb ...
verify / linux	UNKNOWN STEP	2026-09-27T07:26:49.5333674Z Unpacking libbz2-dev:amd64 (1.0.8-5.1ubuntu0.1) ...
verify / linux	UNKNOWN STEP	2026-09-27T07:26:49.5531252Z Selecting previously unselected package libpng-dev:amd64.
verify / linux	UNKNOWN STEP	2026-09-27T07:26:49.5662234Z Preparing to unpack .../02-libpng-dev_1.6.43-5ubuntu0.6_amd64.deb ...
verify / linux	UNKNOWN STEP	2026-09-27T07:26:49.5669130Z Unpacking libpng-dev:amd64 (1.6.43-5ubuntu0.6) ...
verify / linux	UNKNOWN STEP	2026-09-27T07:26:49.5956261Z Selecting previously unselected package libfreetype-dev:amd64.
verify / linux	UNKNOWN STEP	2026-09-27T07:26:49.6093858Z Preparing to unpack .../03-libfreetype-dev_2.13.2+dfsg-1ubuntu0.1_amd64.deb ...
verify / linux	UNKNOWN STEP	2026-09-27T07:26:49.6100866Z Unpacking libfreetype-dev:amd64 (2.13.2+dfsg-1ubuntu0.1) ...
verify / linux	UNKNOWN STEP	2026-09-27T07:26:49.6436510Z Selecting previously unselected package uuid-dev:amd64.
verify / linux	UNKNOWN STEP	2026-09-27T07:26:49.6568693Z Preparing to unpack .../04-uuid-dev_2.39.3-9ubuntu6.6_amd64.deb ...
verify / linux	UNKNOWN STEP	2026-09-27T07:26:49.6575560Z Unpacking uuid-dev:amd64 (2.39.3-9ubuntu6.6) ...
verify / linux	UNKNOWN STEP	2026-09-27T07:26:49.6806139Z Selecting previously unselected package libfontconfig-dev:amd64.
verify / linux	UNKNOWN STEP	2026-09-27T07:26:49.6937449Z Preparing to unpack .../05-libfontconfig-dev_2.15.0-1.1ubuntu2_amd64.deb ...
verify / linux	UNKNOWN STEP	2026-09-27T07:26:49.6943335Z Unpacking libfontconfig-dev:amd64 (2.15.0-1.1ubuntu2) ...
verify / linux	UNKNOWN STEP	2026-09-27T07:26:49.7169974Z Selecting previously unselected package libpthread-stubs0-dev:amd64.
verify / linux	UNKNOWN STEP	2026-09-27T07:26:49.7303371Z Preparing to unpack .../06-libpthread-stubs0-dev_0.4-1build3_amd64.deb ...
verify / linux	UNKNOWN STEP	2026-09-27T07:26:49.7310178Z Unpacking libpthread-stubs0-dev:amd64 (0.4-1build3) ...
verify / linux	UNKNOWN STEP	2026-09-27T07:26:49.7504615Z Selecting previously unselected package xorg-sgml-doctools.
verify / linux	UNKNOWN STEP	2026-09-27T07:26:49.7636207Z Preparing to unpack .../07-xorg-sgml-doctools_1%3a1.11-1.1_all.deb ...
verify / linux	UNKNOWN STEP	2026-09-27T07:26:49.7644477Z Unpacking xorg-sgml-doctools (1:1.11-1.1) ...
verify / linux	UNKNOWN STEP	2026-09-27T07:26:49.7875250Z Selecting previously unselected package x11proto-dev.
verify / linux	UNKNOWN STEP	2026-09-27T07:26:49.8005343Z Preparing to unpack .../08-x11proto-dev_2023.2-1_all.deb ...
verify / linux	UNKNOWN STEP	2026-09-27T07:26:49.8012302Z Unpacking x11proto-dev (2023.2-1) ...
verify / linux	UNKNOWN STEP	2026-09-27T07:26:49.8514810Z Selecting previously unselected package libxau-dev:amd64.
verify / linux	UNKNOWN STEP	2026-09-27T07:26:49.8687199Z Preparing to unpack .../09-libxau-dev_1%3a1.0.9-1build6_amd64.deb ...
verify / linux	UNKNOWN STEP	2026-09-27T07:26:49.8693928Z Unpacking libxau-dev:amd64 (1:1.0.9-1build6) ...
verify / linux	UNKNOWN STEP	2026-09-27T07:26:49.8905791Z Selecting previously unselected package libxdmcp-dev:amd64.
verify / linux	UNKNOWN STEP	2026-09-27T07:26:49.9037913Z Preparing to unpack .../10-libxdmcp-dev_1%3a1.1.3-0ubuntu6_amd64.deb ...
verify / linux	UNKNOWN STEP	2026-09-27T07:26:49.9045461Z Unpacking libxdmcp-dev:amd64 (1:1.1.3-0ubuntu6) ...
verify / linux	UNKNOWN STEP	2026-09-27T07:26:49.9241789Z Selecting previously unselected package libxcb1-dev:amd64.
verify / linux	UNKNOWN STEP	2026-09-27T07:26:49.9371502Z Preparing to unpack .../11-libxcb1-dev_1.15-1ubuntu2_amd64.deb ...
verify / linux	UNKNOWN STEP	2026-09-27T07:26:49.9377514Z Unpacking libxcb1-dev:amd64 (1.15-1ubuntu2) ...
verify / linux	UNKNOWN STEP	2026-09-27T07:26:49.9593717Z Selecting previously unselected package libxcb-render0-dev:amd64.
verify / linux	UNKNOWN STEP	2026-09-27T07:26:49.9721965Z Preparing to unpack .../12-libxcb-render0-dev_1.15-1ubuntu2_amd64.deb ...
verify / linux	UNKNOWN STEP	2026-09-27T07:26:49.9728327Z Unpacking libxcb-render0-dev:amd64 (1.15-1ubuntu2) ...
verify / linux	UNKNOWN STEP	2026-09-27T07:26:49.9937177Z Selecting previously unselected package libxcb-shape0:amd64.
verify / linux	UNKNOWN STEP	2026-09-27T07:26:50.0064291Z Preparing to unpack .../13-libxcb-shape0_1.15-1ubuntu2_amd64.deb ...
verify / linux	UNKNOWN STEP	2026-09-27T07:26:50.0079338Z Unpacking libxcb-shape0:amd64 (1.15-1ubuntu2) ...
verify / linux	UNKNOWN STEP	2026-09-27T07:26:50.0265357Z Selecting previously unselected package libxcb-shape0-dev:amd64.
verify / linux	UNKNOWN STEP	2026-09-27T07:26:50.0388092Z Preparing to unpack .../14-libxcb-shape0-dev_1.15-1ubuntu2_amd64.deb ...
verify / linux	UNKNOWN STEP	2026-09-27T07:26:50.0394268Z Unpacking libxcb-shape0-dev:amd64 (1.15-1ubuntu2) ...
verify / linux	UNKNOWN STEP	2026-09-27T07:26:50.0586500Z Selecting previously unselected package libxcb-xfixes0-dev:amd64.
verify / linux	UNKNOWN STEP	2026-09-27T07:26:50.0712172Z Preparing to unpack .../15-libxcb-xfixes0-dev_1.15-1ubuntu2_amd64.deb ...
verify / linux	UNKNOWN STEP	2026-09-27T07:26:50.0719225Z Unpacking libxcb-xfixes0-dev:amd64 (1.15-1ubuntu2) ...
verify / linux	UNKNOWN STEP	2026-09-27T07:26:50.0915228Z Selecting previously unselected package libxkbcommon-dev:amd64.
verify / linux	UNKNOWN STEP	2026-09-27T07:26:50.1045244Z Preparing to unpack .../16-libxkbcommon-dev_1.6.0-1build1_amd64.deb ...
verify / linux	UNKNOWN STEP	2026-09-27T07:26:50.1053112Z Unpacking libxkbcommon-dev:amd64 (1.6.0-1build1) ...
verify / linux	UNKNOWN STEP	2026-09-27T07:26:50.1265840Z Selecting previously unselected package rclone.
verify / linux	UNKNOWN STEP	2026-09-27T07:26:50.1395393Z Preparing to unpack .../17-rclone_1.60.1+dfsg-3ubuntu0.24.04.6_amd64.deb ...
verify / linux	UNKNOWN STEP	2026-09-27T07:26:50.1403313Z Unpacking rclone (1.60.1+dfsg-3ubuntu0.24.04.6) ...
verify / linux	UNKNOWN STEP	2026-09-27T07:26:50.3897143Z Setting up rclone (1.60.1+dfsg-3ubuntu0.24.04.6) ...
verify / linux	UNKNOWN STEP	2026-09-27T07:26:50.3919951Z Setting up libxkbcommon-dev:amd64 (1.6.0-1build1) ...
verify / linux	UNKNOWN STEP	2026-09-27T07:26:50.3937936Z Setting up libpng-dev:amd64 (1.6.43-5ubuntu0.6) ...
verify / linux	UNKNOWN STEP	2026-09-27T07:26:50.3953491Z Setting up libxcb-shape0:amd64 (1.15-1ubuntu2) ...
verify / linux	UNKNOWN STEP	2026-09-27T07:26:50.3970140Z Setting up libpthread-stubs0-dev:amd64 (0.4-1build3) ...
verify / linux	UNKNOWN STEP	2026-09-27T07:26:50.3985605Z Setting up uuid-dev:amd64 (2.39.3-9ubuntu6.6) ...
verify / linux	UNKNOWN STEP	2026-09-27T07:26:50.4001672Z Setting up xorg-sgml-doctools (1:1.11-1.1) ...
verify / linux	UNKNOWN STEP	2026-09-27T07:26:50.4017456Z Setting up libbrotli-dev:amd64 (1.1.0-2build2) ...
verify / linux	UNKNOWN STEP	2026-09-27T07:26:50.4035736Z Setting up libbz2-dev:amd64 (1.0.8-5.1ubuntu0.1) ...
verify / linux	UNKNOWN STEP	2026-09-27T07:26:50.4052212Z Setting up libfreetype-dev:amd64 (2.13.2+dfsg-1ubuntu0.1) ...
verify / linux	UNKNOWN STEP	2026-09-27T07:26:50.4072211Z Setting up libfontconfig-dev:amd64 (2.15.0-1.1ubuntu2) ...
verify / linux	UNKNOWN STEP	2026-09-27T07:26:50.4110902Z Processing triggers for sgml-base (1.31) ...
verify / linux	UNKNOWN STEP	2026-09-27T07:26:50.4383671Z Setting up x11proto-dev (2023.2-1) ...
verify / linux	UNKNOWN STEP	2026-09-27T07:26:50.4403561Z Setting up libxau-dev:amd64 (1:1.0.9-1build6) ...
verify / linux	UNKNOWN STEP	2026-09-27T07:26:50.4422994Z Processing triggers for libc-bin (2.39-0ubuntu8.9) ...
verify / linux	UNKNOWN STEP	2026-09-27T07:26:50.4690051Z Processing triggers for man-db (2.12.0-4build2) ...
verify / linux	UNKNOWN STEP	2026-09-27T07:26:50.4709461Z Not building database; man-db/auto-update is not 'true'.
verify / linux	UNKNOWN STEP	2026-09-27T07:26:50.4719541Z Setting up libxdmcp-dev:amd64 (1:1.1.3-0ubuntu6) ...
verify / linux	UNKNOWN STEP	2026-09-27T07:26:50.4741980Z Setting up libxcb1-dev:amd64 (1.15-1ubuntu2) ...
verify / linux	UNKNOWN STEP	2026-09-27T07:26:50.4759840Z Setting up libxcb-render0-dev:amd64 (1.15-1ubuntu2) ...
verify / linux	UNKNOWN STEP	2026-09-27T07:26:50.4777721Z Setting up libxcb-shape0-dev:amd64 (1.15-1ubuntu2) ...
verify / linux	UNKNOWN STEP	2026-09-27T07:26:50.4795223Z Setting up libxcb-xfixes0-dev:amd64 (1.15-1ubuntu2) ...
verify / linux	UNKNOWN STEP	2026-09-27T07:26:51.4913763Z 
verify / linux	UNKNOWN STEP	2026-09-27T07:26:51.4914799Z Running kernel seems to be up-to-date.
verify / linux	UNKNOWN STEP	2026-09-27T07:26:51.4915096Z 
verify / linux	UNKNOWN STEP	2026-09-27T07:26:51.4915216Z No services need to be restarted.
verify / linux	UNKNOWN STEP	2026-09-27T07:26:51.4915404Z 
verify / linux	UNKNOWN STEP	2026-09-27T07:26:51.4915521Z No containers need to be restarted.
verify / linux	UNKNOWN STEP	2026-09-27T07:26:51.4915709Z 
verify / linux	UNKNOWN STEP	2026-09-27T07:26:51.4915836Z No user sessions are running outdated binaries.
verify / linux	UNKNOWN STEP	2026-09-27T07:26:51.4916048Z 
verify / linux	UNKNOWN STEP	2026-09-27T07:26:51.4916244Z No VM guests are running outdated hypervisor (qemu) binaries on this host.
verify / linux	UNKNOWN STEP	2026-09-27T07:26:52.5293824Z ##[group]Run dtolnay/rust-toolchain@stable
verify / linux	UNKNOWN STEP	2026-09-27T07:26:52.5294136Z with:
verify / linux	UNKNOWN STEP	2026-09-27T07:26:52.5294355Z   components: rustfmt, clippy
verify / linux	UNKNOWN STEP	2026-09-27T07:26:52.5294608Z   toolchain: stable
verify / linux	UNKNOWN STEP	2026-09-27T07:26:52.5294810Z env:
verify / linux	UNKNOWN STEP	2026-09-27T07:26:52.5295004Z   CARGO_TERM_COLOR: always
verify / linux	UNKNOWN STEP	2026-09-27T07:26:52.5295354Z   KOTORI_TEST_ARTIFACTS: /home/runner/work/Kotori/Kotori/test-artifacts
verify / linux	UNKNOWN STEP	2026-09-27T07:26:52.5295746Z ##[endgroup]
verify / linux	UNKNOWN STEP	2026-09-27T07:26:52.5362542Z ##[start-action display=Parse toolchain version;id=__dtolnay_rust-toolchain.parse]
verify / linux	UNKNOWN STEP	2026-09-27T07:26:52.5388566Z ##[group]Run if [[ -z $toolchain ]]; then
verify / linux	UNKNOWN STEP	2026-09-27T07:26:52.5388934Z ^[[36;1mif [[ -z $toolchain ]]; then^[[0m
verify / linux	UNKNOWN STEP	2026-09-27T07:26:52.5389482Z ^[[36;1m  # GitHub does not enforce `required: true` inputs itself. https://github.com/actions/runner/issues/1070^[[0m
verify / linux	UNKNOWN STEP	2026-09-27T07:26:52.5390063Z ^[[36;1m  echo "'toolchain' is a required input" >&2^[[0m
verify / linux	UNKNOWN STEP	2026-09-27T07:26:52.5390397Z ^[[36;1m  exit 1^[[0m
verify / linux	UNKNOWN STEP	2026-09-27T07:26:52.5390788Z ^[[36;1melif [[ $toolchain =~ ^stable' '[0-9]+' '(year|month|week|day)s?' 'ago$ ]]; then^[[0m
verify / linux	UNKNOWN STEP	2026-09-27T07:26:52.5391224Z ^[[36;1m  if [[ Linux == macOS ]]; then^[[0m
verify / linux	UNKNOWN STEP	2026-09-27T07:26:52.5391767Z ^[[36;1m    echo "toolchain=1.$((($(date -v-$(sed 's/stable \([0-9]*\) \(.\).*/\1\2/' <<< $toolchain) +%s)/60/60/24-16569)/7/6))" >> $GITHUB_OUTPUT^[[0m
verify / linux	UNKNOWN STEP	2026-09-27T07:26:52.5392269Z ^[[36;1m  else^[[0m
verify / linux	UNKNOWN STEP	2026-09-27T07:26:52.5392688Z ^[[36;1m    echo "toolchain=1.$((($(date --date "${toolchain#stable }" +%s)/60/60/24-16569)/7/6))" >> $GITHUB_OUTPUT^[[0m
verify / linux	UNKNOWN STEP	2026-09-27T07:26:52.5393148Z ^[[36;1m  fi^[[0m
verify / linux	UNKNOWN STEP	2026-09-27T07:26:52.5393466Z ^[[36;1melif [[ $toolchain =~ ^stable' 'minus' '[0-9]+' 'releases?$ ]]; then^[[0m
verify / linux	UNKNOWN STEP	2026-09-27T07:26:52.5394001Z ^[[36;1m  echo "toolchain=1.$((($(date +%s)/60/60/24-16569)/7/6-${toolchain//[^0-9]/}))" >> $GITHUB_OUTPUT^[[0m
verify / linux	UNKNOWN STEP	2026-09-27T07:26:52.5394461Z ^[[36;1melif [[ $toolchain =~ ^1\.[0-9]+$ ]]; then^[[0m
verify / linux	UNKNOWN STEP	2026-09-27T07:26:52.5394982Z ^[[36;1m  echo "toolchain=1.$((i=${toolchain#1.}, c=($(date +%s)/60/60/24-16569)/7/6, i+9*i*(10*i<=c)+90*i*(100*i<=c)))" >> $GITHUB_OUTPUT^[[0m
verify / linux	UNKNOWN STEP	2026-09-27T07:26:52.5395464Z ^[[36;1melse^[[0m
verify / linux	UNKNOWN STEP	2026-09-27T07:26:52.5395721Z ^[[36;1m  echo "toolchain=$toolchain" >> $GITHUB_OUTPUT^[[0m
verify / linux	UNKNOWN STEP	2026-09-27T07:26:52.5396024Z ^[[36;1mfi^[[0m
verify / linux	UNKNOWN STEP	2026-09-27T07:26:52.5466853Z shell: /usr/bin/bash --noprofile --norc -e -o pipefail {0}
verify / linux	UNKNOWN STEP	2026-09-27T07:26:52.5467226Z env:
verify / linux	UNKNOWN STEP	2026-09-27T07:26:52.5467433Z   CARGO_TERM_COLOR: always
verify / linux	UNKNOWN STEP	2026-09-27T07:26:52.5467798Z   KOTORI_TEST_ARTIFACTS: /home/runner/work/Kotori/Kotori/test-artifacts
verify / linux	UNKNOWN STEP	2026-09-27T07:26:52.5468177Z   toolchain: stable
verify / linux	UNKNOWN STEP	2026-09-27T07:26:52.5468397Z ##[endgroup]
verify / linux	UNKNOWN STEP	2026-09-27T07:26:52.5587792Z ##[end-action id=__dtolnay_rust-toolchain.parse;outcome=success;conclusion=success;duration_ms=22]
verify / linux	UNKNOWN STEP	2026-09-27T07:26:52.5600738Z ##[start-action display=Construct rustup command line;id=__dtolnay_rust-toolchain.flags]
verify / linux	UNKNOWN STEP	2026-09-27T07:26:52.5628067Z ##[group]Run echo "targets=$(for t in ${targets//,/ }; do echo -n ' --target' $t; done)" >> $GITHUB_OUTPUT
verify / linux	UNKNOWN STEP	2026-09-27T07:26:52.5628730Z ^[[36;1mecho "targets=$(for t in ${targets//,/ }; do echo -n ' --target' $t; done)" >> $GITHUB_OUTPUT^[[0m
verify / linux	UNKNOWN STEP	2026-09-27T07:26:52.5629646Z ^[[36;1mecho "components=$(for c in ${components//,/ }; do echo -n ' --component' $c; done)" >> $GITHUB_OUTPUT^[[0m
verify / linux	UNKNOWN STEP	2026-09-27T07:26:52.5630135Z ^[[36;1mecho "downgrade=" >> $GITHUB_OUTPUT^[[0m
verify / linux	UNKNOWN STEP	2026-09-27T07:26:52.5694441Z shell: /usr/bin/bash --noprofile --norc -e -o pipefail {0}
verify / linux	UNKNOWN STEP	2026-09-27T07:26:52.5694800Z env:
verify / linux	UNKNOWN STEP	2026-09-27T07:26:52.5695028Z   CARGO_TERM_COLOR: always
verify / linux	UNKNOWN STEP	2026-09-27T07:26:52.5695377Z   KOTORI_TEST_ARTIFACTS: /home/runner/work/Kotori/Kotori/test-artifacts
verify / linux	UNKNOWN STEP	2026-09-27T07:26:52.5695744Z   targets: 
verify / linux	UNKNOWN STEP	2026-09-27T07:26:52.5695956Z   components: rustfmt, clippy
verify / linux	UNKNOWN STEP	2026-09-27T07:26:52.5696201Z ##[endgroup]
verify / linux	UNKNOWN STEP	2026-09-27T07:26:52.5799427Z ##[end-action id=__dtolnay_rust-toolchain.flags;outcome=success;conclusion=success;duration_ms=19]
verify / linux	UNKNOWN STEP	2026-09-27T07:26:52.5825484Z ##[start-action display=Set $CARGO_HOME;id=__dtolnay_rust-toolchain.__run]
verify / linux	UNKNOWN STEP	2026-09-27T07:26:52.5844262Z ##[group]Run echo CARGO_HOME=${CARGO_HOME:-"$HOME/.cargo"} >> $GITHUB_ENV
verify / linux	UNKNOWN STEP	2026-09-27T07:26:52.5844757Z ^[[36;1mecho CARGO_HOME=${CARGO_HOME:-"$HOME/.cargo"} >> $GITHUB_ENV^[[0m
verify / linux	UNKNOWN STEP	2026-09-27T07:26:52.5909660Z shell: /usr/bin/bash --noprofile --norc -e -o pipefail {0}
verify / linux	UNKNOWN STEP	2026-09-27T07:26:52.5910013Z env:
verify / linux	UNKNOWN STEP	2026-09-27T07:26:52.5910223Z   CARGO_TERM_COLOR: always
verify / linux	UNKNOWN STEP	2026-09-27T07:26:52.5910571Z   KOTORI_TEST_ARTIFACTS: /home/runner/work/Kotori/Kotori/test-artifacts
verify / linux	UNKNOWN STEP	2026-09-27T07:26:52.5910942Z ##[endgroup]
verify / linux	UNKNOWN STEP	2026-09-27T07:26:52.6006324Z ##[end-action id=__dtolnay_rust-toolchain.__run;outcome=success;conclusion=success;duration_ms=18]
verify / linux	UNKNOWN STEP	2026-09-27T07:26:52.6008934Z ##[start-action display=Install rustup if needed;id=__dtolnay_rust-toolchain.__run_2]
verify / linux	UNKNOWN STEP	2026-09-27T07:26:52.6032605Z ##[group]Run if ! command -v rustup &>/dev/null; then
verify / linux	UNKNOWN STEP	2026-09-27T07:26:52.6033010Z ^[[36;1mif ! command -v rustup &>/dev/null; then^[[0m
verify / linux	UNKNOWN STEP	2026-09-27T07:26:52.6033786Z ^[[36;1m  curl --proto '=https' --tlsv1.2 --retry 10 --retry-connrefused --location --silent --show-error --fail https://sh.rustup.rs | sh -s -- --default-toolchain none -y^[[0m
verify / linux	UNKNOWN STEP	2026-09-27T07:26:52.6034514Z ^[[36;1m  echo "$CARGO_HOME/bin" >> $GITHUB_PATH^[[0m
verify / linux	UNKNOWN STEP	2026-09-27T07:26:52.6034823Z ^[[36;1mfi^[[0m
verify / linux	UNKNOWN STEP	2026-09-27T07:26:52.6100028Z shell: /usr/bin/bash --noprofile --norc -e -o pipefail {0}
verify / linux	UNKNOWN STEP	2026-09-27T07:26:52.6100400Z env:
verify / linux	UNKNOWN STEP	2026-09-27T07:26:52.6100617Z   CARGO_TERM_COLOR: always
verify / linux	UNKNOWN STEP	2026-09-27T07:26:52.6100982Z   KOTORI_TEST_ARTIFACTS: /home/runner/work/Kotori/Kotori/test-artifacts
verify / linux	UNKNOWN STEP	2026-09-27T07:26:52.6101382Z   CARGO_HOME: /home/runner/.cargo
verify / linux	UNKNOWN STEP	2026-09-27T07:26:52.6101641Z ##[endgroup]
verify / linux	UNKNOWN STEP	2026-09-27T07:26:52.6194987Z ##[end-action id=__dtolnay_rust-toolchain.__run_2;outcome=success;conclusion=success;duration_ms=18]
verify / linux	UNKNOWN STEP	2026-09-27T07:26:52.6197593Z ##[start-action display=Install rustup if needed on windows;id=__dtolnay_rust-toolchain.__run_3]
verify / linux	UNKNOWN STEP	2026-09-27T07:26:52.6204230Z ##[end-action id=__dtolnay_rust-toolchain.__run_3;outcome=skipped;conclusion=skipped;duration_ms=0]
verify / linux	UNKNOWN STEP	2026-09-27T07:26:52.6214335Z ##[start-action display=rustup toolchain install stable;id=__dtolnay_rust-toolchain.__run_4]
verify / linux	UNKNOWN STEP	2026-09-27T07:26:52.6231857Z ##[group]Run rustup toolchain install stable --component rustfmt --component clippy --profile minimal --no-self-update
verify / linux	UNKNOWN STEP	2026-09-27T07:26:52.6232660Z ^[[36;1mrustup toolchain install stable --component rustfmt --component clippy --profile minimal --no-self-update^[[0m
verify / linux	UNKNOWN STEP	2026-09-27T07:26:52.6297821Z shell: /usr/bin/bash --noprofile --norc -e -o pipefail {0}
verify / linux	UNKNOWN STEP	2026-09-27T07:26:52.6298178Z env:
verify / linux	UNKNOWN STEP	2026-09-27T07:26:52.6298388Z   CARGO_TERM_COLOR: always
verify / linux	UNKNOWN STEP	2026-09-27T07:26:52.6298734Z   KOTORI_TEST_ARTIFACTS: /home/runner/work/Kotori/Kotori/test-artifacts
verify / linux	UNKNOWN STEP	2026-09-27T07:26:52.6299117Z   CARGO_HOME: /home/runner/.cargo
verify / linux	UNKNOWN STEP	2026-09-27T07:26:52.6299394Z   RUSTUP_PERMIT_COPY_RENAME: 1
verify / linux	UNKNOWN STEP	2026-09-27T07:26:52.6299641Z ##[endgroup]
verify / linux	UNKNOWN STEP	2026-09-27T07:26:52.7642885Z info: syncing channel updates for stable-x86_64-unknown-linux-gnu
verify / linux	UNKNOWN STEP	2026-09-27T07:26:52.8694193Z info: latest update on 2026-09-03 for version 1.98.1 (48a229cea 2026-09-01)
verify / linux	UNKNOWN STEP	2026-09-27T07:26:52.8836656Z info: component clippy is up to date
verify / linux	UNKNOWN STEP	2026-09-27T07:26:52.8838096Z info: component rustfmt is up to date
verify / linux	UNKNOWN STEP	2026-09-27T07:26:52.8849898Z 
verify / linux	UNKNOWN STEP	2026-09-27T07:26:52.8963838Z   stable-x86_64-unknown-linux-gnu unchanged - rustc 1.98.1 (48a229cea 2026-09-01)
verify / linux	UNKNOWN STEP	2026-09-27T07:26:52.8964429Z 
verify / linux	UNKNOWN STEP	2026-09-27T07:26:52.9009694Z ##[end-action id=__dtolnay_rust-toolchain.__run_4;outcome=success;conclusion=success;duration_ms=279]
verify / linux	UNKNOWN STEP	2026-09-27T07:26:52.9014117Z ##[start-action display=rustup default stable;id=__dtolnay_rust-toolchain.__run_5]
verify / linux	UNKNOWN STEP	2026-09-27T07:26:52.9031897Z ##[group]Run rustup default stable
verify / linux	UNKNOWN STEP	2026-09-27T07:26:52.9032216Z ^[[36;1mrustup default stable^[[0m
verify / linux	UNKNOWN STEP	2026-09-27T07:26:52.9102292Z shell: /usr/bin/bash --noprofile --norc -e -o pipefail {0}
verify / linux	UNKNOWN STEP	2026-09-27T07:26:52.9102649Z env:
verify / linux	UNKNOWN STEP	2026-09-27T07:26:52.9102861Z   CARGO_TERM_COLOR: always
verify / linux	UNKNOWN STEP	2026-09-27T07:26:52.9103214Z   KOTORI_TEST_ARTIFACTS: /home/runner/work/Kotori/Kotori/test-artifacts
verify / linux	UNKNOWN STEP	2026-09-27T07:26:52.9103611Z   CARGO_HOME: /home/runner/.cargo
verify / linux	UNKNOWN STEP	2026-09-27T07:26:52.9103865Z ##[endgroup]
verify / linux	UNKNOWN STEP	2026-09-27T07:26:52.9238140Z info: using existing install for stable-x86_64-unknown-linux-gnu
verify / linux	UNKNOWN STEP	2026-09-27T07:26:52.9244220Z info: default toolchain set to stable-x86_64-unknown-linux-gnu
verify / linux	UNKNOWN STEP	2026-09-27T07:26:52.9244510Z 
verify / linux	UNKNOWN STEP	2026-09-27T07:26:52.9330212Z   stable-x86_64-unknown-linux-gnu unchanged - rustc 1.98.1 (48a229cea 2026-09-01)
verify / linux	UNKNOWN STEP	2026-09-27T07:26:52.9330571Z 
verify / linux	UNKNOWN STEP	2026-09-27T07:26:52.9350218Z ##[end-action id=__dtolnay_rust-toolchain.__run_5;outcome=success;conclusion=success;duration_ms=33]
verify / linux	UNKNOWN STEP	2026-09-27T07:26:52.9352800Z ##[start-action display=Create cachekey;id=__dtolnay_rust-toolchain.rustc-version]
verify / linux	UNKNOWN STEP	2026-09-27T07:26:52.9370960Z ##[group]Run DATE=$(rustc +stable --version --verbose | sed -ne 's/^commit-date: \(20[0-9][0-9]\)-\([01][0-9]\)-\([0-3][0-9]\)$/\1\2\3/p')
verify / linux	UNKNOWN STEP	2026-09-27T07:26:52.9371773Z ^[[36;1mDATE=$(rustc +stable --version --verbose | sed -ne 's/^commit-date: \(20[0-9][0-9]\)-\([01][0-9]\)-\([0-3][0-9]\)$/\1\2\3/p')^[[0m
verify / linux	UNKNOWN STEP	2026-09-27T07:26:52.9372435Z ^[[36;1mHASH=$(rustc +stable --version --verbose | sed -ne 's/^commit-hash: //p')^[[0m
verify / linux	UNKNOWN STEP	2026-09-27T07:26:52.9372960Z ^[[36;1mecho "cachekey=$(echo $DATE$HASH | head -c12)" >> $GITHUB_OUTPUT^[[0m
verify / linux	UNKNOWN STEP	2026-09-27T07:26:52.9442706Z shell: /usr/bin/bash --noprofile --norc -e -o pipefail {0}
verify / linux	UNKNOWN STEP	2026-09-27T07:26:52.9443060Z env:
verify / linux	UNKNOWN STEP	2026-09-27T07:26:52.9443265Z   CARGO_TERM_COLOR: always
verify / linux	UNKNOWN STEP	2026-09-27T07:26:52.9443610Z   KOTORI_TEST_ARTIFACTS: /home/runner/work/Kotori/Kotori/test-artifacts
verify / linux	UNKNOWN STEP	2026-09-27T07:26:52.9443990Z   CARGO_HOME: /home/runner/.cargo
verify / linux	UNKNOWN STEP	2026-09-27T07:26:52.9444247Z ##[endgroup]
verify / linux	UNKNOWN STEP	2026-09-27T07:26:52.9852125Z ##[end-action id=__dtolnay_rust-toolchain.rustc-version;outcome=success;conclusion=success;duration_ms=49]
verify / linux	UNKNOWN STEP	2026-09-27T07:26:52.9854773Z ##[start-action display=Disable incremental compilation;id=__dtolnay_rust-toolchain.__run_6]
verify / linux	UNKNOWN STEP	2026-09-27T07:26:52.9873088Z ##[group]Run if [ -z "${CARGO_INCREMENTAL+set}" ]; then
verify / linux	UNKNOWN STEP	2026-09-27T07:26:52.9873487Z ^[[36;1mif [ -z "${CARGO_INCREMENTAL+set}" ]; then^[[0m
verify / linux	UNKNOWN STEP	2026-09-27T07:26:52.9873829Z ^[[36;1m  echo CARGO_INCREMENTAL=0 >> $GITHUB_ENV^[[0m
verify / linux	UNKNOWN STEP	2026-09-27T07:26:52.9874160Z ^[[36;1mfi^[[0m
verify / linux	UNKNOWN STEP	2026-09-27T07:26:52.9943591Z shell: /usr/bin/bash --noprofile --norc -e -o pipefail {0}
verify / linux	UNKNOWN STEP	2026-09-27T07:26:52.9943951Z env:
verify / linux	UNKNOWN STEP	2026-09-27T07:26:52.9944166Z   CARGO_TERM_COLOR: always
verify / linux	UNKNOWN STEP	2026-09-27T07:26:52.9944532Z   KOTORI_TEST_ARTIFACTS: /home/runner/work/Kotori/Kotori/test-artifacts
verify / linux	UNKNOWN STEP	2026-09-27T07:26:52.9944939Z   CARGO_HOME: /home/runner/.cargo
verify / linux	UNKNOWN STEP	2026-09-27T07:26:52.9945201Z ##[endgroup]
verify / linux	UNKNOWN STEP	2026-09-27T07:26:53.0039152Z ##[end-action id=__dtolnay_rust-toolchain.__run_6;outcome=success;conclusion=success;duration_ms=18]
verify / linux	UNKNOWN STEP	2026-09-27T07:26:53.0041324Z ##[start-action display=Enable colors in Cargo output;id=__dtolnay_rust-toolchain.__run_7]
verify / linux	UNKNOWN STEP	2026-09-27T07:26:53.0056630Z ##[group]Run if [ -z "${CARGO_TERM_COLOR+set}" ]; then
verify / linux	UNKNOWN STEP	2026-09-27T07:26:53.0057257Z ^[[36;1mif [ -z "${CARGO_TERM_COLOR+set}" ]; then^[[0m
verify / linux	UNKNOWN STEP	2026-09-27T07:26:53.0057600Z ^[[36;1m  echo CARGO_TERM_COLOR=always >> $GITHUB_ENV^[[0m
verify / linux	UNKNOWN STEP	2026-09-27T07:26:53.0057895Z ^[[36;1mfi^[[0m
verify / linux	UNKNOWN STEP	2026-09-27T07:26:53.0121290Z shell: /usr/bin/bash --noprofile --norc -e -o pipefail {0}
verify / linux	UNKNOWN STEP	2026-09-27T07:26:53.0121840Z env:
verify / linux	UNKNOWN STEP	2026-09-27T07:26:53.0122047Z   CARGO_TERM_COLOR: always
verify / linux	UNKNOWN STEP	2026-09-27T07:26:53.0122398Z   KOTORI_TEST_ARTIFACTS: /home/runner/work/Kotori/Kotori/test-artifacts
verify / linux	UNKNOWN STEP	2026-09-27T07:26:53.0122788Z   CARGO_HOME: /home/runner/.cargo
verify / linux	UNKNOWN STEP	2026-09-27T07:26:53.0123043Z   CARGO_INCREMENTAL: 0
verify / linux	UNKNOWN STEP	2026-09-27T07:26:53.0123269Z ##[endgroup]
verify / linux	UNKNOWN STEP	2026-09-27T07:26:53.0212322Z ##[end-action id=__dtolnay_rust-toolchain.__run_7;outcome=success;conclusion=success;duration_ms=17]
verify / linux	UNKNOWN STEP	2026-09-27T07:26:53.0214418Z ##[start-action display=Enable Cargo sparse registry;id=__dtolnay_rust-toolchain.__run_8]
verify / linux	UNKNOWN STEP	2026-09-27T07:26:53.0231438Z ##[group]Run # implemented in 1.66, stabilized in 1.68, made default in 1.70
verify / linux	UNKNOWN STEP	2026-09-27T07:26:53.0232024Z ^[[36;1m# implemented in 1.66, stabilized in 1.68, made default in 1.70^[[0m
verify / linux	UNKNOWN STEP	2026-09-27T07:26:53.0232739Z ^[[36;1mif [ -z "${CARGO_REGISTRIES_CRATES_IO_PROTOCOL+set}" -o -f "/home/runner/work/_temp"/.implicit_cargo_registries_crates_io_protocol ]; then^[[0m
verify / linux	UNKNOWN STEP	2026-09-27T07:26:53.0233645Z ^[[36;1m  if rustc +stable --version --verbose | grep -q '^release: 1\.6[89]\.'; then^[[0m
verify / linux	UNKNOWN STEP	2026-09-27T07:26:53.0234221Z ^[[36;1m    touch "/home/runner/work/_temp"/.implicit_cargo_registries_crates_io_protocol || true^[[0m
verify / linux	UNKNOWN STEP	2026-09-27T07:26:53.0234763Z ^[[36;1m    echo CARGO_REGISTRIES_CRATES_IO_PROTOCOL=sparse >> $GITHUB_ENV^[[0m
verify / linux	UNKNOWN STEP	2026-09-27T07:26:53.0235249Z ^[[36;1m  elif rustc +stable --version --verbose | grep -q '^release: 1\.6[67]\.'; then^[[0m
verify / linux	UNKNOWN STEP	2026-09-27T07:26:53.0235815Z ^[[36;1m    touch "/home/runner/work/_temp"/.implicit_cargo_registries_crates_io_protocol || true^[[0m
verify / linux	UNKNOWN STEP	2026-09-27T07:26:53.0236323Z ^[[36;1m    echo CARGO_REGISTRIES_CRATES_IO_PROTOCOL=git >> $GITHUB_ENV^[[0m
verify / linux	UNKNOWN STEP	2026-09-27T07:26:53.0236855Z ^[[36;1m  fi^[[0m
verify / linux	UNKNOWN STEP	2026-09-27T07:26:53.0237095Z ^[[36;1mfi^[[0m
verify / linux	UNKNOWN STEP	2026-09-27T07:26:53.0299151Z shell: /usr/bin/bash --noprofile --norc -e -o pipefail {0}
verify / linux	UNKNOWN STEP	2026-09-27T07:26:53.0299501Z env:
verify / linux	UNKNOWN STEP	2026-09-27T07:26:53.0299708Z   CARGO_TERM_COLOR: always
verify / linux	UNKNOWN STEP	2026-09-27T07:26:53.0300061Z   KOTORI_TEST_ARTIFACTS: /home/runner/work/Kotori/Kotori/test-artifacts
verify / linux	UNKNOWN STEP	2026-09-27T07:26:53.0300460Z   CARGO_HOME: /home/runner/.cargo
verify / linux	UNKNOWN STEP	2026-09-27T07:26:53.0300718Z   CARGO_INCREMENTAL: 0
verify / linux	UNKNOWN STEP	2026-09-27T07:26:53.0300937Z ##[endgroup]
verify / linux	UNKNOWN STEP	2026-09-27T07:26:53.0664784Z ##[end-action id=__dtolnay_rust-toolchain.__run_8;outcome=success;conclusion=success;duration_ms=44]
verify / linux	UNKNOWN STEP	2026-09-27T07:26:53.0667819Z ##[start-action display=Work around spurious network errors in curl 8.0;id=__dtolnay_rust-toolchain.__run_9]
verify / linux	UNKNOWN STEP	2026-09-27T07:26:53.0686069Z ##[group]Run # https://rust-lang.zulipchat.com/#narrow/stream/246057-t-cargo/topic/timeout.20investigation
verify / linux	UNKNOWN STEP	2026-09-27T07:26:53.0687088Z ^[[36;1m# https://rust-lang.zulipchat.com/#narrow/stream/246057-t-cargo/topic/timeout.20investigation^[[0m
verify / linux	UNKNOWN STEP	2026-09-27T07:26:53.0687744Z ^[[36;1mif rustc +stable --version --verbose | grep -q '^release: 1\.7[01]\.'; then^[[0m
verify / linux	UNKNOWN STEP	2026-09-27T07:26:53.0688217Z ^[[36;1m  echo CARGO_HTTP_MULTIPLEXING=false >> $GITHUB_ENV^[[0m
verify / linux	UNKNOWN STEP	2026-09-27T07:26:53.0688537Z ^[[36;1mfi^[[0m
verify / linux	UNKNOWN STEP	2026-09-27T07:26:53.0758256Z shell: /usr/bin/bash --noprofile --norc -e -o pipefail {0}
verify / linux	UNKNOWN STEP	2026-09-27T07:26:53.0758622Z env:
verify / linux	UNKNOWN STEP	2026-09-27T07:26:53.0758828Z   CARGO_TERM_COLOR: always
verify / linux	UNKNOWN STEP	2026-09-27T07:26:53.0759214Z   KOTORI_TEST_ARTIFACTS: /home/runner/work/Kotori/Kotori/test-artifacts
verify / linux	UNKNOWN STEP	2026-09-27T07:26:53.0759625Z   CARGO_HOME: /home/runner/.cargo
verify / linux	UNKNOWN STEP	2026-09-27T07:26:53.0759892Z   CARGO_INCREMENTAL: 0
verify / linux	UNKNOWN STEP	2026-09-27T07:26:53.0760121Z ##[endgroup]
verify / linux	UNKNOWN STEP	2026-09-27T07:26:53.0993999Z ##[end-action id=__dtolnay_rust-toolchain.__run_9;outcome=success;conclusion=success;duration_ms=32]
verify / linux	UNKNOWN STEP	2026-09-27T07:26:53.1014094Z ##[start-action display=rustc +stable --version --verbose;id=__dtolnay_rust-toolchain.__run_10]
verify / linux	UNKNOWN STEP	2026-09-27T07:26:53.1039228Z ##[group]Run rustc +stable --version --verbose
verify / linux	UNKNOWN STEP	2026-09-27T07:26:53.1039732Z ^[[36;1mrustc +stable --version --verbose^[[0m
verify / linux	UNKNOWN STEP	2026-09-27T07:26:53.1133567Z shell: /usr/bin/bash --noprofile --norc -e -o pipefail {0}
verify / linux	UNKNOWN STEP	2026-09-27T07:26:53.1133942Z env:
verify / linux	UNKNOWN STEP	2026-09-27T07:26:53.1134164Z   CARGO_TERM_COLOR: always
verify / linux	UNKNOWN STEP	2026-09-27T07:26:53.1134539Z   KOTORI_TEST_ARTIFACTS: /home/runner/work/Kotori/Kotori/test-artifacts
verify / linux	UNKNOWN STEP	2026-09-27T07:26:53.1135135Z   CARGO_HOME: /home/runner/.cargo
verify / linux	UNKNOWN STEP	2026-09-27T07:26:53.1135407Z   CARGO_INCREMENTAL: 0
verify / linux	UNKNOWN STEP	2026-09-27T07:26:53.1135630Z ##[endgroup]
verify / linux	UNKNOWN STEP	2026-09-27T07:26:53.1350115Z rustc 1.98.1 (48a229cea 2026-09-01)
verify / linux	UNKNOWN STEP	2026-09-27T07:26:53.1350970Z binary: rustc
verify / linux	UNKNOWN STEP	2026-09-27T07:26:53.1351636Z commit-hash: 48a229ceaefd4985c50990b14116b6d856af0985
verify / linux	UNKNOWN STEP	2026-09-27T07:26:53.1352315Z commit-date: 2026-09-01
verify / linux	UNKNOWN STEP	2026-09-27T07:26:53.1352865Z host: x86_64-unknown-linux-gnu
verify / linux	UNKNOWN STEP	2026-09-27T07:26:53.1353436Z release: 1.98.1
verify / linux	UNKNOWN STEP	2026-09-27T07:26:53.1353975Z LLVM version: 22.1.8
verify / linux	UNKNOWN STEP	2026-09-27T07:26:53.1372788Z ##[end-action id=__dtolnay_rust-toolchain.__run_10;outcome=success;conclusion=success;duration_ms=35]
verify / linux	UNKNOWN STEP	2026-09-27T07:26:53.1481537Z ##[group]Run Swatinem/rust-cache@v2
verify / linux	UNKNOWN STEP	2026-09-27T07:26:53.1481821Z with:
verify / linux	UNKNOWN STEP	2026-09-27T07:26:53.1482034Z   prefix-key: v0-rust
verify / linux	UNKNOWN STEP	2026-09-27T07:26:53.1482267Z   add-job-id-key: true
verify / linux	UNKNOWN STEP	2026-09-27T07:26:53.1482518Z   add-rust-environment-hash-key: true
verify / linux	UNKNOWN STEP	2026-09-27T07:26:53.1482811Z   cache-targets: true
verify / linux	UNKNOWN STEP	2026-09-27T07:26:53.1483040Z   cache-all-crates: false
verify / linux	UNKNOWN STEP	2026-09-27T07:26:53.1483286Z   cache-workspace-crates: false
verify / linux	UNKNOWN STEP	2026-09-27T07:26:53.1483533Z   save-if: true
verify / linux	UNKNOWN STEP	2026-09-27T07:26:53.1483747Z   cache-provider: github
verify / linux	UNKNOWN STEP	2026-09-27T07:26:53.1483977Z   cache-bin: true
verify / linux	UNKNOWN STEP	2026-09-27T07:26:53.1484191Z   lookup-only: false
verify / linux	UNKNOWN STEP	2026-09-27T07:26:53.1484404Z   cmd-format: {0}
verify / linux	UNKNOWN STEP	2026-09-27T07:26:53.1484615Z env:
verify / linux	UNKNOWN STEP	2026-09-27T07:26:53.1484814Z   CARGO_TERM_COLOR: always
verify / linux	UNKNOWN STEP	2026-09-27T07:26:53.1485160Z   KOTORI_TEST_ARTIFACTS: /home/runner/work/Kotori/Kotori/test-artifacts
verify / linux	UNKNOWN STEP	2026-09-27T07:26:53.1485550Z   CARGO_HOME: /home/runner/.cargo
verify / linux	UNKNOWN STEP	2026-09-27T07:26:53.1485807Z   CARGO_INCREMENTAL: 0
verify / linux	UNKNOWN STEP	2026-09-27T07:26:53.1486054Z ##[endgroup]
verify / linux	UNKNOWN STEP	2026-09-27T07:26:53.4766539Z ##[group]Cache Configuration
verify / linux	UNKNOWN STEP	2026-09-27T07:26:53.4767250Z Cache Provider:
verify / linux	UNKNOWN STEP	2026-09-27T07:26:53.4767569Z     github
verify / linux	UNKNOWN STEP	2026-09-27T07:26:53.4767867Z Workspaces:
verify / linux	UNKNOWN STEP	2026-09-27T07:26:53.4768229Z     /home/runner/work/Kotori/Kotori
verify / linux	UNKNOWN STEP	2026-09-27T07:26:53.4768675Z Cache Paths:
verify / linux	UNKNOWN STEP	2026-09-27T07:26:53.4768989Z     /home/runner/.cargo/bin
verify / linux	UNKNOWN STEP	2026-09-27T07:26:53.4769386Z     /home/runner/.cargo/.crates.toml
verify / linux	UNKNOWN STEP	2026-09-27T07:26:53.4769861Z     /home/runner/.cargo/.crates2.json
verify / linux	UNKNOWN STEP	2026-09-27T07:26:53.4770293Z     /home/runner/.cargo/registry
verify / linux	UNKNOWN STEP	2026-09-27T07:26:53.4770688Z     /home/runner/.cargo/git
verify / linux	UNKNOWN STEP	2026-09-27T07:26:53.4771098Z     /home/runner/work/Kotori/Kotori/target
verify / linux	UNKNOWN STEP	2026-09-27T07:26:53.4771526Z Restore Key:
verify / linux	UNKNOWN STEP	2026-09-27T07:26:53.4771867Z     v0-rust-linux-Linux-x64-6ff13d87
verify / linux	UNKNOWN STEP	2026-09-27T07:26:53.4772240Z Cache Key:
verify / linux	UNKNOWN STEP	2026-09-27T07:26:53.4772593Z     v0-rust-linux-Linux-x64-6ff13d87-fbcba0e4
verify / linux	UNKNOWN STEP	2026-09-27T07:26:53.4773046Z .. Prefix:
verify / linux	UNKNOWN STEP	2026-09-27T07:26:53.4773397Z   - v0-rust-linux-Linux-x64
verify / linux	UNKNOWN STEP	2026-09-27T07:26:53.4773800Z .. Environment considered:
verify / linux	UNKNOWN STEP	2026-09-27T07:26:53.4774179Z   - Rust Versions:
verify / linux	UNKNOWN STEP	2026-09-27T07:26:53.4774656Z     - 1.98.1 x86_64-unknown-linux-gnu 48a229ceaefd4985c50990b14116b6d856af0985
verify / linux	UNKNOWN STEP	2026-09-27T07:26:53.4775235Z   - CARGO_HOME
verify / linux	UNKNOWN STEP	2026-09-27T07:26:53.4775550Z   - CARGO_INCREMENTAL
verify / linux	UNKNOWN STEP	2026-09-27T07:26:53.4775898Z   - CARGO_TERM_COLOR
verify / linux	UNKNOWN STEP	2026-09-27T07:26:53.4776243Z .. Lockfiles considered:
verify / linux	UNKNOWN STEP	2026-09-27T07:26:53.4776683Z   - /home/runner/work/Kotori/Kotori/.cargo/config.toml
verify / linux	UNKNOWN STEP	2026-09-27T07:26:53.4777432Z   - /home/runner/work/Kotori/Kotori/Cargo.lock
verify / linux	UNKNOWN STEP	2026-09-27T07:26:53.4777923Z   - /home/runner/work/Kotori/Kotori/Cargo.toml
verify / linux	UNKNOWN STEP	2026-09-27T07:26:53.4778617Z ##[endgroup]
verify / linux	UNKNOWN STEP	2026-09-27T07:26:53.4778797Z 
verify / linux	UNKNOWN STEP	2026-09-27T07:26:53.4778942Z ... Restoring cache ...
verify / linux	UNKNOWN STEP	2026-09-27T07:26:53.5795939Z Cache hit for: v0-rust-linux-Linux-x64-6ff13d87-fbcba0e4
verify / linux	UNKNOWN STEP	2026-09-27T07:26:54.6850319Z Received 150994944 of 1327599312 (11.4%), 143.7 MBs/sec
verify / linux	UNKNOWN STEP	2026-09-27T07:26:55.6869079Z Received 356515840 of 1327599312 (26.9%), 169.7 MBs/sec
verify / linux	UNKNOWN STEP	2026-09-27T07:26:56.6917985Z Received 599785472 of 1327599312 (45.2%), 190.4 MBs/sec
verify / linux	UNKNOWN STEP	2026-09-27T07:26:57.6873181Z Received 834666496 of 1327599312 (62.9%), 198.8 MBs/sec
verify / linux	UNKNOWN STEP	2026-09-27T07:26:58.6878323Z Received 1103101952 of 1327599312 (83.1%), 210.2 MBs/sec
verify / linux	UNKNOWN STEP	2026-09-27T07:26:59.5023853Z Received 1327599312 of 1327599312 (100.0%), 217.5 MBs/sec
verify / linux	UNKNOWN STEP	2026-09-27T07:26:59.5025366Z Cache Size: ~1266 MB (1327599312 B)
verify / linux	UNKNOWN STEP	2026-09-27T07:26:59.5136918Z [command]/usr/bin/tar -xf /home/runner/work/_temp/f7af66c7-13fd-43b0-9e93-bd51aca7ccc1/cache.tzst -P -C /home/runner/work/Kotori/Kotori --use-compress-program unzstd
verify / linux	UNKNOWN STEP	2026-09-27T07:27:10.4515264Z Cache restored successfully
verify / linux	UNKNOWN STEP	2026-09-27T07:27:11.0826171Z Restored from cache key "v0-rust-linux-Linux-x64-6ff13d87-fbcba0e4" full match: true.
verify / linux	UNKNOWN STEP	2026-09-27T07:27:11.0988266Z ##[group]Run cargo fmt --all --check
verify / linux	UNKNOWN STEP	2026-09-27T07:27:11.0988615Z ^[[36;1mcargo fmt --all --check^[[0m
verify / linux	UNKNOWN STEP	2026-09-27T07:27:11.1056612Z shell: /usr/bin/bash -e {0}
verify / linux	UNKNOWN STEP	2026-09-27T07:27:11.1057048Z env:
verify / linux	UNKNOWN STEP	2026-09-27T07:27:11.1057267Z   CARGO_TERM_COLOR: always
verify / linux	UNKNOWN STEP	2026-09-27T07:27:11.1057632Z   KOTORI_TEST_ARTIFACTS: /home/runner/work/Kotori/Kotori/test-artifacts
verify / linux	UNKNOWN STEP	2026-09-27T07:27:11.1058024Z   CARGO_HOME: /home/runner/.cargo
verify / linux	UNKNOWN STEP	2026-09-27T07:27:11.1058283Z   CARGO_INCREMENTAL: 0
verify / linux	UNKNOWN STEP	2026-09-27T07:27:11.1058529Z   CACHE_ON_FAILURE: false
verify / linux	UNKNOWN STEP	2026-09-27T07:27:11.1058787Z ##[endgroup]
verify / linux	UNKNOWN STEP	2026-09-27T07:27:13.2775688Z ##[group]Run bash scripts/check-file-size.sh
verify / linux	UNKNOWN STEP	2026-09-27T07:27:13.2776208Z ^[[36;1mbash scripts/check-file-size.sh^[[0m
verify / linux	UNKNOWN STEP	2026-09-27T07:27:13.2850983Z shell: /usr/bin/bash -e {0}
verify / linux	UNKNOWN STEP	2026-09-27T07:27:13.2851261Z env:
verify / linux	UNKNOWN STEP	2026-09-27T07:27:13.2851483Z   CARGO_TERM_COLOR: always
verify / linux	UNKNOWN STEP	2026-09-27T07:27:13.2851859Z   KOTORI_TEST_ARTIFACTS: /home/runner/work/Kotori/Kotori/test-artifacts
verify / linux	UNKNOWN STEP	2026-09-27T07:27:13.2852258Z   CARGO_HOME: /home/runner/.cargo
verify / linux	UNKNOWN STEP	2026-09-27T07:27:13.2852523Z   CARGO_INCREMENTAL: 0
verify / linux	UNKNOWN STEP	2026-09-27T07:27:13.2852762Z   CACHE_ON_FAILURE: false
verify / linux	UNKNOWN STEP	2026-09-27T07:27:13.2852994Z ##[endgroup]
verify / linux	UNKNOWN STEP	2026-09-27T07:27:13.7883367Z 超过硬线 600 行的源文件：0 个（基线 0 个）；另有 0 个落在软线 500 行之上
verify / linux	UNKNOWN STEP	2026-09-27T07:27:13.7883840Z （一个都没有，硬线守住了）
verify / linux	UNKNOWN STEP	2026-09-27T07:27:13.7916488Z ##[group]Run cargo clippy --all-targets --locked -- -D warnings
verify / linux	UNKNOWN STEP	2026-09-27T07:27:13.7917115Z ^[[36;1mcargo clippy --all-targets --locked -- -D warnings^[[0m
verify / linux	UNKNOWN STEP	2026-09-27T07:27:13.7984678Z shell: /usr/bin/bash -e {0}
verify / linux	UNKNOWN STEP	2026-09-27T07:27:13.7984973Z env:
verify / linux	UNKNOWN STEP	2026-09-27T07:27:13.7985199Z   CARGO_TERM_COLOR: always
verify / linux	UNKNOWN STEP	2026-09-27T07:27:13.7985576Z   KOTORI_TEST_ARTIFACTS: /home/runner/work/Kotori/Kotori/test-artifacts
verify / linux	UNKNOWN STEP	2026-09-27T07:27:13.7985972Z   CARGO_HOME: /home/runner/.cargo
verify / linux	UNKNOWN STEP	2026-09-27T07:27:13.7986240Z   CARGO_INCREMENTAL: 0
verify / linux	UNKNOWN STEP	2026-09-27T07:27:13.7986487Z   CACHE_ON_FAILURE: false
verify / linux	UNKNOWN STEP	2026-09-27T07:27:13.7986952Z ##[endgroup]
verify / linux	UNKNOWN STEP	2026-09-27T07:27:13.9213196Z ^[[1m^[[92m    Updating^[[0m crates.io index
verify / linux	UNKNOWN STEP	2026-09-27T07:27:17.3217662Z ^[[1m^[[92m   Compiling^[[0m kotori v0.1.0 (/home/runner/work/Kotori/Kotori)
verify / linux	UNKNOWN STEP	2026-09-27T07:27:50.4353231Z ^[[1m^[[92m    Finished^[[0m `dev` profile [optimized + debuginfo] target(s) in 36.59s
verify / linux	UNKNOWN STEP	2026-09-27T07:27:50.4882423Z ##[group]Run scripts/test.sh
verify / linux	UNKNOWN STEP	2026-09-27T07:27:50.4882737Z ^[[36;1mscripts/test.sh^[[0m
verify / linux	UNKNOWN STEP	2026-09-27T07:27:50.4950795Z shell: /usr/bin/bash -e {0}
verify / linux	UNKNOWN STEP	2026-09-27T07:27:50.4951071Z env:
verify / linux	UNKNOWN STEP	2026-09-27T07:27:50.4951289Z   CARGO_TERM_COLOR: always
verify / linux	UNKNOWN STEP	2026-09-27T07:27:50.4951665Z   KOTORI_TEST_ARTIFACTS: /home/runner/work/Kotori/Kotori/test-artifacts
verify / linux	UNKNOWN STEP	2026-09-27T07:27:50.4952091Z   CARGO_HOME: /home/runner/.cargo
verify / linux	UNKNOWN STEP	2026-09-27T07:27:50.4952426Z   CARGO_INCREMENTAL: 0
verify / linux	UNKNOWN STEP	2026-09-27T07:27:50.4952929Z   CACHE_ON_FAILURE: false
verify / linux	UNKNOWN STEP	2026-09-27T07:27:50.4953294Z ##[endgroup]
verify / linux	UNKNOWN STEP	2026-09-27T07:27:50.9143259Z ^[[1m^[[92m   Compiling^[[0m kotori v0.1.0 (/home/runner/work/Kotori/Kotori)
verify / linux	UNKNOWN STEP	2026-09-27T07:32:06.7420676Z ^[[1m^[[92m    Finished^[[0m `test` profile [optimized + debuginfo] target(s) in 4m 16s
verify / linux	UNKNOWN STEP	2026-09-27T07:32:06.7743339Z ^[[1m^[[92m     Running^[[0m unittests src/main.rs (target/debug/deps/kotori-7f624b4dfe063160)
verify / linux	UNKNOWN STEP	2026-09-27T07:32:06.7799253Z 
verify / linux	UNKNOWN STEP	2026-09-27T07:32:06.7799712Z running 535 tests
verify / linux	UNKNOWN STEP	2026-09-27T07:32:06.7810890Z test config::lock::tests::the_lock_lives_beside_the_config ... ok
verify / linux	UNKNOWN STEP	2026-09-27T07:32:06.7811763Z test config::lock::tests::a_second_writer_is_locked_out_until_the_first_one_finishes ... ok
verify / linux	UNKNOWN STEP	2026-09-27T07:32:06.7812666Z test config::paths::tests::a_config_next_to_the_binary_wins_over_the_default ... ok
verify / linux	UNKNOWN STEP	2026-09-27T07:32:06.7813550Z test config::paths::tests::a_portable_config_keeps_its_data_next_to_itself ... ok
verify / linux	UNKNOWN STEP	2026-09-27T07:32:06.7815301Z test config::paths::tests::a_malformed_config_is_backed_up_by_load_at ... ok
verify / linux	UNKNOWN STEP	2026-09-27T07:32:06.7821136Z test config::paths::tests::an_unreadable_config_is_an_error_not_a_fresh_start ... ok
verify / linux	UNKNOWN STEP	2026-09-27T07:32:06.7823965Z test config::paths::tests::no_exe_information_falls_back_to_the_default ... ok
verify / linux	UNKNOWN STEP	2026-09-27T07:32:06.7825347Z test config::paths::tests::portable_means_the_config_sits_next_to_the_binary ... ok
verify / linux	UNKNOWN STEP	2026-09-27T07:32:06.7826469Z test config::profile::tests::a_hand_written_separator_is_rejected ... ok
verify / linux	UNKNOWN STEP	2026-09-27T07:32:06.7827824Z test config::paths::tests::without_a_beside_binary_config_the_default_directory_is_used ... ok
verify / linux	UNKNOWN STEP	2026-09-27T07:32:06.7828371Z test config::profile::tests::algorithm_labels_round_trip ... ok
verify / linux	UNKNOWN STEP	2026-09-27T07:32:06.7829042Z test config::profile::tests::an_empty_game_resolution_leaves_the_size_to_gamescope ... ok
verify / linux	UNKNOWN STEP	2026-09-27T07:32:06.7830013Z test config::profile::tests::an_empty_profile_gets_the_screen_and_a_filled_one_overrides_it ... ok
verify / linux	UNKNOWN STEP	2026-09-27T07:32:06.7834548Z test config::profile::tests::free_form_is_about_the_arguments_being_there ... ok
verify / linux	UNKNOWN STEP	2026-09-27T07:32:06.7835108Z test config::profile::tests::normalize_clamps_sharpness_only ... ok
verify / linux	UNKNOWN STEP	2026-09-27T07:32:06.7835838Z test config::profile::tests::profile_validation_rejects_impossible_values ... ok
verify / linux	UNKNOWN STEP	2026-09-27T07:32:06.7836435Z test config::profile::tests::sharpness_is_clamped_and_rebuilt ... ok
verify / linux	UNKNOWN STEP	2026-09-27T07:32:06.7837632Z test config::profile::tests::profile_validation_bounds_the_scaling_ratio ... ok
verify / linux	UNKNOWN STEP	2026-09-27T07:32:06.7838512Z test config::sync::tests::a_sync_config_without_an_engine_key_gets_the_current_default ... ok
verify / linux	UNKNOWN STEP	2026-09-27T07:32:06.7839638Z test config::sync::tests::a_sync_config_that_still_carries_encryption_still_loads ... ok
verify / linux	UNKNOWN STEP	2026-09-27T07:32:06.7840595Z test config::sync::tests::a_sync_config_without_binary_paths_finds_the_programs_itself ... ok
verify / linux	UNKNOWN STEP	2026-09-27T07:32:06.7841269Z test config::sync::tests::the_engine_survives_a_round_trip ... ok
verify / linux	UNKNOWN STEP	2026-09-27T07:32:06.7841815Z test config::tests::a_config_that_still_carries_follow_window_still_loads ... ok
verify / linux	UNKNOWN STEP	2026-09-27T07:32:06.7842591Z test config::paths::tests::a_leftover_temp_file_does_not_disturb_the_config ... ok
verify / linux	UNKNOWN STEP	2026-09-27T07:32:06.7845184Z test config::tests::a_hand_written_game_entry_needs_only_a_name_and_an_exe ... ok
verify / linux	UNKNOWN STEP	2026-09-27T07:32:06.7847439Z test config::tests::as_str_matches_what_serde_writes ... ok
verify / linux	UNKNOWN STEP	2026-09-27T07:32:06.7848170Z test config::tests::a_sync_config_that_still_carries_encryption_still_loads ... ok
verify / linux	UNKNOWN STEP	2026-09-27T07:32:06.7849063Z test config::tests::auto_watch_defaults_on_and_still_answers_to_its_old_name ... ok
verify / linux	UNKNOWN STEP	2026-09-27T07:32:06.7850164Z test config::tests::corrupt_config_is_backed_up ... ok
verify / linux	UNKNOWN STEP	2026-09-27T07:32:06.7850810Z test config::tests::legacy_lanczos_config_no_longer_parses ... ok
verify / linux	UNKNOWN STEP	2026-09-27T07:32:06.7851557Z test config::tests::one_entry_missing_its_exe_does_not_take_the_whole_file_down ... ok
verify / linux	UNKNOWN STEP	2026-09-27T07:32:06.7852313Z test config::tests::missing_file_falls_back_to_defaults ... ok
verify / linux	UNKNOWN STEP	2026-09-27T07:32:06.7852975Z test config::tests::partial_game_config_uses_serde_defaults ... ok
verify / linux	UNKNOWN STEP	2026-09-27T07:32:06.7853499Z test config::tests::config_round_trips_through_toml ... ok
verify / linux	UNKNOWN STEP	2026-09-27T07:32:06.7853977Z test config::tests::the_watched_process_name_falls_back_to_the_exe_file_name ... ok
verify / linux	UNKNOWN STEP	2026-09-27T07:32:06.7854562Z test daemon::protocol::tests::an_absent_key_leaves_its_field_alone ... ok
verify / linux	UNKNOWN STEP	2026-09-27T07:32:06.7857767Z test config::tests::the_auto_watch_default_flips_old_configs_once_and_only_once ... ok
verify / linux	UNKNOWN STEP	2026-09-27T07:32:06.7867536Z test daemon::protocol::tests::a_patch_key_the_daemon_does_not_know_is_rejected ... ok
verify / linux	UNKNOWN STEP	2026-09-27T07:32:06.7903498Z test daemon::sync_rpc::tests::resolve::resolve_can_bind_an_existing_cloud_identity ... ok
verify / linux	UNKNOWN STEP	2026-09-27T07:32:06.7911830Z test daemon::sync_rpc::tests::cloud_sync_cannot_be_switched_on_without_a_save_location ... ok
verify / linux	UNKNOWN STEP	2026-09-27T07:32:06.7926394Z test daemon::sync_rpc::tests::resolve::repeating_the_same_pair_is_idempotent ... ok
verify / linux	UNKNOWN STEP	2026-09-27T07:32:06.7944738Z test daemon::sync_rpc::tests::resolve::resolve_rejects_an_unknown_choice_without_mutating_the_binding ... ok
verify / linux	UNKNOWN STEP	2026-09-27T07:32:06.7953779Z test daemon::sync_rpc::tests::resolve::resolve_pair_without_an_identity_creates_a_new_binding_decision ... ok
verify / linux	UNKNOWN STEP	2026-09-27T07:32:06.7998006Z test daemon::sync_rpc::tests::resolve::switching_one_game_off_stops_its_automatic_sync_only ... ok
verify / linux	UNKNOWN STEP	2026-09-27T07:32:06.8029677Z test daemon::sync_rpc::tests::settings_are_validated_before_they_are_stored ... ok
verify / linux	UNKNOWN STEP	2026-09-27T07:32:06.8058336Z test daemon::sync_rpc::tests::resolve::the_pre_launch_self_check_asks_once_and_remembers_the_answer ... ok
verify / linux	UNKNOWN STEP	2026-09-27T07:32:06.8066084Z test daemon::sync_rpc::tests::status_explains_what_is_missing_instead_of_failing ... ok
verify / linux	UNKNOWN STEP	2026-09-27T07:32:06.8131314Z test daemon::sync_rpc::tests::the_machine_identity_is_created_once_and_persisted ... ok
verify / linux	UNKNOWN STEP	2026-09-27T07:32:06.8162759Z test daemon::sync_rpc::tests_credentials::a_launch_never_fails_because_sync_is_broken ... ok
verify / linux	UNKNOWN STEP	2026-09-27T07:32:06.8188169Z test daemon::sync_rpc::tests_credentials::a_launch_with_sync_off_does_not_touch_the_network ... ok
verify / linux	UNKNOWN STEP	2026-09-27T07:32:06.8228361Z test daemon::sync_rpc::tests::status_never_returns_a_secret_value ... ok
verify / linux	UNKNOWN STEP	2026-09-27T07:32:06.8229459Z test daemon::sync_rpc::tests_credentials::a_short_master_password_is_refused_with_a_reason ... ok
verify / linux	UNKNOWN STEP	2026-09-27T07:32:06.8230724Z test daemon::sync_rpc::tests_credentials::an_explicitly_given_store_is_never_replaced_behind_the_caller ... ok
verify / linux	UNKNOWN STEP	2026-09-27T07:32:06.8438928Z test daemon::sync_rpc::tests_credentials::credentials_go_into_the_keyring_and_can_be_cleared ... ok
verify / linux	UNKNOWN STEP	2026-09-27T07:32:06.8440693Z test daemon::sync_rpc::tests_credentials::every_sync_config_key_is_accepted_by_the_settings_patch ... ok
verify / linux	UNKNOWN STEP	2026-09-27T07:32:06.8468486Z test daemon::sync_rpc::tests_credentials::kopia_password_can_be_stored_and_cleared ... ok
verify / linux	UNKNOWN STEP	2026-09-27T07:32:06.8694382Z test config::paths::tests::a_reader_never_sees_a_half_written_config ... ok
verify / linux	UNKNOWN STEP	2026-09-27T07:32:06.8700256Z test daemon::sync_rpc::tests_credentials::the_store_never_changes_under_a_running_daemon ... ok
verify / linux	UNKNOWN STEP	2026-09-27T07:32:06.8727298Z test daemon::tests::a_write_rereads_the_file_so_a_cli_add_is_not_overwritten ... ok
verify / linux	UNKNOWN STEP	2026-09-27T07:32:06.8742211Z test daemon::tests::config_source::a_failed_credential_move_leaves_the_config_source_unchanged ... ok
verify / linux	UNKNOWN STEP	2026-09-27T07:32:06.8769720Z test daemon::sync_rpc::tests_credentials::the_master_file_can_be_deleted_even_while_it_is_locked ... ok
verify / linux	UNKNOWN STEP	2026-09-27T07:32:06.8782382Z test daemon::tests::config_source::switching_the_config_source_moves_it_and_makes_the_portable_one_step_aside ... ok
verify / linux	UNKNOWN STEP	2026-09-27T07:32:06.8792672Z test daemon::tests::config_source::switching_to_the_source_already_in_use_changes_nothing ... ok
verify / linux	UNKNOWN STEP	2026-09-27T07:32:06.8794418Z test daemon::tests::every_game_config_key_is_either_patchable_or_a_known_exception ... ok
verify / linux	UNKNOWN STEP	2026-09-27T07:32:06.8805838Z test daemon::tests::game_list_exposes_the_full_scale_profile ... ok
verify / linux	UNKNOWN STEP	2026-09-27T07:32:06.8824848Z test daemon::tests::config_source::switching_the_config_source_takes_the_credentials_along ... ok
verify / linux	UNKNOWN STEP	2026-09-27T07:32:06.8826259Z test daemon::tests::games_are_sorted_by_name ... ok
verify / linux	UNKNOWN STEP	2026-09-27T07:32:06.8828287Z test daemon::tests::games_with_the_same_name_still_have_one_order ... ok
verify / linux	UNKNOWN STEP	2026-09-27T07:32:06.8829246Z test daemon::tests::malformed_json_is_a_parse_error ... ok
verify / linux	UNKNOWN STEP	2026-09-27T07:32:06.8830038Z test daemon::tests::missing_params_are_invalid_params ... ok
verify / linux	UNKNOWN STEP	2026-09-27T07:32:06.8844221Z test daemon::tests::mounts::a_path_that_is_not_here_is_still_refused_without_a_reference ... ok
verify / linux	UNKNOWN STEP	2026-09-27T07:32:06.8860043Z test daemon::tests::mounts::a_null_reference_turns_it_off_and_is_not_filled_back_in ... ok
verify / linux	UNKNOWN STEP	2026-09-27T07:32:06.8872349Z test daemon::tests::mounts::a_reference_lets_a_path_that_is_not_mounted_here_through ... ok
verify / linux	UNKNOWN STEP	2026-09-27T07:32:06.8884577Z test daemon::tests::mounts::a_reference_that_escapes_its_disk_is_refused ... ok
verify / linux	UNKNOWN STEP	2026-09-27T07:32:06.8894822Z test daemon::tests::mounts::an_explicit_reference_is_stored_and_the_absolute_path_gives_way ... ok
verify / linux	UNKNOWN STEP	2026-09-27T07:32:06.8897721Z test daemon::tests::mounts::creating_a_game_with_a_reference_does_not_need_the_file_to_be_here ... ok
verify / linux	UNKNOWN STEP	2026-09-27T07:32:06.8911762Z test daemon::tests::mounts::creating_a_game_without_a_reference_still_needs_a_real_exe ... ok
verify / linux	UNKNOWN STEP	2026-09-27T07:32:06.8915084Z test daemon::tests::mounts::infer_says_nothing_about_a_path_that_is_not_there ... ok
verify / linux	UNKNOWN STEP	2026-09-27T07:32:06.8916278Z test daemon::tests::shutdown_reply_is_flagged ... ok
verify / linux	UNKNOWN STEP	2026-09-27T07:32:06.8918562Z test daemon::tests::status_on_unknown_session_lists_nothing_new ... ok
verify / linux	UNKNOWN STEP	2026-09-27T07:32:06.8919590Z test daemon::tests::status_reports_no_sessions_initially ... ok
verify / linux	UNKNOWN STEP	2026-09-27T07:32:06.8921658Z test daemon::tests::unknown_method_is_reported_as_method_not_found ... ok
verify / linux	UNKNOWN STEP	2026-09-27T07:32:06.8922642Z test daemon::tests::wrong_jsonrpc_version_is_rejected ... ok
verify / linux	UNKNOWN STEP	2026-09-27T07:32:06.8923669Z test desktop::kde::tests::kwin_accepts_our_scripts ... ignored, needs a live KDE session
verify / linux	UNKNOWN STEP	2026-09-27T07:32:06.9027778Z test display::tests::a_probe_that_answers_hands_back_its_output ... ok
verify / linux	UNKNOWN STEP	2026-09-27T07:32:06.9028610Z test display::tests::kde_follows_current_mode_id ... ok
verify / linux	UNKNOWN STEP	2026-09-27T07:32:06.9030339Z test display::tests::kde_numeric_mode_ids_and_missing_keys_are_tolerated ... ok
verify / linux	UNKNOWN STEP	2026-09-27T07:32:06.9031456Z test display::tests::kde_prefers_primary_and_skips_unusable_outputs ... ok
verify / linux	UNKNOWN STEP	2026-09-27T07:32:06.9032140Z test display::tests::kde_unknown_mode_id_falls_back_to_output_size ... ok
verify / linux	UNKNOWN STEP	2026-09-27T07:32:06.9033469Z test display::tests::kde_uses_device_pixels_not_logical_size ... ok
verify / linux	UNKNOWN STEP	2026-09-27T07:32:06.9034603Z test display::tests::kde_without_outputs_returns_none ... ok
verify / linux	UNKNOWN STEP	2026-09-27T07:32:06.9035777Z test display::tests::kde_without_priority_falls_back_to_largest ... ok
verify / linux	UNKNOWN STEP	2026-09-27T07:32:06.9037227Z test display::tests::out_of_range_current_mode_falls_back_to_first ... ok
verify / linux	UNKNOWN STEP	2026-09-27T07:32:06.9038362Z test display::tests::output_without_modes_is_skipped ... ok
verify / linux	UNKNOWN STEP	2026-09-27T07:32:06.9039460Z test display::tests::parses_resolution_specs ... ok
verify / linux	UNKNOWN STEP	2026-09-27T07:32:06.9040240Z test display::tests::picks_largest_output_deterministically ... ok
verify / linux	UNKNOWN STEP	2026-09-27T07:32:06.9041568Z test display::tests::uses_current_mode_not_logical_size ... ok
verify / linux	UNKNOWN STEP	2026-09-27T07:32:06.9042880Z test game::tests::a_second_entry_with_the_same_name_gets_a_numeric_suffix ... ok
verify / linux	UNKNOWN STEP	2026-09-27T07:32:06.9051006Z test game::tests::an_exe_already_used_by_another_entry_is_reported_by_name ... ok
verify / linux	UNKNOWN STEP	2026-09-27T07:32:06.9054887Z test game::tests::an_uninstaller_is_not_the_game_even_when_it_is_called_uninstaller ... ok
verify / linux	UNKNOWN STEP	2026-09-27T07:32:06.9078586Z test game::tests::directories_whose_ids_collide_are_all_added_not_swallowed ... ok
verify / linux	UNKNOWN STEP	2026-09-27T07:32:06.9080562Z test game::tests::falls_back_to_an_exe_when_only_helpers_exist ... ok
verify / linux	UNKNOWN STEP	2026-09-27T07:32:06.9082031Z test game::tests::game_ids_are_stable_and_filesystem_safe ... ok
verify / linux	UNKNOWN STEP	2026-09-27T07:32:06.9082763Z test game::tests::helpers_are_recognised_by_prefix_too ... ok
verify / linux	UNKNOWN STEP	2026-09-27T07:32:06.9085357Z test game::tests::no_executables_means_no_candidate ... ok
verify / linux	UNKNOWN STEP	2026-09-27T07:32:06.9089798Z test game::tests::prefers_the_chinese_localised_executable ... ok
verify / linux	UNKNOWN STEP	2026-09-27T07:32:06.9101208Z test daemon::sync_rpc::tests_credentials::a_master_password_seals_the_credentials_and_survives_a_restart ... ok
verify / linux	UNKNOWN STEP	2026-09-27T07:32:06.9103653Z test game::tests::scan_counts_subdirectories_and_the_root_itself ... ok
verify / linux	UNKNOWN STEP	2026-09-27T07:32:06.9110017Z test game::tests::scan_counts_the_scanned_directory_itself ... ok
verify / linux	UNKNOWN STEP	2026-09-27T07:32:06.9114739Z test game::tests::scan_of_missing_directory_is_an_error ... ok
verify / linux	UNKNOWN STEP	2026-09-27T07:32:06.9115406Z test game::tests::scan_of_a_file_is_an_error_too ... ok
verify / linux	UNKNOWN STEP	2026-09-27T07:32:06.9115971Z test game::tests::skips_installers_and_tools ... ok
verify / linux	UNKNOWN STEP	2026-09-27T07:32:06.9119368Z test game::tests::the_executable_named_like_its_directory_beats_a_lookalike ... ok
verify / linux	UNKNOWN STEP	2026-09-27T07:32:06.9120230Z test game::tests::self_and_subdirectory_hits_stay_two_distinct_entries ... ok
verify / linux	UNKNOWN STEP	2026-09-27T07:32:06.9121070Z test mount::tests::a_disk_mounted_at_two_points_resolves_to_the_shorter_one ... ok
verify / linux	UNKNOWN STEP	2026-09-27T07:32:06.9121901Z test mount::tests::a_nested_mount_only_claims_paths_under_its_own_point ... ok
verify / linux	UNKNOWN STEP	2026-09-27T07:32:06.9123083Z test mount::tests::btrfs_subvol_layout_keeps_the_subvol_root_in_references ... ok
verify / linux	UNKNOWN STEP	2026-09-27T07:32:06.9123801Z test mount::tests::escape_sequences_are_decoded ... ok
verify / linux	UNKNOWN STEP	2026-09-27T07:32:06.9124446Z test mount::tests::infer_refuses_paths_without_a_known_disk ... ok
verify / linux	UNKNOWN STEP	2026-09-27T07:32:06.9125116Z test mount::tests::escaped_root_and_point_are_both_decoded ... ok
verify / linux	UNKNOWN STEP	2026-09-27T07:32:06.9125892Z test mount::tests::parse_reads_root_and_mountpoint ... ok
verify / linux	UNKNOWN STEP	2026-09-27T07:32:06.9126497Z test mount::tests::nested_mount_wins_over_the_parent ... ok
verify / linux	UNKNOWN STEP	2026-09-27T07:32:06.9128089Z test mount::tests::references_with_traversal_or_absolute_parts_are_rejected ... ok
verify / linux	UNKNOWN STEP	2026-09-27T07:32:06.9128893Z test mount::tests::resolve_reports_a_disk_that_is_not_mounted ... ok
verify / linux	UNKNOWN STEP	2026-09-27T07:32:06.9129717Z test mount::tests::the_same_disk_remounting_elsewhere_keeps_references_working ... ok
verify / linux	UNKNOWN STEP	2026-09-27T07:32:06.9130525Z test mount::tests::tree_rooted_mount_keeps_its_root_in_references ... ok
verify / linux	UNKNOWN STEP	2026-09-27T07:32:06.9131249Z test mount::tests::two_devices_with_the_same_uuid_are_refused ... ok
verify / linux	UNKNOWN STEP	2026-09-27T07:32:06.9132076Z test picker::tests::a_localhost_host_is_not_part_of_the_path ... ok
verify / linux	UNKNOWN STEP	2026-09-27T07:32:06.9132773Z test picker::tests::a_plain_file_uri_becomes_the_path_behind_it ... ok
verify / linux	UNKNOWN STEP	2026-09-27T07:32:06.9133498Z test picker::tests::anything_that_is_not_a_local_file_is_refused ... ok
verify / linux	UNKNOWN STEP	2026-09-27T07:32:06.9134144Z test picker::tests::a_request_says_what_it_wants ... ok
verify / linux	UNKNOWN STEP	2026-09-27T07:32:06.9134751Z test picker::tests::cancelling_a_dialog_is_not_a_failure ... ok
verify / linux	UNKNOWN STEP	2026-09-27T07:32:06.9135406Z test picker::tests::non_ascii_names_come_back_readable ... ok
verify / linux	UNKNOWN STEP	2026-09-27T07:32:06.9136185Z test platform::tests::a_missing_optional_dependency_does_not_make_the_report_fail ... ok
verify / linux	UNKNOWN STEP	2026-09-27T07:32:06.9137236Z test platform::tests::a_required_dependency_that_answers_badly_is_not_reported_as_missing ... ok
verify / linux	UNKNOWN STEP	2026-09-27T07:32:06.9137986Z test platform::tests::a_version_line_becomes_one_plain_line ... ok
verify / linux	UNKNOWN STEP	2026-09-27T07:32:06.9138603Z test platform::tests::an_older_gamescope_is_degraded_not_ready ... ok
verify / linux	UNKNOWN STEP	2026-09-27T07:32:06.9139303Z test platform::tests::kopia_is_an_alternative_not_a_requirement ... ok
verify / linux	UNKNOWN STEP	2026-09-27T07:32:06.9140058Z test platform::tests::os_release_is_read_without_assuming_quotes_and_order ... ok
verify / linux	UNKNOWN STEP	2026-09-27T07:32:06.9140856Z test platform::tests::the_gamescope_version_is_read_out_of_a_noisy_line ... ok
verify / linux	UNKNOWN STEP	2026-09-27T07:32:06.9141586Z test platform::tests::the_install_command_follows_the_distro ... ok
verify / linux	UNKNOWN STEP	2026-09-27T07:32:06.9147723Z test platform::tests::the_wire_shape_is_what_the_settings_page_reads ... ok
verify / linux	UNKNOWN STEP	2026-09-27T07:32:06.9148816Z test process::tests::comm_truncation_counts_bytes_not_characters ... ok
verify / linux	UNKNOWN STEP	2026-09-27T07:32:06.9149556Z test process::tests::command_line_paths_become_unix_paths ... ok
verify / linux	UNKNOWN STEP	2026-09-27T07:32:06.9150458Z test process::tests::descendants_come_from_one_pass_and_keep_their_names ... ok
verify / linux	UNKNOWN STEP	2026-09-27T07:32:06.9151235Z test process::tests::does_not_match_unrelated_processes ... ok
verify / linux	UNKNOWN STEP	2026-09-27T07:32:06.9152285Z test process::tests::matches_truncated_comm_names ... ok
verify / linux	UNKNOWN STEP	2026-09-27T07:32:06.9153079Z test process::tests::matches_wine_style_processes ... ok
verify / linux	UNKNOWN STEP	2026-09-27T07:32:06.9153876Z test process::tests::normalizes_windows_and_unix_paths ... ok
verify / linux	UNKNOWN STEP	2026-09-27T07:32:06.9154828Z test process::tests::plumbing_is_told_apart_from_a_game ... ok
verify / linux	UNKNOWN STEP	2026-09-27T07:32:06.9175117Z test process::tests::a_process_reports_its_own_exe_path ... ok
verify / linux	UNKNOWN STEP	2026-09-27T07:32:06.9235961Z test process::tests::the_pickable_list_keeps_game_shaped_processes_only ... ok
verify / linux	UNKNOWN STEP	2026-09-27T07:32:06.9247773Z test process::tests::the_exe_path_decides_which_game_is_running ... ok
verify / linux	UNKNOWN STEP	2026-09-27T07:32:06.9267713Z test process::tests::waiting_for_a_missing_process_returns_immediately ... ok
verify / linux	UNKNOWN STEP	2026-09-27T07:32:06.9354583Z test process::unix::tests::finds_descendants_and_calls_the_game_one_a_game ... ok
verify / linux	UNKNOWN STEP	2026-09-27T07:32:06.9356184Z test rpc::tests::a_missing_endpoint_is_reported_as_a_connection_error ... ok
verify / linux	UNKNOWN STEP	2026-09-27T07:32:06.9367661Z test rpc::tests::malformed_empty_and_error_responses_are_reported ... ok
verify / linux	UNKNOWN STEP	2026-09-27T07:32:06.9369420Z test scale::action::tests::a_profile_ratio_lands_on_its_ladder_step ... ok
verify / linux	UNKNOWN STEP	2026-09-27T07:32:06.9371613Z test scale::action::tests::one_key_flips_between_the_configured_ratio_and_one_to_one ... ok
verify / linux	UNKNOWN STEP	2026-09-27T07:32:06.9372533Z test scale::action::tests::profile_ratio_is_the_one_the_launch_arguments_encode ... ok
verify / linux	UNKNOWN STEP	2026-09-27T07:32:06.9373378Z test scale::action::tests::the_ladder_starts_at_one_and_stops_at_its_ends ... ok
verify / linux	UNKNOWN STEP	2026-09-27T07:32:06.9374177Z test scale::args::tests::a_brand_new_profile_launches_as_a_resizable_window ... ok
verify / linux	UNKNOWN STEP	2026-09-27T07:32:06.9374948Z test scale::args::tests::a_scaling_ratio_wins_over_an_explicit_size ... ok
verify / linux	UNKNOWN STEP	2026-09-27T07:32:06.9375693Z test scale::args::tests::an_empty_profile_opens_at_the_screen_size ... ok
verify / linux	UNKNOWN STEP	2026-09-27T07:32:06.9376393Z test scale::args::tests::an_explicit_size_overrides_the_screen ... ok
verify / linux	UNKNOWN STEP	2026-09-27T07:32:06.9377367Z test scale::args::tests::free_form_arguments_replace_everything_kotori_would_have_built ... ok
verify / linux	UNKNOWN STEP	2026-09-27T07:32:06.9378169Z test scale::args::tests::fsr_uses_the_316_scaler_model ... ok
verify / linux	UNKNOWN STEP	2026-09-27T07:32:06.9378825Z test scale::args::tests::game_command_follows_the_separator_last ... ok
verify / linux	UNKNOWN STEP	2026-09-27T07:32:06.9379526Z test scale::args::tests::integer_scaling_uses_nearest_neighbour ... ok
verify / linux	UNKNOWN STEP	2026-09-27T07:32:06.9380242Z test scale::args::tests::never_emits_the_legacy_mouse_sensitivity_flag ... ok
verify / linux	UNKNOWN STEP	2026-09-27T07:32:06.9380843Z test scale::args::tests::nis_and_bilinear_pick_their_filters ... ok
verify / linux	UNKNOWN STEP	2026-09-27T07:32:06.9381570Z test scale::args::tests::only_an_explicit_game_resolution_emits_w_and_h ... ok
verify / linux	UNKNOWN STEP	2026-09-27T07:32:06.9382701Z test scale::args::tests::optional_flags_are_only_emitted_when_requested ... ok
verify / linux	UNKNOWN STEP	2026-09-27T07:32:06.9383529Z test process::unix::tests::finds_this_test_binary_and_a_spawned_process ... ok
verify / linux	UNKNOWN STEP	2026-09-27T07:32:06.9384289Z test scale::args::tests::sharpness_polarity_matches_gamescope ... ok
verify / linux	UNKNOWN STEP	2026-09-27T07:32:06.9385076Z test scale::gamescope::tests::an_action_named_for_one_session_ignores_the_others ... ok
verify / linux	UNKNOWN STEP	2026-09-27T07:32:06.9387824Z test scale::teardown::tests::a_missing_process_has_no_wait_channel ... ok
verify / linux	UNKNOWN STEP	2026-09-27T07:32:06.9388785Z test scale::teardown::tests::a_prefix_another_session_still_uses_is_left_alone ... ok
verify / linux	UNKNOWN STEP	2026-09-27T07:32:06.9389662Z test scale::teardown::tests::only_a_wait4_park_counts_as_a_stuck_teardown ... ok
verify / linux	UNKNOWN STEP	2026-09-27T07:32:06.9433352Z test scale::teardown::tests::killing_nothing_is_also_harmless ... ok
verify / linux	UNKNOWN STEP	2026-09-27T07:32:06.9434258Z test scale::x11::probe::tests::a_tiny_or_unrelated_class_is_not_a_match ... ok
verify / linux	UNKNOWN STEP	2026-09-27T07:32:06.9435386Z test scale::x11::probe::tests::a_zero_sized_window_is_not_a_resolution ... ok
verify / linux	UNKNOWN STEP	2026-09-27T07:32:06.9436590Z test scale::x11::probe::tests::an_exe_name_is_recognised_with_or_without_its_extension ... ok
verify / linux	UNKNOWN STEP	2026-09-27T07:32:06.9437589Z test scale::x11::probe::tests::the_biggest_window_wins ... ok
verify / linux	UNKNOWN STEP	2026-09-27T07:32:06.9438377Z test scale::x11::probe::tests::wm_class_splits_on_nuls_and_drops_the_empty_ones ... ok
verify / linux	UNKNOWN STEP	2026-09-27T07:32:06.9439296Z test scale::x11::x11_tests::a_missing_socket_directory_is_not_an_error ... ok
verify / linux	UNKNOWN STEP	2026-09-27T07:32:06.9447816Z test scale::teardown::tests::terminating_nothing_is_instant_and_harmless ... ok
verify / linux	UNKNOWN STEP	2026-09-27T07:32:06.9458254Z test scale::x11::x11_tests::nearest_and_bilinear_pick_a_scaler_too ... ok
verify / linux	UNKNOWN STEP	2026-09-27T07:32:06.9459087Z test scale::x11::x11_tests::an_empty_socket_directory_finds_nothing ... ok
verify / linux	UNKNOWN STEP	2026-09-27T07:32:06.9459870Z test scale::x11::x11_tests::sharpness_stops_at_gamescopes_limits ... ok
verify / linux	UNKNOWN STEP	2026-09-27T07:32:06.9460617Z test scale::x11::x11_tests::runtime_settings_match_the_launch_arguments ... ok
verify / linux	UNKNOWN STEP	2026-09-27T07:32:06.9461441Z test scale::x11::x11_tests::toggling_fsr_twice_comes_back_to_where_it_started ... ok
verify / linux	UNKNOWN STEP	2026-09-27T07:32:06.9462197Z test scale::x11::x11_tests::toggling_nis_is_the_same_shape ... ok
verify / linux	UNKNOWN STEP	2026-09-27T07:32:06.9462914Z test scale::x11::x11_tests::unknown_filter_values_are_reported_not_guessed ... ok
verify / linux	UNKNOWN STEP	2026-09-27T07:32:06.9464030Z test scale::x11::x11_tests::socket_names_are_read_and_sorted ... ok
verify / linux	UNKNOWN STEP	2026-09-27T07:32:06.9464834Z test secrets::encrypted::encrypted_tests::a_missing_file_reads_as_locked_rather_than_corrupt ... ok
verify / linux	UNKNOWN STEP	2026-09-27T07:32:06.9478338Z test secrets::encrypted::encrypted_tests::a_short_password_is_refused_before_anything_is_written ... ok
verify / linux	UNKNOWN STEP	2026-09-27T07:32:06.9722823Z test secrets::encrypted::encrypted_tests::a_round_trip_keeps_every_value_exactly ... ok
verify / linux	UNKNOWN STEP	2026-09-27T07:32:06.9934553Z test secrets::encrypted::encrypted_tests::a_wrong_password_is_refused_and_leaves_the_store_locked ... ok
verify / linux	UNKNOWN STEP	2026-09-27T07:32:06.9935688Z test secrets::encrypted::encrypted_tests::hex_round_trips_and_rejects_nonsense ... ok
verify / linux	UNKNOWN STEP	2026-09-27T07:32:06.9946239Z test secrets::encrypted::encrypted_tests::every_write_uses_a_fresh_nonce ... ok
verify / linux	UNKNOWN STEP	2026-09-27T07:32:07.0541695Z test secrets::encrypted::encrypted_tests::locking_forgets_the_key_but_not_the_data ... ok
verify / linux	UNKNOWN STEP	2026-09-27T07:32:07.0770763Z test secrets::encrypted::encrypted_tests::rekeying_replaces_the_password ... ok
verify / linux	UNKNOWN STEP	2026-09-27T07:32:07.0950502Z test display::tests::a_probe_that_never_answers_is_killed_and_read_as_no_answer ... ok
verify / linux	UNKNOWN STEP	2026-09-27T07:32:07.0953852Z test secrets::encrypted::encrypted_tests::the_file_contains_no_sign_of_the_secrets ... ok
verify / linux	UNKNOWN STEP	2026-09-27T07:32:07.0956922Z test secrets::plain::tests::a_corrupt_file_is_an_error_not_an_empty_store ... ok
verify / linux	UNKNOWN STEP	2026-09-27T07:32:07.0970189Z test secrets::plain::tests::a_round_trip_keeps_every_value_exactly ... ok
verify / linux	UNKNOWN STEP	2026-09-27T07:32:07.0977508Z test secrets::plain::tests::the_file_is_private_from_the_moment_it_exists ... ok
verify / linux	UNKNOWN STEP	2026-09-27T07:32:07.1014424Z test secrets::tests::a_healthy_backend_answers_the_probe_without_finding_anything ... ok
verify / linux	UNKNOWN STEP	2026-09-27T07:32:07.1071903Z test secrets::tests::a_keyring_that_shows_up_takes_over_the_plaintext_file ... ok
verify / linux	UNKNOWN STEP	2026-09-27T07:32:07.1083333Z test secrets::tests::a_machine_without_a_keyring_falls_back_to_a_private_plain_file ... ok
verify / linux	UNKNOWN STEP	2026-09-27T07:32:07.1084997Z test secrets::tests::a_machine_without_a_keyring_keeps_secrets_in_memory_only ... ok
verify / linux	UNKNOWN STEP	2026-09-27T07:32:07.1117593Z test secrets::tests::a_portable_config_never_reaches_for_the_system_keyring ... ok
verify / linux	UNKNOWN STEP	2026-09-27T07:32:07.1142988Z test secrets::encrypted::encrypted_tests::tampering_with_the_parameters_or_the_payload_is_detected ... ok
verify / linux	UNKNOWN STEP	2026-09-27T07:32:07.1159446Z test secrets::tests::a_running_keyring_wins_over_the_plaintext_file ... ok
verify / linux	UNKNOWN STEP	2026-09-27T07:32:07.1206406Z test secrets::tests::an_installed_but_dead_backend_is_not_mistaken_for_a_working_one ... ok
verify / linux	UNKNOWN STEP	2026-09-27T07:32:07.1208036Z test secrets::tests::every_hint_has_something_to_say ... ok
verify / linux	UNKNOWN STEP	2026-09-27T07:32:07.1209146Z test secrets::tests::missing_backend_is_reported_instead_of_falling_back_to_plaintext ... ok
verify / linux	UNKNOWN STEP	2026-09-27T07:32:07.1296142Z test secrets::tests::round_trips_a_secret_through_the_keyring ... ok
verify / linux	UNKNOWN STEP	2026-09-27T07:32:07.1365513Z test secrets::encrypted::encrypted_tests::writing_replaces_the_contents_without_losing_the_password ... ok
verify / linux	UNKNOWN STEP	2026-09-27T07:32:07.1367407Z test secrets::tests::an_encrypted_file_wins_over_a_running_keyring ... ok
verify / linux	UNKNOWN STEP	2026-09-27T07:32:07.1368218Z test secrets::tests::system_detection_reports_what_is_on_this_machine ... ok
verify / linux	UNKNOWN STEP	2026-09-27T07:32:07.1368984Z test secrets::tests::the_store_describes_itself_honestly ... ok
verify / linux	UNKNOWN STEP	2026-09-27T07:32:07.1372334Z test sync::archive::tests::a_manifest_from_a_newer_kotori_is_refused_rather_than_guessed ... ok
verify / linux	UNKNOWN STEP	2026-09-27T07:32:07.1373517Z test sync::archive::tests::a_manual_restore_lays_the_whole_package_back_down ... ok
verify / linux	UNKNOWN STEP	2026-09-27T07:32:07.1377876Z test sync::archive::tests::a_member_over_the_file_limit_is_refused ... ok
verify / linux	UNKNOWN STEP	2026-09-27T07:32:07.1380643Z test sync::archive::tests::a_package_that_tries_to_escape_its_directory_is_refused ... ok
verify / linux	UNKNOWN STEP	2026-09-27T07:32:07.1382231Z test sync::archive::tests::a_package_over_the_total_byte_limit_is_refused ... ok
verify / linux	UNKNOWN STEP	2026-09-27T07:32:07.1384796Z test secrets::tests::secrets_are_stored_under_distinct_accounts ... ok
verify / linux	UNKNOWN STEP	2026-09-27T07:32:07.1389820Z test sync::archive::tests::an_automatic_pull_never_overwrites_a_newer_local_save ... ok
verify / linux	UNKNOWN STEP	2026-09-27T07:32:07.1393886Z test sync::archive::tests::a_package_with_too_many_members_is_refused ... ok
verify / linux	UNKNOWN STEP	2026-09-27T07:32:07.1396502Z test sync::archive::tests::a_packed_save_comes_back_with_its_contents_and_its_times ... ok
verify / linux	UNKNOWN STEP	2026-09-27T07:32:07.1398142Z test sync::archive::tests::exclusions_still_work_without_rclone ... ok
verify / linux	UNKNOWN STEP	2026-09-27T07:32:07.1406166Z test sync::cloud::cloud_tests::a_fingerprint_finds_the_identity_it_belongs_to ... ok
verify / linux	UNKNOWN STEP	2026-09-27T07:32:07.1408806Z test sync::archive::tests::packing_reports_locations_that_are_not_on_this_machine ... ok
verify / linux	UNKNOWN STEP	2026-09-27T07:32:07.1409905Z test sync::archive::tests::the_same_file_written_twice_is_compared_by_size ... ok
verify / linux	UNKNOWN STEP	2026-09-27T07:32:07.1411006Z test sync::cloud::cloud_tests::an_identity_card_round_trips_and_tolerates_missing_optional_fields ... ok
verify / linux	UNKNOWN STEP	2026-09-27T07:32:07.1412192Z test sync::cloud::cloud_tests::an_identity_keeps_one_entry_per_machine_and_only_appends ... ok
verify / linux	UNKNOWN STEP	2026-09-27T07:32:07.1413258Z test sync::cloud::cloud_tests::an_identity_survives_the_round_trip_into_a_manifest ... ok
verify / linux	UNKNOWN STEP	2026-09-27T07:32:07.1414271Z test sync::cloud::cloud_tests::directory_listings_become_usable_names ... ok
verify / linux	UNKNOWN STEP	2026-09-27T07:32:07.1415240Z test sync::cloud::cloud_tests::only_the_same_identity_may_touch_local_saves ... ok
verify / linux	UNKNOWN STEP	2026-09-27T07:32:07.1416196Z test sync::engine::diagnostics::tests::rclone_failures_are_explained_in_terms_of_what_to_check ... ok
verify / linux	UNKNOWN STEP	2026-09-27T07:32:07.1417410Z test sync::engine::kopia::kopia_tests::kopia_failures_are_explained_and_deprecation_noise_is_dropped ... ok
verify / linux	UNKNOWN STEP	2026-09-27T07:32:07.1418463Z test sync::engine::kopia::kopia_tests::the_default_password_is_the_one_every_machine_shares ... ok
verify / linux	UNKNOWN STEP	2026-09-27T07:32:07.1419493Z test sync::engine::kopia_args::tests::a_snapshot_is_marked_with_our_own_version_name_and_a_game_tag ... ok
verify / linux	UNKNOWN STEP	2026-09-27T07:32:07.1420505Z test sync::engine::kopia::kopia_tests::a_changed_endpoint_is_a_different_connection ... ok
verify / linux	UNKNOWN STEP	2026-09-27T07:32:07.1421480Z test sync::engine::kopia_args::tests::creating_and_connecting_differ_only_in_the_subcommand ... ok
verify / linux	UNKNOWN STEP	2026-09-27T07:32:07.1422427Z test sync::engine::kopia_args::tests::deleting_a_snapshot_says_it_out_loud ... ok
verify / linux	UNKNOWN STEP	2026-09-27T07:32:07.1423331Z test sync::engine::kopia_args::tests::listing_asks_for_every_machine_not_just_this_one ... ok
verify / linux	UNKNOWN STEP	2026-09-27T07:32:07.1424472Z test sync::engine::kopia_args::tests::the_identity_snapshot_is_marked_as_identity_and_never_looks_like_a_version ... ok
verify / linux	UNKNOWN STEP	2026-09-27T07:32:07.1425711Z test sync::engine::kopia_args::tests::the_repository_lives_beside_the_rclone_packages_never_on_top_of_them ... ok
verify / linux	UNKNOWN STEP	2026-09-27T07:32:07.1427025Z test sync::engine::kopia_parse::tests::broken_json_is_reported_not_swallowed ... ok
verify / linux	UNKNOWN STEP	2026-09-27T07:32:07.1428108Z test sync::engine::kopia_parse::tests::cloud_games_come_from_the_game_tag_and_identity_snapshots_are_not_versions ... ok
verify / linux	UNKNOWN STEP	2026-09-27T07:32:07.1429690Z test sync::engine::kopia_parse::tests::every_identity_snapshot_of_one_game_is_found_not_just_the_newest ... ok
verify / linux	UNKNOWN STEP	2026-09-27T07:32:07.1430757Z test sync::engine::kopia_parse::tests::only_snapshots_we_named_ourselves_are_ours ... ok
verify / linux	UNKNOWN STEP	2026-09-27T07:32:07.1431725Z test sync::engine::kopia_parse::tests::identity_snapshots_are_never_counted_as_versions ... ok
verify / linux	UNKNOWN STEP	2026-09-27T07:32:07.1432835Z test sync::engine::kopia_parse::tests::version_infos_carry_the_size_and_the_moment_of_each_version ... ok
verify / linux	UNKNOWN STEP	2026-09-27T07:32:07.1434846Z test sync::engine::tests::a_real_kopia_repository_is_visible_from_another_machine ... ignored, 需要真 kopia：设 KOTORI_KOPIA 指向它再跑 --ignored
verify / linux	UNKNOWN STEP	2026-09-27T07:32:07.1436587Z test sync::engine::tests::a_real_kopia_repository_keeps_the_identity_card_beside_the_saves ... ignored, 需要真 kopia：设 KOTORI_KOPIA 指向它再跑 --ignored
verify / linux	UNKNOWN STEP	2026-09-27T07:32:07.1438376Z test sync::engine::tests::a_real_kopia_repository_keeps_two_games_apart ... ignored, 需要真 kopia：设 KOTORI_KOPIA 指向它再跑 --ignored
verify / linux	UNKNOWN STEP	2026-09-27T07:32:07.1439894Z test sync::engine::tests::a_real_kopia_repository_round_trips_a_save ... ignored, 需要真 kopia：设 KOTORI_KOPIA 指向它再跑 --ignored
verify / linux	UNKNOWN STEP	2026-09-27T07:32:07.1440989Z test sync::engine::tests::the_backend_is_whichever_engine_the_settings_name ... ok
verify / linux	UNKNOWN STEP	2026-09-27T07:32:07.1441875Z test sync::executables::tests::a_directory_or_a_file_both_point_at_the_program ... ok
verify / linux	UNKNOWN STEP	2026-09-27T07:32:07.1442989Z test sync::executables::tests::a_configured_path_with_nothing_in_it_says_so ... ok
verify / linux	UNKNOWN STEP	2026-09-27T07:32:07.1443963Z test sync::executables::tests::a_program_beside_kotori_is_found_with_or_without_the_exe_suffix ... ok
verify / linux	UNKNOWN STEP	2026-09-27T07:32:07.1444886Z test sync::executables::tests::a_windows_style_name_is_found_too ... ok
verify / linux	UNKNOWN STEP	2026-09-27T07:32:07.1445661Z test sync::executables::tests::an_empty_setting_is_not_a_location ... ok
verify / linux	UNKNOWN STEP	2026-09-27T07:32:07.1446485Z test sync::fingerprint::tests::a_file_that_cannot_be_read_has_no_fingerprint ... ok
verify / linux	UNKNOWN STEP	2026-09-27T07:32:07.1448001Z test sync::executables::tests::nothing_beside_kotori_means_none ... ok
verify / linux	UNKNOWN STEP	2026-09-27T07:32:07.1448828Z test sync::fingerprint::tests::the_fingerprint_says_what_it_is_and_how_big ... ok
verify / linux	UNKNOWN STEP	2026-09-27T07:32:07.1449774Z test sync::index::index_tests::a_bundle_merges_its_deltas_and_remembers_what_it_swallowed ... ok
verify / linux	UNKNOWN STEP	2026-09-27T07:32:07.1450834Z test sync::fingerprint::tests::filling_missing_fingerprints_touches_only_the_ones_without_one ... ok
verify / linux	UNKNOWN STEP	2026-09-27T07:32:07.1451844Z test sync::index::index_tests::a_delta_is_a_whole_index_without_any_merge_history ... ok
verify / linux	UNKNOWN STEP	2026-09-27T07:32:07.1452801Z test sync::index::index_tests::a_fingerprint_finds_its_entry_and_says_how_many_it_found ... ok
verify / linux	UNKNOWN STEP	2026-09-27T07:32:07.1453772Z test sync::index::index_tests::a_later_write_does_not_erase_the_other_machines_record ... ok
verify / linux	UNKNOWN STEP	2026-09-27T07:32:07.1454809Z test sync::index::index_tests::a_multibyte_delta_name_is_rejected_instead_of_panicking ... ok
verify / linux	UNKNOWN STEP	2026-09-27T07:32:07.1455719Z test sync::index::index_tests::absorbing_deltas_reports_what_it_swallowed ... ok
verify / linux	UNKNOWN STEP	2026-09-27T07:32:07.1456570Z test sync::index::index_tests::an_unknown_format_version_is_not_guessed_at ... ok
verify / linux	UNKNOWN STEP	2026-09-27T07:32:07.1457688Z test sync::index::index_tests::every_timestamp_is_the_same_width_so_string_order_is_time_order ... ok
verify / linux	UNKNOWN STEP	2026-09-27T07:32:07.1458754Z test sync::index::index_tests::merging_keeps_one_entry_per_identity_and_lets_the_newer_one_win ... ok
verify / linux	UNKNOWN STEP	2026-09-27T07:32:07.1459670Z test sync::index::index_tests::only_our_own_format_counts_as_supported ... ok
verify / linux	UNKNOWN STEP	2026-09-27T07:32:07.1460565Z test sync::index_cache::tests::a_cache_holding_a_future_index_format_is_not_served ... ok
verify / linux	UNKNOWN STEP	2026-09-27T07:32:07.1461455Z test sync::index_cache::tests::a_broken_or_unknown_cache_is_treated_as_missing ... ok
verify / linux	UNKNOWN STEP	2026-09-27T07:32:07.1462313Z test sync::index_cache::tests::a_cached_index_round_trips_with_its_signature ... ok
verify / linux	UNKNOWN STEP	2026-09-27T07:32:07.1463103Z test sync::index_cache::tests::an_empty_cloud_is_remembered_too ... ok
verify / linux	UNKNOWN STEP	2026-09-27T07:32:07.1463841Z test sync::matching::tests::any_of_the_fingerprints_counts_as_a_hit ... ok
verify / linux	UNKNOWN STEP	2026-09-27T07:32:07.1464969Z test sync::matching::tests::owners_count_identities_not_machines ... ok
verify / linux	UNKNOWN STEP	2026-09-27T07:32:07.1465881Z test sync::matching::tests::shared_parents_counts_the_overlap ... ok
verify / linux	UNKNOWN STEP	2026-09-27T07:32:07.1466869Z test sync::index_cache::tests::another_target_never_reads_this_target_s_cache ... ok
verify / linux	UNKNOWN STEP	2026-09-27T07:32:07.1467648Z test sync::matching::tests::the_strongest_likeness_wins ... ok
verify / linux	UNKNOWN STEP	2026-09-27T07:32:07.1468389Z test sync::pairing::tests::a_likeness_that_is_not_a_fingerprint_always_asks ... ok
verify / linux	UNKNOWN STEP	2026-09-27T07:32:07.1469290Z test sync::pairing::tests::a_local_game_already_claimed_elsewhere_is_not_stolen ... ok
verify / linux	UNKNOWN STEP	2026-09-27T07:32:07.1470124Z test sync::pairing::tests::a_rejected_pairing_is_never_suggested_again ... ok
verify / linux	UNKNOWN STEP	2026-09-27T07:32:07.1470894Z test sync::pairing::tests::an_identity_already_bound_stays_bound ... ok
verify / linux	UNKNOWN STEP	2026-09-27T07:32:07.1471809Z test sync::pairing::tests::one_fingerprint_hit_binds_itself_and_two_ask ... ok
verify / linux	UNKNOWN STEP	2026-09-27T07:32:07.1472847Z test sync::pairing::tests::one_identity_seen_by_two_machines_is_still_one_identity ... ok
verify / linux	UNKNOWN STEP	2026-09-27T07:32:07.1473737Z test sync::rclone_args::tests::a_transfer_is_one_object_each_way ... ok
verify / linux	UNKNOWN STEP	2026-09-27T07:32:07.1474614Z test sync::rclone_args::tests::listing_asks_for_files_only_and_deleting_names_one_object ... ok
verify / linux	UNKNOWN STEP	2026-09-27T07:32:07.1475543Z test sync::rclone_env::tests::an_endpoint_override_reaches_rclone_verbatim ... ok
verify / linux	UNKNOWN STEP	2026-09-27T07:32:07.1476419Z test sync::rclone_env::tests::credentials_travel_in_the_environment_not_a_file ... ok
verify / linux	UNKNOWN STEP	2026-09-27T07:32:07.1477617Z test sync::remote_paths::tests::a_parent_dir_is_the_second_to_last_segment ... ok
verify / linux	UNKNOWN STEP	2026-09-27T07:32:07.1478446Z test sync::remote_paths::tests::remote_paths_are_built_from_the_prefix ... ok
verify / linux	UNKNOWN STEP	2026-09-27T07:32:07.1479249Z test sync::remote_paths::tests::save_keys_are_stable_and_readable ... ok
verify / linux	UNKNOWN STEP	2026-09-27T07:32:07.1678282Z test sync::fingerprint::tests::the_two_megabyte_boundary_does_not_double_count_bytes ... ok
verify / linux	UNKNOWN STEP	2026-09-27T07:32:07.3749803Z test sync::runner::identity::tests::a_first_upload_mints_one_identity_and_writes_the_card ... ok
verify / linux	UNKNOWN STEP	2026-09-27T07:32:07.3916103Z test sync::runner::identity::tests::a_directory_taken_by_another_identity_gets_a_suffix_not_a_second_helping ... ok
verify / linux	UNKNOWN STEP	2026-09-27T07:32:07.3980792Z test sync::runner::identity::tests::a_claimed_identity_is_sticky_even_when_the_fingerprint_changes ... ok
verify / linux	UNKNOWN STEP	2026-09-27T07:32:07.3985172Z test sync::runner::index_tests::a_delta_name_that_carries_a_slash_never_lands_in_the_bucket ... ok
verify / linux	UNKNOWN STEP	2026-09-27T07:32:07.4100609Z test sync::runner::identity::tests::a_second_machine_adopts_the_identity_its_fingerprint_points_at ... ok
verify / linux	UNKNOWN STEP	2026-09-27T07:32:07.4158005Z test daemon::sync_rpc::tests::sync_status_does_not_hold_the_config_lock_across_its_await ... ok
verify / linux	UNKNOWN STEP	2026-09-27T07:32:07.4288260Z test sync::runner::index_tests::an_index_that_was_never_written_reads_as_nothing_at_all ... ok
verify / linux	UNKNOWN STEP	2026-09-27T07:32:07.4295188Z test sync::runner::index_tests::the_bundle_view_is_the_union_of_the_snapshot_and_its_deltas ... ok
verify / linux	UNKNOWN STEP	2026-09-27T07:32:07.4317591Z test sync::runner::index_tests::a_stray_object_in_the_log_directory_is_never_read ... ok
verify / linux	UNKNOWN STEP	2026-09-27T07:32:07.4425002Z test sync::runner::index_tests::one_machine_writes_the_index_and_another_reads_it_without_touching_any_card ... ok
verify / linux	UNKNOWN STEP	2026-09-27T07:32:07.4480928Z test sync::runner::index_tests::a_corrupt_index_is_treated_as_missing_and_can_be_rebuilt ... ok
verify / linux	UNKNOWN STEP	2026-09-27T07:32:07.4481938Z test sync::runner::pull::tests::a_game_the_cloud_has_never_seen_is_not_an_error ... ok
verify / linux	UNKNOWN STEP	2026-09-27T07:32:07.4542439Z test sync::runner::pull::tests::a_location_the_package_does_not_cover_is_reported_separately ... ok
verify / linux	UNKNOWN STEP	2026-09-27T07:32:07.4631738Z test sync::runner::pull::tests::a_pull_before_this_machine_claimed_an_identity_is_skipped ... ok
verify / linux	UNKNOWN STEP	2026-09-27T07:32:07.4714947Z test sync::runner::pull::tests::a_pull_brings_back_files_the_cloud_has_newer_versions_of ... ok
verify / linux	UNKNOWN STEP	2026-09-27T07:32:07.4738338Z test sync::runner::index_tests::the_union_keeps_what_each_machine_knows_about_the_same_game ... ok
verify / linux	UNKNOWN STEP	2026-09-27T07:32:07.4789463Z test sync::runner::pull::tests::a_package_that_cannot_be_fetched_says_so_instead_of_pretending_there_is_none ... ok
verify / linux	UNKNOWN STEP	2026-09-27T07:32:07.4808235Z test sync::runner::pull::tests::a_pull_from_another_identity_touches_nothing ... ok
verify / linux	UNKNOWN STEP	2026-09-27T07:32:07.4838789Z test sync::runner::pull::tests::a_pull_refuses_a_package_without_any_identity ... ok
verify / linux	UNKNOWN STEP	2026-09-27T07:32:07.4867672Z test sync::runner::restore::tests::a_bogus_version_name_is_refused_before_anything_is_touched ... ok
verify / linux	UNKNOWN STEP	2026-09-27T07:32:07.4906272Z test sync::runner::pull::tests::a_pull_takes_the_newest_package_and_leaves_newer_local_files_alone ... ok
verify / linux	UNKNOWN STEP	2026-09-27T07:32:07.4920447Z test sync::runner::restore::tests::restoring_another_identity_is_refused_and_touches_nothing ... ok
verify / linux	UNKNOWN STEP	2026-09-27T07:32:07.4921638Z test sync::runner::restore::tests::extra_local_files_are_listed_and_never_deleted ... ok
verify / linux	UNKNOWN STEP	2026-09-27T07:32:07.4962739Z test sync::runner::restore::tests::restoring_lays_the_package_down_over_whatever_is_local ... ok
verify / linux	UNKNOWN STEP	2026-09-27T07:32:07.5014300Z test sync::runner::restore::tests::retention_keeps_everything_unless_the_user_asked_otherwise ... ok
verify / linux	UNKNOWN STEP	2026-09-27T07:32:07.5015384Z test sync::runner::restore::tests::restoring_without_a_version_takes_the_newest_package ... ok
verify / linux	UNKNOWN STEP	2026-09-27T07:32:07.5016395Z test sync::runner::staging::tests::sweeping_a_directory_that_was_never_created_is_not_an_error ... ok
verify / linux	UNKNOWN STEP	2026-09-27T07:32:07.5017672Z test sync::runner::staging::tests::stale_stage_directories_are_swept_and_others_are_left_alone ... ok
verify / linux	UNKNOWN STEP	2026-09-27T07:32:07.5036040Z test sync::runner::index_tests::two_machines_writing_at_once_never_lose_an_entry ... ok
verify / linux	UNKNOWN STEP	2026-09-27T07:32:07.5041181Z test sync::runner::tests::a_missing_endpoint_means_rclone_picks_one ... ok
verify / linux	UNKNOWN STEP	2026-09-27T07:32:07.5042181Z test sync::runner::tests::a_disabled_sync_config_is_refused ... ok
verify / linux	UNKNOWN STEP	2026-09-27T07:32:07.5043161Z test sync::runner::restore::tests::retention_only_ever_deletes_our_own_old_packages ... ok
verify / linux	UNKNOWN STEP	2026-09-27T07:32:07.5088753Z test sync::runner::tests::missing_credentials_stop_the_run_before_rclone_is_started ... ok
verify / linux	UNKNOWN STEP	2026-09-27T07:32:07.5093552Z test sync::runner::tests::credentials_reach_rclone_through_the_environment_only ... ok
verify / linux	UNKNOWN STEP	2026-09-27T07:32:07.5118866Z test sync::runner::upload::tests::a_location_that_does_not_exist_locally_is_reported_not_ignored ... ok
verify / linux	UNKNOWN STEP	2026-09-27T07:32:07.5125994Z test sync::runner::upload::tests::a_failed_transfer_is_named_and_leaves_the_old_packages_alone ... ok
verify / linux	UNKNOWN STEP	2026-09-27T07:32:07.5159627Z test sync::runner::tests::the_scratch_directory_is_cleaned_up_even_after_a_failure ... ok
verify / linux	UNKNOWN STEP	2026-09-27T07:32:07.5180777Z test sync::runner::upload::tests::one_missing_location_does_not_hold_back_the_others ... ok
verify / linux	UNKNOWN STEP	2026-09-27T07:32:07.5188068Z test sync::runner::tests::the_newest_package_is_the_largest_name ... ok
verify / linux	UNKNOWN STEP	2026-09-27T07:32:07.5192576Z test sync::save_targets::tests::save_locations_resolve_to_this_machines_directories ... ok
verify / linux	UNKNOWN STEP	2026-09-27T07:32:07.5193678Z test sync::save_targets::tests::syncing_the_filesystem_root_is_refused ... ok
verify / linux	UNKNOWN STEP	2026-09-27T07:32:07.5198023Z test sync::save_targets::tests::two_locations_sharing_a_cloud_key_are_refused ... ok
verify / linux	UNKNOWN STEP	2026-09-27T07:32:07.5199111Z test sync::selfcheck::tests::a_confirmation_without_an_identity_does_not_count ... ok
verify / linux	UNKNOWN STEP	2026-09-27T07:32:07.5200054Z test sync::selfcheck::tests::a_confirmed_game_is_not_scanned_again ... ok
verify / linux	UNKNOWN STEP	2026-09-27T07:32:07.5201182Z test sync::selfcheck::tests::a_fingerprint_hit_wins_over_an_unrelated_conclusion ... ok
verify / linux	UNKNOWN STEP	2026-09-27T07:32:07.5202238Z test sync::selfcheck::tests::a_game_that_answered_new_is_not_asked_again_nor_scanned ... ok
verify / linux	UNKNOWN STEP	2026-09-27T07:32:07.5203164Z test sync::selfcheck::tests::a_game_whose_switch_is_off_is_never_asked_about ... ok
verify / linux	UNKNOWN STEP	2026-09-27T07:32:07.5204081Z test sync::selfcheck::tests::a_game_without_a_fingerprint_is_asked_instead_of_guessed ... ok
verify / linux	UNKNOWN STEP	2026-09-27T07:32:07.5205146Z test sync::selfcheck::tests::another_target_makes_the_conclusion_stale_and_the_fingerprint_decides ... ok
verify / linux	UNKNOWN STEP	2026-09-27T07:32:07.5206133Z test sync::selfcheck::tests::many_hits_ask_once_and_carry_the_best_one ... ok
verify / linux	UNKNOWN STEP	2026-09-27T07:32:07.5207455Z test sync::selfcheck::tests::no_target_means_nothing_to_do ... ok
verify / linux	UNKNOWN STEP	2026-09-27T07:32:07.5208645Z test sync::selfcheck::tests::re_enabling_a_game_that_was_switched_off_creates_a_new_identity_silently ... ok
verify / linux	UNKNOWN STEP	2026-09-27T07:32:07.5209603Z test sync::signature::tests::a_conclusion_round_trips_and_keeps_its_kind ... ok
verify / linux	UNKNOWN STEP	2026-09-27T07:32:07.5210484Z test sync::signature::tests::a_target_without_a_bucket_has_no_signature ... ok
verify / linux	UNKNOWN STEP	2026-09-27T07:32:07.5211319Z test sync::signature::tests::engine_bucket_and_prefix_are_all_part_of_the_target ... ok
verify / linux	UNKNOWN STEP	2026-09-27T07:32:07.5212176Z test sync::signature::tests::the_same_target_written_differently_has_the_same_signature ... ok
verify / linux	UNKNOWN STEP	2026-09-27T07:32:07.5213164Z test sync::snapshots::tests::retention_ignores_anything_that_is_not_a_snapshot ... ok
verify / linux	UNKNOWN STEP	2026-09-27T07:32:07.5213983Z test sync::snapshots::tests::a_stamp_turns_into_the_moment_it_names ... ok
verify / linux	UNKNOWN STEP	2026-09-27T07:32:07.5214817Z test sync::snapshots::tests::retention_keeps_everything_by_default ... ok
verify / linux	UNKNOWN STEP	2026-09-27T07:32:07.5215721Z test sync::snapshots::tests::retention_removes_only_the_oldest_snapshots ... ok
verify / linux	UNKNOWN STEP	2026-09-27T07:32:07.5216558Z test sync::snapshots::tests::two_uploads_in_the_same_second_are_still_ordered ... ok
verify / linux	UNKNOWN STEP	2026-09-27T07:32:07.5218690Z test sync::snapshots::tests::version_stamps_sort_chronologically ... ok
verify / linux	UNKNOWN STEP	2026-09-27T07:32:07.5219406Z test sync::validate::tests::refuses_incomplete_settings ... ok
verify / linux	UNKNOWN STEP	2026-09-27T07:32:07.5220213Z test sync::versions::tests::lsjson_becomes_versions_with_their_sizes ... ok
verify / linux	UNKNOWN STEP	2026-09-27T07:32:07.5223022Z test sync::versions::tests::strangers_in_the_bucket_are_never_shown_as_versions ... ok
verify / linux	UNKNOWN STEP	2026-09-27T07:32:07.5224107Z test ui::app::tests::a_late_save_never_touches_another_games_draft ... ok
verify / linux	UNKNOWN STEP	2026-09-27T07:32:07.5225204Z test ui::app::tests::a_late_status_reply_never_eats_what_the_user_typed ... ok
verify / linux	UNKNOWN STEP	2026-09-27T07:32:07.5226160Z test ui::app::tests::a_service_that_is_alive_again_clears_the_stopped_flag ... ok
verify / linux	UNKNOWN STEP	2026-09-27T07:32:07.5227323Z test ui::app::tests::an_inferred_mount_lands_in_the_add_form ... ok
verify / linux	UNKNOWN STEP	2026-09-27T07:32:07.5228259Z test ui::app::tests::an_inferred_mount_lands_in_the_draft_without_saving ... ok
verify / linux	UNKNOWN STEP	2026-09-27T07:32:07.5229270Z test ui::app::tests::an_unsaved_path_edit_is_dropped_when_leaving_the_page ... ok
verify / linux	UNKNOWN STEP	2026-09-27T07:32:07.5230239Z test ui::app::tests::picking_an_engine_submits_it_in_the_same_click ... ok
verify / linux	UNKNOWN STEP	2026-09-27T07:32:07.5231220Z test ui::app::tests::saving_consumes_the_secrets_it_was_given_and_no_more ... ok
verify / linux	UNKNOWN STEP	2026-09-27T07:32:07.5232219Z test ui::app::tests::stopping_the_service_by_hand_is_not_undone_by_the_ui ... ok
verify / linux	UNKNOWN STEP	2026-09-27T07:32:07.5233267Z test ui::app::tests::switching_games_mid_save_still_persists_the_new_edits ... ok
verify / linux	UNKNOWN STEP	2026-09-27T07:32:07.5234259Z test ui::app::tests::switching_the_engine_leaves_unsaved_edits_alone ... ok
verify / linux	UNKNOWN STEP	2026-09-27T07:32:07.5235176Z test ui::app::tests::the_latest_edit_is_the_one_that_gets_saved ... ok
verify / linux	UNKNOWN STEP	2026-09-27T07:32:07.5236196Z test ui::app::tests::the_path_button_sends_the_path_group ... ok
verify / linux	UNKNOWN STEP	2026-09-27T07:32:07.5237848Z test ui::app::tests::the_run_button_stops_a_running_game_instead_of_launching_it_again ... ok
verify / linux	UNKNOWN STEP	2026-09-27T07:32:07.5239252Z test ui::app::tests_detail::a_late_wine_status_reply_does_not_clobber_a_typed_prefix ... ok
verify / linux	UNKNOWN STEP	2026-09-27T07:32:07.5240778Z test ui::app::tests_detail::a_pick_request_says_what_kind_of_thing_it_wants ... ok
verify / linux	UNKNOWN STEP	2026-09-27T07:32:07.5242447Z test ui::app::tests_detail::a_picked_path_lands_on_its_own_field_and_asks_where_the_disk_is ... ok
verify / linux	UNKNOWN STEP	2026-09-27T07:32:07.5243950Z test ui::app::tests_detail::an_empty_name_and_dir_are_filled_in_from_the_exe_on_submit ... ok
verify / linux	UNKNOWN STEP	2026-09-27T07:32:07.5245357Z test ui::app::tests_detail::browsing_for_an_exe_fills_the_dir_and_the_name_too ... ok
verify / linux	UNKNOWN STEP	2026-09-27T07:32:07.5246991Z test ui::app::tests_detail::browsing_is_refused_when_the_machine_has_no_dialog ... ok
verify / linux	UNKNOWN STEP	2026-09-27T07:32:07.5249195Z test ui::app::tests_detail::deleting_a_credential_takes_effect_at_once_and_says_so ... ok
verify / linux	UNKNOWN STEP	2026-09-27T07:32:07.5250358Z test ui::app::tests_detail::deleting_the_master_file_needs_the_confirmation_it_asked_for ... ok
verify / linux	UNKNOWN STEP	2026-09-27T07:32:07.5260134Z test ui::app::tests_detail::nothing_is_saved_while_only_memory_is_available ... ok
verify / linux	UNKNOWN STEP	2026-09-27T07:32:07.5262322Z test ui::app::tests_detail::reset_goes_back_to_the_stored_settings ... ok
verify / linux	UNKNOWN STEP	2026-09-27T07:32:07.5263526Z test ui::app::tests_detail::testing_the_connection_says_something_right_away ... ok
verify / linux	UNKNOWN STEP	2026-09-27T07:32:07.5265341Z test ui::app::tests_detail::the_followed_process_name_is_part_of_the_draft ... ok
verify / linux	UNKNOWN STEP	2026-09-27T07:32:07.5266210Z test sync::runner::upload::tests::upload_sends_the_whole_game_as_one_package ... ok
verify / linux	UNKNOWN STEP	2026-09-27T07:32:07.5283218Z test ui::app::tests_detail::the_save_message_names_the_store_that_actually_holds_the_credentials ... ok
verify / linux	UNKNOWN STEP	2026-09-27T07:32:07.5284420Z test ui::backend::tests::an_unrelated_failure_is_not_a_graphics_failure ... ok
verify / linux	UNKNOWN STEP	2026-09-27T07:32:07.5285434Z test ui::backend::tests::the_opengl_failure_we_actually_hit_is_recognised ... ok
verify / linux	UNKNOWN STEP	2026-09-27T07:32:07.5286444Z test ui::model::add::tests::a_hand_picked_row_wins_over_the_fingerprint_hit ... ok
verify / linux	UNKNOWN STEP	2026-09-27T07:32:07.5287544Z test ui::model::add::tests::a_late_answer_is_thrown_away ... ok
verify / linux	UNKNOWN STEP	2026-09-27T07:32:07.5289325Z test ui::model::add::tests::a_missing_index_and_an_empty_cloud_say_different_things ... ok
verify / linux	UNKNOWN STEP	2026-09-27T07:32:07.5290618Z test ui::model::add::tests::a_single_hit_is_chosen_for_the_user ... ok
verify / linux	UNKNOWN STEP	2026-09-27T07:32:07.5291762Z test ui::model::add::tests::declining_means_no_binding_until_the_user_changes_their_mind ... ok
verify / linux	UNKNOWN STEP	2026-09-27T07:32:07.5292901Z test ui::model::add::tests::picking_by_hand_binds_even_when_the_fingerprint_matched_nothing ... ok
verify / linux	UNKNOWN STEP	2026-09-27T07:32:07.5294241Z test ui::model::add::tests::resetting_clears_everything ... ok
verify / linux	UNKNOWN STEP	2026-09-27T07:32:07.5295052Z test ui::model::add::tests::several_hits_are_never_guessed ... ok
verify / linux	UNKNOWN STEP	2026-09-27T07:32:07.5296021Z test ui::model::add::tests::the_decline_button_only_makes_sense_when_there_is_a_candidate ... ok
verify / linux	UNKNOWN STEP	2026-09-27T07:32:07.5297368Z test ui::model::add::tests::typing_waits_and_only_the_last_edit_asks ... ok
verify / linux	UNKNOWN STEP	2026-09-27T07:32:07.5298274Z test ui::model::cloud::cloud_tests::a_failed_delete_changes_nothing ... ok
verify / linux	UNKNOWN STEP	2026-09-27T07:32:07.5299243Z test ui::model::cloud::cloud_tests::a_late_reply_never_lands_under_the_wrong_game ... ok
verify / linux	UNKNOWN STEP	2026-09-27T07:32:07.5300391Z test ui::model::cloud::cloud_tests::a_new_board_is_quiet_and_not_red ... ok
verify / linux	UNKNOWN STEP	2026-09-27T07:32:07.5301463Z test ui::model::cloud::cloud_tests::a_version_deleted_one_level_down_is_reflected_here ... ok
verify / linux	UNKNOWN STEP	2026-09-27T07:32:07.5302610Z test ui::model::cloud::cloud_tests::each_row_says_how_many_versions_and_where_the_machine_stands ... ok
verify / linux	UNKNOWN STEP	2026-09-27T07:32:07.5303687Z test ui::model::cloud::cloud_tests::refreshing_closes_whatever_was_open ... ok
verify / linux	UNKNOWN STEP	2026-09-27T07:32:07.5304698Z test ui::model::cloud::cloud_tests::search_matches_the_name_the_key_and_the_exe_path ... ok
verify / linux	UNKNOWN STEP	2026-09-27T07:32:07.5305731Z test ui::model::cloud::cloud_tests::sizes_are_written_the_way_people_read_them ... ok
verify / linux	UNKNOWN STEP	2026-09-27T07:32:07.5307023Z test ui::model::cloud::cloud_tests::the_reply_says_when_this_list_was_fetched ... ok
verify / linux	UNKNOWN STEP	2026-09-27T07:32:07.5308168Z test ui::model::cloud::cloud_tests::the_two_whole_game_deletes_fix_the_local_table_too ... ok
verify / linux	UNKNOWN STEP	2026-09-27T07:32:07.5309265Z test ui::model::cloud_label::tests::a_missing_name_falls_back_to_the_short_id ... ok
verify / linux	UNKNOWN STEP	2026-09-27T07:32:07.5310176Z test ui::model::cloud_label::tests::the_summary_lists_what_the_index_knows ... ok
verify / linux	UNKNOWN STEP	2026-09-27T07:32:07.5311183Z test ui::model::cloud_pick::tests::an_empty_list_never_looks_like_an_empty_cloud ... ok
verify / linux	UNKNOWN STEP	2026-09-27T07:32:07.5311921Z test ui::model::cloud_pick::tests::opening_again_starts_from_a_clean_slate ... ok
verify / linux	UNKNOWN STEP	2026-09-27T07:32:07.5313091Z test ui::model::cloud_pick::tests::picking_goes_by_cloud_id_and_closes_the_sheet ... ok
verify / linux	UNKNOWN STEP	2026-09-27T07:32:07.5313867Z test ui::model::cloud_pick::tests::the_query_filters_the_snapshot_and_says_what_it_hid ... ok
verify / linux	UNKNOWN STEP	2026-09-27T07:32:07.5314746Z test ui::model::cloud_version::tests::a_failed_delete_keeps_the_page_open_and_says_why ... ok
verify / linux	UNKNOWN STEP	2026-09-27T07:32:07.5315693Z test ui::model::cloud_version::tests::a_successful_delete_closes_the_page_and_hands_the_version_back ... ok
verify / linux	UNKNOWN STEP	2026-09-27T07:32:07.5316473Z test ui::model::cloud_version::tests::deleting_waits_for_the_second_click ... ok
verify / linux	UNKNOWN STEP	2026-09-27T07:32:07.5317778Z test ui::model::cloud_version::tests::opening_a_version_clears_whatever_the_last_one_left_behind ... ok
verify / linux	UNKNOWN STEP	2026-09-27T07:32:07.5318926Z test ui::model::confirm::tests::each_action_says_what_it_does_and_to_whom ... ok
verify / linux	UNKNOWN STEP	2026-09-27T07:32:07.5319952Z test ui::model::confirm::tests::the_count_line_disappears_when_there_is_nothing_to_count ... ok
verify / linux	UNKNOWN STEP	2026-09-27T07:32:07.5321029Z test ui::model::game::tests::a_mount_needs_a_disk_and_may_have_an_empty_relative ... ok
verify / linux	UNKNOWN STEP	2026-09-27T07:32:07.5322125Z test ui::model::game::tests::draft_seeds_exe_and_detects_changes ... ok
verify / linux	UNKNOWN STEP	2026-09-27T07:32:07.5323262Z test ui::model::game::tests::the_path_group_notices_a_reference_edit_only ... ok
verify / linux	UNKNOWN STEP	2026-09-27T07:32:07.5324223Z test ui::model::picker::tests::opening_again_starts_from_a_clean_slate ... ok
verify / linux	UNKNOWN STEP	2026-09-27T07:32:07.5325234Z test sync::runner::upload::tests::retention_only_ever_deletes_our_own_old_packages ... ok
verify / linux	UNKNOWN STEP	2026-09-27T07:32:07.5326204Z test ui::model::picker::tests::picking_uses_the_filtered_index ... ok
verify / linux	UNKNOWN STEP	2026-09-27T07:32:07.5327723Z test ui::model::picker::tests::the_query_matches_every_clue_and_says_what_it_hid ... ok
verify / linux	UNKNOWN STEP	2026-09-27T07:32:07.5328795Z test ui::model::sync::tests::switching_the_engine_names_the_one_that_becomes_invisible ... ok
verify / linux	UNKNOWN STEP	2026-09-27T07:32:07.5331408Z test ui::model::versions::tests::a_replace_waits_for_the_second_click_and_can_be_called_off ... ok
verify / linux	UNKNOWN STEP	2026-09-27T07:32:07.5332490Z test ui::model::sync::tests::the_form_patches_exactly_the_keys_the_config_has ... ok
verify / linux	UNKNOWN STEP	2026-09-27T07:32:07.5333631Z test ui::model::sync::tests::the_sync_form_seeds_from_settings_and_never_from_secrets ... ok
verify / linux	UNKNOWN STEP	2026-09-27T07:32:07.5334666Z test ui::model::versions::tests::clearing_or_forgetting_empties_the_list_but_a_failure_changes_nothing ... ok
verify / linux	UNKNOWN STEP	2026-09-27T07:32:07.5335636Z test ui::model::versions::tests::leaving_the_page_takes_the_dialog_with_it ... ok
verify / linux	UNKNOWN STEP	2026-09-27T07:32:07.5336452Z test ui::model::versions::tests::confirming_hands_over_that_one_version_and_shows_the_outcome_here ... ok
verify / linux	UNKNOWN STEP	2026-09-27T07:32:07.5337682Z test ui::model::versions::tests::deleting_one_version_takes_exactly_that_row_out_of_the_list ... ok
verify / linux	UNKNOWN STEP	2026-09-27T07:32:07.5338424Z test ui::model::versions::tests::opening_clears_whatever_the_last_one_left_behind ... ok
verify / linux	UNKNOWN STEP	2026-09-27T07:32:07.5339097Z test ui::model::versions::tests::the_newest_version_is_listed_first ... ok
verify / linux	UNKNOWN STEP	2026-09-27T07:32:07.5339583Z test ui::parse::cloud::tests::a_match_reply_carries_the_key_the_binding_needs ... ok
verify / linux	UNKNOWN STEP	2026-09-27T07:32:07.5340222Z test ui::parse::cloud::tests::versions_come_back_with_their_size_and_time ... ok
verify / linux	UNKNOWN STEP	2026-09-27T07:32:07.5341073Z test ui::parse::cloud::tests::the_cloud_list_keeps_the_cloud_name_and_the_local_side_apart ... ok
verify / linux	UNKNOWN STEP	2026-09-27T07:32:07.5341702Z test ui::parse::environment::tests::a_missing_required_dependency_is_named_in_the_summary ... ok
verify / linux	UNKNOWN STEP	2026-09-27T07:32:07.5342491Z test ui::parse::environment::tests::an_unknown_state_is_read_as_missing_not_as_fine ... ok
verify / linux	UNKNOWN STEP	2026-09-27T07:32:07.5343446Z test ui::parse::environment::tests::the_environment_report_keeps_its_wording_in_rust ... ok
verify / linux	UNKNOWN STEP	2026-09-27T07:32:07.5344154Z test ui::parse::games::tests::malformed_and_empty_response_are_errors ... ok
verify / linux	UNKNOWN STEP	2026-09-27T07:32:07.5344645Z test ui::parse::games::tests::missing_optional_fields_fall_back_safely ... ok
verify / linux	UNKNOWN STEP	2026-09-27T07:32:07.5345466Z test ui::parse::games::tests::open_then_save_preserves_stored_values ... ok
verify / linux	UNKNOWN STEP	2026-09-27T07:32:07.5346083Z test ui::parse::games::tests::search_matches_name_and_path_case_insensitively ... ok
verify / linux	UNKNOWN STEP	2026-09-27T07:32:07.5347692Z test ui::parse::games::tests::parses_the_full_scale_profile ... ok
verify / linux	UNKNOWN STEP	2026-09-27T07:32:07.5348854Z test ui::parse::games::tests::parses_watch_mode_and_save_paths_from_the_daemon ... ok
verify / linux	UNKNOWN STEP	2026-09-27T07:32:07.5349566Z test ui::parse::games::tests::unit_variant_algorithms_survive_a_load_save_cycle ... ok
verify / linux	UNKNOWN STEP	2026-09-27T07:32:07.5350061Z test ui::parse::reconnect::tests::retry_backoff_grows_then_caps ... ok
verify / linux	UNKNOWN STEP	2026-09-27T07:32:07.5350867Z test ui::parse::process::tests::a_process_list_becomes_rows_and_missing_paths_are_just_empty ... ok
verify / linux	UNKNOWN STEP	2026-09-27T07:32:07.5351750Z test ui::parse::process::tests::a_reply_without_the_key_is_an_error_not_an_empty_list ... ok
verify / linux	UNKNOWN STEP	2026-09-27T07:32:07.5352548Z test ui::parse::save_paths::tests::kind_placeholders_teach_each_format ... ok
verify / linux	UNKNOWN STEP	2026-09-27T07:32:07.5353390Z test ui::parse::save_paths::tests::save_paths_round_trip_between_editor_and_daemon ... ok
verify / linux	UNKNOWN STEP	2026-09-27T07:32:07.5353999Z test ui::parse::scale::tests::the_scaling_ratio_survives_an_open_and_save ... ok
verify / linux	UNKNOWN STEP	2026-09-27T07:32:07.5354823Z test ui::parse::scale::tests::non_numeric_resolution_is_rejected ... ok
verify / linux	UNKNOWN STEP	2026-09-27T07:32:07.5355498Z test ui::parse::scale::tests::unknown_algorithm_is_rejected_on_save ... ok
verify / linux	UNKNOWN STEP	2026-09-27T07:32:07.5355933Z test ui::parse::sync::tests::parses_the_sync_status ... ok
verify / linux	UNKNOWN STEP	2026-09-27T07:32:07.5356355Z test ui::parse::sync::tests::sync_outcomes_are_summarised_for_a_human ... ok
verify / linux	UNKNOWN STEP	2026-09-27T07:32:07.5357417Z test ui::parse::sync::tests::the_credentials_section_counts_what_is_stored ... ok
verify / linux	UNKNOWN STEP	2026-09-27T07:32:07.5357937Z test ui::parse::wine::tests::parses_wine_status ... ok
verify / linux	UNKNOWN STEP	2026-09-27T07:32:07.5358710Z test ui::render::detail::tests::an_unknown_algorithm_falls_back_to_the_first_option ... ok
verify / linux	UNKNOWN STEP	2026-09-27T07:32:07.5359507Z test ui::render::detail::tests::the_stored_profile_is_what_the_page_resets_to ... ok
verify / linux	UNKNOWN STEP	2026-09-27T07:32:07.5360315Z test ui::render::games::tests::the_empty_library_says_why_it_is_empty ... ok
verify / linux	UNKNOWN STEP	2026-09-27T07:32:07.5361190Z test ui::render::games::tests::the_library_row_reports_a_live_session_and_the_auto_watch_flag_apart ... ok
verify / linux	UNKNOWN STEP	2026-09-27T07:32:07.5362353Z test ui::render::games::tests::the_ratio_column_shows_digits_and_nothing_else ... ok
verify / linux	UNKNOWN STEP	2026-09-27T07:32:07.5363004Z test ui::render::games::tests::the_subtitle_counts_what_is_shown_and_what_exists ... ok
verify / linux	UNKNOWN STEP	2026-09-27T07:32:07.5363731Z test sync::validate::tests::missing_secrets_are_reported_before_a_run ... ok
verify / linux	UNKNOWN STEP	2026-09-27T07:32:07.5938186Z test ui::render::hit_test::the_cloud_rows_open_their_detail_and_each_version_opens_its_own_page ... ok
verify / linux	UNKNOWN STEP	2026-09-27T07:32:07.5968071Z test ui::render::settings::tests::the_service_line_tells_stopped_by_hand_apart_from_not_running ... ok
verify / linux	UNKNOWN STEP	2026-09-27T07:32:07.5997564Z test ui::render::sync::tests::every_store_gets_its_own_index_and_its_own_name ... ok
verify / linux	UNKNOWN STEP	2026-09-27T07:32:07.5998690Z test ui::render::tests::the_connection_line_tells_retrying_apart_from_giving_up ... ok
verify / linux	UNKNOWN STEP	2026-09-27T07:32:07.6005706Z test ui::render::scroll_test::dragging_the_pointer_scrolls_the_list ... ok
verify / linux	UNKNOWN STEP	2026-09-27T07:32:07.6007004Z test ui::render::hit_test::a_click_lands_on_the_control_under_the_pointer ... ok
verify / linux	UNKNOWN STEP	2026-09-27T07:32:07.6157796Z test ui::render::window_test::cloud::the_ask_dialog_card_holds_its_content ... ok
verify / linux	UNKNOWN STEP	2026-09-27T07:32:07.6237494Z test ui::render::window_test::cloud::the_archive_management_page_renders_and_deletes_through_the_shared_dialog ... ok
verify / linux	UNKNOWN STEP	2026-09-27T07:32:07.6273262Z test ui::render::window_test::cloud::the_confirm_dialog_card_holds_its_content ... ok
verify / linux	UNKNOWN STEP	2026-09-27T07:32:07.6327027Z test ui::render::hit_test::the_identity_row_opens_the_versions_page_but_its_button_still_wins ... ok
verify / linux	UNKNOWN STEP	2026-09-27T07:32:07.6459063Z test ui::render::window_test::versions::a_failed_delete_leaves_the_list_alone_and_says_which_action_failed ... ok
verify / linux	UNKNOWN STEP	2026-09-27T07:32:07.6460598Z test ui::render::window_test::versions::a_failed_reading_says_why_on_this_page ... ok
verify / linux	UNKNOWN STEP	2026-09-27T07:32:07.6761094Z test ui::render::window_test::versions::a_game_with_nothing_in_the_cloud_says_so_instead_of_listing_nothing ... ok
verify / linux	UNKNOWN STEP	2026-09-27T07:32:07.6847680Z test ui::render::window_test::versions::an_unbound_game_says_it_has_no_identity ... ok
verify / linux	UNKNOWN STEP	2026-09-27T07:32:07.6897851Z test ui::render::window_test::versions::a_replace_asks_first_and_cancelling_leaves_nothing_behind ... ok
verify / linux	UNKNOWN STEP	2026-09-27T07:32:07.7218892Z test ui::render::window_test::versions::deleting_one_version_asks_first_then_drops_that_row ... ok
verify / linux	UNKNOWN STEP	2026-09-27T07:32:07.7317614Z test ui::render::window_test::versions::the_cleanup_block_hugs_its_own_title ... ok
verify / linux	UNKNOWN STEP	2026-09-27T07:32:07.7337851Z test ui::tasks::tests::a_relative_directory_without_a_disk_is_refused_locally ... ok
verify / linux	UNKNOWN STEP	2026-09-27T07:32:07.7368238Z test ui::tasks::tests::an_unresolved_empty_exe_does_not_block_saving ... ok
verify / linux	UNKNOWN STEP	2026-09-27T07:32:07.7397610Z test ui::tasks::tests::the_path_patch_carries_only_what_changed ... ok
verify / linux	UNKNOWN STEP	2026-09-27T07:32:07.7421985Z test ui::update::add::autofill_tests::exe_fills_dir_and_name_on_both_platforms ... ok
verify / linux	UNKNOWN STEP	2026-09-27T07:32:07.7422837Z test ui::wire::tests::no_breaks_deletes_instead_of_replacing ... ok
verify / linux	UNKNOWN STEP	2026-09-27T07:32:07.7423575Z test ui::wire::tests::one_line_leaves_no_line_breaks_behind ... ok
verify / linux	UNKNOWN STEP	2026-09-27T07:32:07.7424267Z test util::exec::tests::quiet_leaves_a_std_command_usable ... ok
verify / linux	UNKNOWN STEP	2026-09-27T07:32:07.7424943Z test util::exec::tests::quiet_leaves_a_tokio_command_usable ... ok
verify / linux	UNKNOWN STEP	2026-09-27T07:32:07.7425639Z test util::tests::the_same_file_under_two_spellings_is_one_file ... ok
verify / linux	UNKNOWN STEP	2026-09-27T07:32:07.7426444Z test wine::path_tests::a_path_outside_a_prefix_is_refused_with_a_way_out ... ok
verify / linux	UNKNOWN STEP	2026-09-27T07:32:07.7427495Z test wine::path_tests::a_picked_path_is_expressed_the_most_portable_way_first ... ok
verify / linux	UNKNOWN STEP	2026-09-27T07:32:07.7428428Z test wine::path_tests::a_picked_path_turns_into_the_written_form_and_back ... ok
verify / linux	UNKNOWN STEP	2026-09-27T07:32:07.7448058Z test wine::path_tests::a_real_windows_profile_path_becomes_a_token_too ... ok
verify / linux	UNKNOWN STEP	2026-09-27T07:32:07.7449046Z test wine::path_tests::absolute_paths_stay_put_and_expand_home ... ok
verify / linux	UNKNOWN STEP	2026-09-27T07:32:07.7449947Z test wine::path_tests::infers_the_storage_kind_from_a_bare_path ... ok
verify / linux	UNKNOWN STEP	2026-09-27T07:32:07.7451176Z test wine::path_tests::picks_the_current_user_directory_first ... ok
verify / linux	UNKNOWN STEP	2026-09-27T07:32:07.7452116Z test wine::path_tests::relative_paths_resolve_against_the_game_root ... ok
verify / linux	UNKNOWN STEP	2026-09-27T07:32:07.7453112Z test wine::path_tests::resolves_literal_drive_paths_and_mixed_separators ... ok
verify / linux	UNKNOWN STEP	2026-09-27T07:32:07.7454062Z test wine::path_tests::resolves_tokens_inside_the_prefix ... ok
verify / linux	UNKNOWN STEP	2026-09-27T07:32:07.7454938Z test wine::path_tests::save_path_accepts_both_config_forms ... ok
verify / linux	UNKNOWN STEP	2026-09-27T07:32:07.7455871Z test wine::path_tests::the_same_token_resolves_on_both_sides_of_a_dual_boot ... ok
verify / linux	UNKNOWN STEP	2026-09-27T07:32:07.7457055Z test wine::path_tests::typed_text_infers_its_kind_like_a_picked_path_would ... ok
verify / linux	UNKNOWN STEP	2026-09-27T07:32:07.7458023Z test wine::path_tests::unknown_tokens_are_reported_not_guessed ... ok
verify / linux	UNKNOWN STEP	2026-09-27T07:32:07.7458911Z test wine::path_tests::windows_only_accepts_portable_drive_paths ... ok
verify / linux	UNKNOWN STEP	2026-09-27T07:32:07.7459769Z test wine::tests::a_missing_wineserver_is_survivable ... ok
verify / linux	UNKNOWN STEP	2026-09-27T07:32:07.7508847Z test ui::render::window_test::versions::the_two_whole_game_cleanups_share_the_same_dialog ... ok
verify / linux	UNKNOWN STEP	2026-09-27T07:32:07.7543647Z test wine::tests::closing_a_prefix_names_that_prefix_to_wineserver ... ok
verify / linux	UNKNOWN STEP	2026-09-27T07:32:07.7549147Z test wine::tests::falls_back_to_the_default_prefix ... ok
verify / linux	UNKNOWN STEP	2026-09-27T07:32:07.7550049Z test wine::tests::per_game_prefix_beats_the_global_one ... ok
verify / linux	UNKNOWN STEP	2026-09-27T07:32:07.7557707Z test wine::tests::portable_prefix_inside_the_game_dir_wins_over_the_default ... ok
verify / linux	UNKNOWN STEP	2026-09-27T07:32:07.7562557Z test wine::tests::the_environment_prefix_is_used_when_nothing_else_is ... ok
verify / linux	UNKNOWN STEP	2026-09-27T07:32:07.7564610Z test wine_prefixes::tests::a_missing_file_just_means_nothing_was_recorded ... ok
verify / linux	UNKNOWN STEP	2026-09-27T07:32:07.7568198Z test wine_prefixes::tests::a_prefix_is_only_written_down_once ... ok
verify / linux	UNKNOWN STEP	2026-09-27T07:32:07.7582401Z test wine_prefixes::tests::an_empty_list_runs_no_helper_at_all ... ok
verify / linux	UNKNOWN STEP	2026-09-27T07:32:07.7609757Z test wine_prefixes::tests::the_sweep_closes_what_still_exists_and_skips_what_is_gone ... ok
verify / linux	UNKNOWN STEP	2026-09-27T07:32:07.7638973Z test ui::render::window_test::versions::the_versions_page_lists_the_cloud_copies_with_the_newest_first ... ok
verify / linux	UNKNOWN STEP	2026-09-27T07:32:07.8631374Z test ui::render::window_test::library_and_sync_pages_render_without_a_display ... ok
verify / linux	UNKNOWN STEP	2026-09-27T07:32:09.7414453Z test wine::tests::a_wineserver_that_never_answers_does_not_hold_up_the_teardown ... ok
verify / linux	UNKNOWN STEP	2026-09-27T07:32:09.7415085Z 
verify / linux	UNKNOWN STEP	2026-09-27T07:32:09.7415415Z test result: ok. 530 passed; 0 failed; 5 ignored; 0 measured; 0 filtered out; finished in 2.96s
verify / linux	UNKNOWN STEP	2026-09-27T07:32:09.7415788Z 
verify / linux	UNKNOWN STEP	2026-09-27T07:32:09.7443879Z ^[[1m^[[92m     Running^[[0m tests/ipc_e2e/main.rs (target/debug/deps/ipc_e2e-ea6967c84e3692f4)
verify / linux	UNKNOWN STEP	2026-09-27T07:32:09.7461901Z 
verify / linux	UNKNOWN STEP	2026-09-27T07:32:09.7462093Z running 40 tests
verify / linux	UNKNOWN STEP	2026-09-27T07:32:10.2295903Z test cloud_delete::a_malformed_version_name_is_refused_before_any_network ... ok
verify / linux	UNKNOWN STEP	2026-09-27T07:32:10.2368621Z test cloud_delete::deleting_a_version_the_cloud_never_had_is_refused ... ok
verify / linux	UNKNOWN STEP	2026-09-27T07:32:10.2975252Z test daemon::a_second_daemon_refuses_to_steal_a_live_socket ... ok
verify / linux	UNKNOWN STEP	2026-09-27T07:32:10.3286996Z test cloud_delete::deleting_one_version_keeps_the_others_and_the_card ... ok
verify / linux	UNKNOWN STEP	2026-09-27T07:32:10.3322867Z test cloud_delete::clearing_the_versions_keeps_the_cloud_identity ... ok
verify / linux	UNKNOWN STEP	2026-09-27T07:32:10.3825738Z test daemon::second_daemon_replaces_a_stale_socket_file ... ok
verify / linux	UNKNOWN STEP	2026-09-27T07:32:10.3907574Z test fixture_contract::fake_rclone_preserves_bytes_and_escapes_json_names ... ok
verify / linux	UNKNOWN STEP	2026-09-27T07:32:10.4033093Z test daemon::daemon_ipc_end_to_end ... ok
verify / linux	UNKNOWN STEP	2026-09-27T07:32:10.4094218Z test fixture_contract::fake_rclone_rejects_unknown_commands_arguments_and_io_failures ... ok
verify / linux	UNKNOWN STEP	2026-09-27T07:32:10.4398081Z test fixture_contract::an_injected_upload_failure_is_visible_over_ipc_and_keeps_local_data ... ok
verify / linux	UNKNOWN STEP	2026-09-27T07:32:10.4591397Z test library::a_game_can_be_created_from_a_reference_alone ... ok
verify / linux	UNKNOWN STEP	2026-09-27T07:32:10.4604176Z test library::a_game_without_a_reference_still_needs_a_real_exe ... ok
verify / linux	UNKNOWN STEP	2026-09-27T07:32:10.5009344Z test library::library_entries_are_managed_over_ipc ... ok
verify / linux	UNKNOWN STEP	2026-09-27T07:32:10.5159205Z test library::scale_profile_is_patched_and_validated_over_ipc ... ok
verify / linux	UNKNOWN STEP	2026-09-27T07:32:10.5201638Z test library::updating_a_game_to_another_games_exe_is_refused ... ok
verify / linux	UNKNOWN STEP	2026-09-27T07:32:10.6432288Z test cloud_delete::deleting_the_identity_takes_the_saves_with_it ... ok
verify / linux	UNKNOWN STEP	2026-09-27T07:32:10.9212358Z test pairing::rejecting_a_pairing_sticks ... ok
verify / linux	UNKNOWN STEP	2026-09-27T07:32:10.9482890Z test pairing::changing_the_exe_updates_the_fingerprint_but_not_the_cloud_identity ... ok
verify / linux	UNKNOWN STEP	2026-09-27T07:32:10.9588031Z test pairing::a_second_machine_pairs_by_fingerprint_and_follows_the_same_directory ... ok
verify / linux	UNKNOWN STEP	2026-09-27T07:32:11.2821698Z test session::direct_launch_rejects_a_game_that_exits_immediately ... ok
verify / linux	UNKNOWN STEP	2026-09-27T07:32:11.3158466Z test session::launch_builds_the_expected_gamescope_command ... ok
verify / linux	UNKNOWN STEP	2026-09-27T07:32:11.3885696Z test sync::a_configured_program_directory_is_where_the_daemon_looks ... ok
verify / linux	UNKNOWN STEP	2026-09-27T07:32:11.6522768Z test session::manual_add_and_wine_settings_over_ipc ... ok
verify / linux	UNKNOWN STEP	2026-09-27T07:32:11.6980219Z test sync::cloud_sync_uploads_keeps_versions_and_restores_over_ipc ... ok
verify / linux	UNKNOWN STEP	2026-09-27T07:32:11.7156466Z test sync::every_sync_setting_can_actually_be_changed ... ok
verify / linux	UNKNOWN STEP	2026-09-27T07:32:11.7788438Z test sync::setting_only_the_engine_leaves_the_other_settings_alone ... ok
verify / linux	UNKNOWN STEP	2026-09-27T07:32:11.8186122Z test pairing::the_pre_launch_check_asks_once_and_the_answer_sticks ... ok
verify / linux	UNKNOWN STEP	2026-09-27T07:32:12.0868913Z test sync_cloud::a_second_machine_sees_what_the_first_one_uploaded ... ok
verify / linux	UNKNOWN STEP	2026-09-27T07:32:12.3282545Z test sync_cloud::uploading_claims_a_cloud_identity_and_keeps_it ... ok
verify / linux	UNKNOWN STEP	2026-09-27T07:32:12.4204809Z test sync_index::a_failed_refresh_keeps_the_old_cache_and_reports_the_error ... ok
verify / linux	UNKNOWN STEP	2026-09-27T07:32:12.5772057Z test sync_cloud::a_mismatched_identity_stops_both_pull_and_restore ... ok
verify / linux	UNKNOWN STEP	2026-09-27T07:32:12.7091495Z test sync_index::adding_a_game_asks_the_index_whether_the_cloud_already_has_it ... ok
verify / linux	UNKNOWN STEP	2026-09-27T07:32:12.9394146Z test sync_index::the_cloud_list_comes_from_one_index_not_from_every_card ... ok
verify / linux	UNKNOWN STEP	2026-09-27T07:32:13.0271493Z test sync_index::the_cloud_list_is_read_from_a_local_cache_after_the_first_fetch ... ok
verify / linux	UNKNOWN STEP	2026-09-27T07:32:13.2534650Z test sync_index::changing_the_sync_target_refreshes_but_retention_does_not ... ok
verify / linux	UNKNOWN STEP	2026-09-27T07:32:13.3114932Z test watch::one_process_is_claimed_by_a_single_game ... FAILED
verify / linux	UNKNOWN STEP	2026-09-27T07:32:13.3775346Z test watch::the_process_list_offers_usable_candidates_only ... ok
verify / linux	UNKNOWN STEP	2026-09-27T07:32:18.0396506Z test session::direct_launch_session_ends_when_the_game_exits ... ok
verify / linux	UNKNOWN STEP	2026-09-27T07:32:20.8994597Z test sync::save_sync_follows_the_game_lifecycle ... ok
verify / linux	UNKNOWN STEP	2026-09-27T07:32:33.1262505Z test watch::auto_watch_follows_a_game_kotori_did_not_launch ... ok
verify / linux	UNKNOWN STEP	2026-09-27T07:32:33.1263039Z 
verify / linux	UNKNOWN STEP	2026-09-27T07:32:33.1263168Z failures:
verify / linux	UNKNOWN STEP	2026-09-27T07:32:33.1263344Z 
verify / linux	UNKNOWN STEP	2026-09-27T07:32:33.1263610Z ---- watch::one_process_is_claimed_by_a_single_game stdout ----
verify / linux	UNKNOWN STEP	2026-09-27T07:32:33.1264076Z 
verify / linux	UNKNOWN STEP	2026-09-27T07:32:33.1264560Z thread 'watch::one_process_is_claimed_by_a_single_game' (8771) panicked at tests/ipc_e2e/watch.rs:155:5:
verify / linux	UNKNOWN STEP	2026-09-27T07:32:33.1266032Z assertion `left == right` failed: {"error":{"code":-32000,"message":"可执行文件已经属于「First」：同一个 exe 只能建一条档案（两条档案会让云端的版本历史分家、观测同一个进程时分不清谁在跑）"},"id":1,"jsonrpc":"2.0"}
verify / linux	UNKNOWN STEP	2026-09-27T07:32:33.1267046Z   left: Null
verify / linux	UNKNOWN STEP	2026-09-27T07:32:33.1267321Z  right: true
verify / linux	UNKNOWN STEP	2026-09-27T07:32:33.1272497Z note: run with `RUST_BACKTRACE=1` environment variable to display a backtrace
verify / linux	UNKNOWN STEP	2026-09-27T07:32:33.1273165Z --- daemon log ---
verify / linux	UNKNOWN STEP	2026-09-27T07:32:33.1273912Z ^[[2m2026-09-27T07:32:13.259283Z^[[0m ^[[32m INFO^[[0m ^[[2mkotori^[[0m^[[2m:^[[0m Starting daemon mode
verify / linux	UNKNOWN STEP	2026-09-27T07:32:33.1280930Z ^[[2m2026-09-27T07:32:13.259564Z^[[0m ^[[32m INFO^[[0m ^[[2mkotori::secrets::keyring^[[0m^[[2m:^[[0m 没有运行中的系统密钥环，凭据存到明文文件 /tmp/kt-e2e-claim-df412a80684e4348ad617f4f82e8ac05/credentials.json（权限 0600）
verify / linux	UNKNOWN STEP	2026-09-27T07:32:33.1282985Z ^[[2m2026-09-27T07:32:13.259655Z^[[0m ^[[32m INFO^[[0m ^[[2mkotori::daemon^[[0m^[[2m:^[[0m daemon listening on /tmp/kt-e2e-claim-df412a80684e4348ad617f4f82e8ac05/kotori.sock
verify / linux	UNKNOWN STEP	2026-09-27T07:32:33.1284775Z ^[[2m2026-09-27T07:32:13.306723Z^[[0m ^[[32m INFO^[[0m ^[[2mkotori::daemon::game_write^[[0m^[[2m:^[[0m game.create: first
verify / linux	UNKNOWN STEP	2026-09-27T07:32:33.1285990Z ^[[2m2026-09-27T07:32:13.308898Z^[[0m ^[[32m INFO^[[0m ^[[2mkotori::daemon::game_write^[[0m^[[2m:^[[0m game.create: second
verify / linux	UNKNOWN STEP	2026-09-27T07:32:33.1286433Z 
verify / linux	UNKNOWN STEP	2026-09-27T07:32:33.1286670Z 测试现场保留在 /tmp/kt-e2e-claim-df412a80684e4348ad617f4f82e8ac05
verify / linux	UNKNOWN STEP	2026-09-27T07:32:33.1287218Z 
verify / linux	UNKNOWN STEP	2026-09-27T07:32:33.1287224Z 
verify / linux	UNKNOWN STEP	2026-09-27T07:32:33.1287357Z failures:
verify / linux	UNKNOWN STEP	2026-09-27T07:32:33.1287612Z     watch::one_process_is_claimed_by_a_single_game
verify / linux	UNKNOWN STEP	2026-09-27T07:32:33.1287836Z 
verify / linux	UNKNOWN STEP	2026-09-27T07:32:33.1288123Z test result: FAILED. 39 passed; 1 failed; 0 ignored; 0 measured; 0 filtered out; finished in 23.38s
verify / linux	UNKNOWN STEP	2026-09-27T07:32:33.1288488Z 
verify / linux	UNKNOWN STEP	2026-09-27T07:32:33.1288742Z ^[[1m^[[91merror^[[0m: test failed, to rerun pass `--test ipc_e2e`
verify / linux	UNKNOWN STEP	2026-09-27T07:32:33.1370392Z ##[error]Process completed with exit code 101.
verify / linux	UNKNOWN STEP	2026-09-27T07:32:33.1460611Z ##[group]Run actions/upload-artifact@v4
verify / linux	UNKNOWN STEP	2026-09-27T07:32:33.1460914Z with:
verify / linux	UNKNOWN STEP	2026-09-27T07:32:33.1461184Z   name: test-artifacts-linux-x86_64
verify / linux	UNKNOWN STEP	2026-09-27T07:32:33.1461526Z   path: /home/runner/work/Kotori/Kotori/test-artifacts
verify / linux	UNKNOWN STEP	2026-09-27T07:32:33.1461861Z   if-no-files-found: warn
verify / linux	UNKNOWN STEP	2026-09-27T07:32:33.1462111Z   compression-level: 6
verify / linux	UNKNOWN STEP	2026-09-27T07:32:33.1462348Z   overwrite: false
verify / linux	UNKNOWN STEP	2026-09-27T07:32:33.1462577Z   include-hidden-files: false
verify / linux	UNKNOWN STEP	2026-09-27T07:32:33.1462826Z env:
verify / linux	UNKNOWN STEP	2026-09-27T07:32:33.1463026Z   CARGO_TERM_COLOR: always
verify / linux	UNKNOWN STEP	2026-09-27T07:32:33.1463370Z   KOTORI_TEST_ARTIFACTS: /home/runner/work/Kotori/Kotori/test-artifacts
verify / linux	UNKNOWN STEP	2026-09-27T07:32:33.1463765Z   CARGO_HOME: /home/runner/.cargo
verify / linux	UNKNOWN STEP	2026-09-27T07:32:33.1464025Z   CARGO_INCREMENTAL: 0
verify / linux	UNKNOWN STEP	2026-09-27T07:32:33.1464250Z   CACHE_ON_FAILURE: false
verify / linux	UNKNOWN STEP	2026-09-27T07:32:33.1464476Z ##[endgroup]
verify / linux	UNKNOWN STEP	2026-09-27T07:32:33.4291935Z (node:8921) [DEP0040] DeprecationWarning: The `punycode` module is deprecated. Please use a userland alternative instead.
verify / linux	UNKNOWN STEP	2026-09-27T07:32:33.4292897Z (Use `node --trace-deprecation ...` to show where the warning was created)
verify / linux	UNKNOWN STEP	2026-09-27T07:32:33.4401021Z With the provided path, there will be 9 files uploaded
verify / linux	UNKNOWN STEP	2026-09-27T07:32:33.4406202Z Artifact name is valid!
verify / linux	UNKNOWN STEP	2026-09-27T07:32:33.4406954Z Root directory input is valid!
verify / linux	UNKNOWN STEP	2026-09-27T07:32:33.7035915Z Beginning upload of artifact content to blob storage
verify / linux	UNKNOWN STEP	2026-09-27T07:32:33.7408158Z (node:8921) [DEP0169] DeprecationWarning: `url.parse()` behavior is not standardized and prone to errors that have security implications. Use the WHATWG URL API instead. CVEs are not issued for `url.parse()` vulnerabilities.
verify / linux	UNKNOWN STEP	2026-09-27T07:32:33.8618734Z Uploaded bytes 15606
verify / linux	UNKNOWN STEP	2026-09-27T07:32:33.8949481Z Finished uploading artifact content to blob storage!
verify / linux	UNKNOWN STEP	2026-09-27T07:32:33.8950496Z SHA256 digest of uploaded artifact zip is e76df72d6d3d5c2895f62b5217b8d2c21fc6e6cef3a801b5c401fadf7d5f40ae
verify / linux	UNKNOWN STEP	2026-09-27T07:32:33.8951822Z Finalizing artifact upload
verify / linux	UNKNOWN STEP	2026-09-27T07:32:34.1006507Z Artifact test-artifacts-linux-x86_64.zip successfully finalized. Artifact ID 10925898148
verify / linux	UNKNOWN STEP	2026-09-27T07:32:34.1007681Z Artifact test-artifacts-linux-x86_64 has been successfully uploaded! Final size is 15606 bytes. Artifact ID is 10925898148
verify / linux	UNKNOWN STEP	2026-09-27T07:32:34.1013550Z Artifact download URL: https://github.com/Pianzh/Kotori/actions/runs/36303108070/artifacts/10925898148
verify / linux	UNKNOWN STEP	2026-09-27T07:32:34.1229324Z Post job cleanup.
verify / linux	UNKNOWN STEP	2026-09-27T07:32:34.2136260Z [command]/usr/bin/git version
verify / linux	UNKNOWN STEP	2026-09-27T07:32:34.2187689Z git version 2.55.0
verify / linux	UNKNOWN STEP	2026-09-27T07:32:34.2237936Z Temporarily overriding HOME='/home/runner/work/_temp/3342179b-2c5c-4de8-a2e5-e44624fe4e24' before making global git config changes
verify / linux	UNKNOWN STEP	2026-09-27T07:32:34.2257836Z Adding repository directory to the temporary git global config as a safe directory
verify / linux	UNKNOWN STEP	2026-09-27T07:32:34.2267809Z [command]/usr/bin/git config --global --add safe.directory /home/runner/work/Kotori/Kotori
verify / linux	UNKNOWN STEP	2026-09-27T07:32:34.2288673Z [command]/usr/bin/git config --local --name-only --get-regexp core\.sshCommand
verify / linux	UNKNOWN STEP	2026-09-27T07:32:34.2319523Z [command]/usr/bin/git submodule foreach --recursive sh -c "git config --local --name-only --get-regexp 'core\.sshCommand' && git config --local --unset-all 'core.sshCommand' || :"
verify / linux	UNKNOWN STEP	2026-09-27T07:32:34.2602814Z [command]/usr/bin/git config --local --name-only --get-regexp http\.https\:\/\/github\.com\/\.extraheader
verify / linux	UNKNOWN STEP	2026-09-27T07:32:34.2632424Z http.https://github.com/.extraheader
verify / linux	UNKNOWN STEP	2026-09-27T07:32:34.2643649Z [command]/usr/bin/git config --local --unset-all http.https://github.com/.extraheader
verify / linux	UNKNOWN STEP	2026-09-27T07:32:34.2681238Z [command]/usr/bin/git submodule foreach --recursive sh -c "git config --local --name-only --get-regexp 'http\.https\:\/\/github\.com\/\.extraheader' && git config --local --unset-all 'http.https://github.com/.extraheader' || :"
verify / linux	UNKNOWN STEP	2026-09-27T07:32:34.2951760Z [command]/usr/bin/git config --local --name-only --get-regexp ^includeIf\.gitdir:
verify / linux	UNKNOWN STEP	2026-09-27T07:32:34.3028726Z [command]/usr/bin/git submodule foreach --recursive git config --local --show-origin --name-only --get-regexp remote.origin.url
verify / linux	UNKNOWN STEP	2026-09-27T07:32:34.3475892Z Cleaning up orphan processes
verify / linux	UNKNOWN STEP	2026-09-27T07:32:34.3904927Z Terminate orphan process: pid (4040) (sleep)
verify / linux	UNKNOWN STEP	2026-09-27T07:32:34.3914473Z ##[warning]Node.js 20 is deprecated. The following actions target Node.js 20 but are being forced to run on Node.js 24: actions/checkout@v4, actions/upload-artifact@v4. For more information see: https://github.blog/changelog/2025-09-19-deprecation-of-node-20-on-github-actions-runners/
verify / windows	UNKNOWN STEP	﻿2026-09-27T07:26:37.6795490Z Current runner version: '2.337.0'
verify / windows	UNKNOWN STEP	2026-09-27T07:26:37.6824466Z ##[group]Runner Image Provisioner
verify / windows	UNKNOWN STEP	2026-09-27T07:26:37.6825253Z Hosted Compute Agent
verify / windows	UNKNOWN STEP	2026-09-27T07:26:37.6826368Z Version: 20260828.587
verify / windows	UNKNOWN STEP	2026-09-27T07:26:37.6826994Z Commit: abac92662cab4cc7352de4f9f9d2e2419aad9c29
verify / windows	UNKNOWN STEP	2026-09-27T07:26:37.6827688Z Build Date: 2026-08-28T16:44:25Z
verify / windows	UNKNOWN STEP	2026-09-27T07:26:37.6828343Z Worker ID: {615c7b68-8503-407d-a8ee-e84562518d88}
verify / windows	UNKNOWN STEP	2026-09-27T07:26:37.6829091Z Azure Region: centralus
verify / windows	UNKNOWN STEP	2026-09-27T07:26:37.6829685Z ##[endgroup]
verify / windows	UNKNOWN STEP	2026-09-27T07:26:37.6831338Z ##[group]Operating System
verify / windows	UNKNOWN STEP	2026-09-27T07:26:37.6832002Z Microsoft Windows Server 2025
verify / windows	UNKNOWN STEP	2026-09-27T07:26:37.6832593Z 10.0.26100
verify / windows	UNKNOWN STEP	2026-09-27T07:26:37.6833059Z Datacenter
verify / windows	UNKNOWN STEP	2026-09-27T07:26:37.6833573Z ##[endgroup]
verify / windows	UNKNOWN STEP	2026-09-27T07:26:37.6834076Z ##[group]Runner Image
verify / windows	UNKNOWN STEP	2026-09-27T07:26:37.6834636Z Image: windows-2025-vs2026
verify / windows	UNKNOWN STEP	2026-09-27T07:26:37.6835211Z Version: 20260922.246.2
verify / windows	UNKNOWN STEP	2026-09-27T07:26:37.6836768Z Included Software: https://github.com/actions/runner-images/blob/win25-vs2026/20260922.246/images/windows/Windows2025-VS2026-Readme.md
verify / windows	UNKNOWN STEP	2026-09-27T07:26:37.6838412Z Image Release: https://github.com/actions/runner-images/releases/tag/win25-vs2026%2F20260922.246
verify / windows	UNKNOWN STEP	2026-09-27T07:26:37.6839341Z ##[endgroup]
verify / windows	UNKNOWN STEP	2026-09-27T07:26:37.6840500Z ##[group]GITHUB_TOKEN Permissions
verify / windows	UNKNOWN STEP	2026-09-27T07:26:37.6842704Z Contents: read
verify / windows	UNKNOWN STEP	2026-09-27T07:26:37.6843276Z Metadata: read
verify / windows	UNKNOWN STEP	2026-09-27T07:26:37.6843782Z Packages: read
verify / windows	UNKNOWN STEP	2026-09-27T07:26:37.6844426Z ##[endgroup]
verify / windows	UNKNOWN STEP	2026-09-27T07:26:37.6846684Z Secret source: Actions
verify / windows	UNKNOWN STEP	2026-09-27T07:26:37.6847581Z Cache mode: write
verify / windows	UNKNOWN STEP	2026-09-27T07:26:37.6848343Z Prepare workflow directory
verify / windows	UNKNOWN STEP	2026-09-27T07:26:37.7472174Z Prepare all required actions
verify / windows	UNKNOWN STEP	2026-09-27T07:26:37.7533910Z Getting action download info
verify / windows	UNKNOWN STEP	2026-09-27T07:26:38.0146298Z Download action repository 'actions/checkout@v4' (SHA:11d5960a326750d5838078e36cf38b85af677262)
verify / windows	UNKNOWN STEP	2026-09-27T07:26:38.1460354Z Download action repository 'dtolnay/rust-toolchain@stable' (SHA:6bed0761d98439e5a578e2877258200ad565ba87)
verify / windows	UNKNOWN STEP	2026-09-27T07:26:38.3099112Z Download action repository 'Swatinem/rust-cache@v2' (SHA:6323deb102c322ba6fcbdcafc7e3dddab59af2b6)
verify / windows	UNKNOWN STEP	2026-09-27T07:26:38.7485818Z Download action repository 'actions/upload-artifact@v4' (SHA:ea165f8d65b6e75b540449e92b4886f43607fa02)
verify / windows	UNKNOWN STEP	2026-09-27T07:26:39.1531801Z Uses: Pianzh/Kotori/.github/workflows/verify.yml@refs/heads/chore/windows-dead-code (72a14a078500cb7bf6e9465a52b9e3fee85a9e17)
verify / windows	UNKNOWN STEP	2026-09-27T07:26:39.1537992Z ##[group] Inputs
verify / windows	UNKNOWN STEP	2026-09-27T07:26:39.1538933Z   kopia-version: 0.23.1
verify / windows	UNKNOWN STEP	2026-09-27T07:26:39.1539832Z ##[endgroup]
verify / windows	UNKNOWN STEP	2026-09-27T07:26:39.1540686Z Complete job name: verify / windows
verify / windows	UNKNOWN STEP	2026-09-27T07:26:39.2859151Z ##[group]Run actions/checkout@v4
verify / windows	UNKNOWN STEP	2026-09-27T07:26:39.2860832Z with:
verify / windows	UNKNOWN STEP	2026-09-27T07:26:39.2861825Z   repository: Pianzh/Kotori
verify / windows	UNKNOWN STEP	2026-09-27T07:26:39.2870408Z   token: ***
verify / windows	UNKNOWN STEP	2026-09-27T07:26:39.2871209Z   ssh-strict: true
verify / windows	UNKNOWN STEP	2026-09-27T07:26:39.2872016Z   ssh-user: git
verify / windows	UNKNOWN STEP	2026-09-27T07:26:39.2872846Z   persist-credentials: true
verify / windows	UNKNOWN STEP	2026-09-27T07:26:39.2873734Z   clean: true
verify / windows	UNKNOWN STEP	2026-09-27T07:26:39.2874584Z   sparse-checkout-cone-mode: true
verify / windows	UNKNOWN STEP	2026-09-27T07:26:39.2875555Z   fetch-depth: 1
verify / windows	UNKNOWN STEP	2026-09-27T07:26:39.2876345Z   fetch-tags: false
verify / windows	UNKNOWN STEP	2026-09-27T07:26:39.2877542Z   show-progress: true
verify / windows	UNKNOWN STEP	2026-09-27T07:26:39.2878408Z   lfs: false
verify / windows	UNKNOWN STEP	2026-09-27T07:26:39.2879196Z   submodules: false
verify / windows	UNKNOWN STEP	2026-09-27T07:26:39.2880029Z   set-safe-directory: true
verify / windows	UNKNOWN STEP	2026-09-27T07:26:39.2880957Z   allow-unsafe-pr-checkout: false
verify / windows	UNKNOWN STEP	2026-09-27T07:26:39.2882153Z env:
verify / windows	UNKNOWN STEP	2026-09-27T07:26:39.2882910Z   CARGO_TERM_COLOR: always
verify / windows	UNKNOWN STEP	2026-09-27T07:26:39.2883967Z   KOTORI_TEST_ARTIFACTS: D:\a\Kotori\Kotori/test-artifacts
verify / windows	UNKNOWN STEP	2026-09-27T07:26:39.2885144Z ##[endgroup]
verify / windows	UNKNOWN STEP	2026-09-27T07:26:39.4345303Z Syncing repository: Pianzh/Kotori
verify / windows	UNKNOWN STEP	2026-09-27T07:26:39.4347692Z ##[group]Getting Git version info
verify / windows	UNKNOWN STEP	2026-09-27T07:26:39.4348747Z Working directory is 'D:\a\Kotori\Kotori'
verify / windows	UNKNOWN STEP	2026-09-27T07:26:39.5420728Z [command]"C:\Program Files\Git\bin\git.exe" version
verify / windows	UNKNOWN STEP	2026-09-27T07:26:39.8914630Z git version 2.55.0.windows.5
verify / windows	UNKNOWN STEP	2026-09-27T07:26:39.8973800Z ##[endgroup]
verify / windows	UNKNOWN STEP	2026-09-27T07:26:39.8996091Z Temporarily overriding HOME='D:\a\_temp\4c72bf88-f610-40e5-a1d1-2124a58d7d63' before making global git config changes
verify / windows	UNKNOWN STEP	2026-09-27T07:26:39.9000251Z Adding repository directory to the temporary git global config as a safe directory
verify / windows	UNKNOWN STEP	2026-09-27T07:26:39.9009513Z [command]"C:\Program Files\Git\bin\git.exe" config --global --add safe.directory D:\a\Kotori\Kotori
verify / windows	UNKNOWN STEP	2026-09-27T07:26:39.9627248Z Deleting the contents of 'D:\a\Kotori\Kotori'
verify / windows	UNKNOWN STEP	2026-09-27T07:26:39.9633299Z ##[group]Initializing the repository
verify / windows	UNKNOWN STEP	2026-09-27T07:26:39.9641809Z [command]"C:\Program Files\Git\bin\git.exe" init D:\a\Kotori\Kotori
verify / windows	UNKNOWN STEP	2026-09-27T07:26:40.0399682Z Initialized empty Git repository in D:/a/Kotori/Kotori/.git/
verify / windows	UNKNOWN STEP	2026-09-27T07:26:40.0446445Z [command]"C:\Program Files\Git\bin\git.exe" remote add origin https://github.com/Pianzh/Kotori
verify / windows	UNKNOWN STEP	2026-09-27T07:26:40.1002207Z ##[endgroup]
verify / windows	UNKNOWN STEP	2026-09-27T07:26:40.1003605Z ##[group]Disabling automatic garbage collection
verify / windows	UNKNOWN STEP	2026-09-27T07:26:40.1010153Z [command]"C:\Program Files\Git\bin\git.exe" config --local gc.auto 0
verify / windows	UNKNOWN STEP	2026-09-27T07:26:40.1306928Z ##[endgroup]
verify / windows	UNKNOWN STEP	2026-09-27T07:26:40.1308904Z ##[group]Setting up auth
verify / windows	UNKNOWN STEP	2026-09-27T07:26:40.1318689Z [command]"C:\Program Files\Git\bin\git.exe" config --local --name-only --get-regexp core\.sshCommand
verify / windows	UNKNOWN STEP	2026-09-27T07:26:40.1667552Z [command]"C:\Program Files\Git\bin\git.exe" submodule foreach --recursive "sh -c \"git config --local --name-only --get-regexp 'core\.sshCommand' && git config --local --unset-all 'core.sshCommand' || :\""
verify / windows	UNKNOWN STEP	2026-09-27T07:26:41.4751935Z [command]"C:\Program Files\Git\bin\git.exe" config --local --name-only --get-regexp http\.https\:\/\/github\.com\/\.extraheader
verify / windows	UNKNOWN STEP	2026-09-27T07:26:41.5043965Z [command]"C:\Program Files\Git\bin\git.exe" submodule foreach --recursive "sh -c \"git config --local --name-only --get-regexp 'http\.https\:\/\/github\.com\/\.extraheader' && git config --local --unset-all 'http.https://github.com/.extraheader' || :\""
verify / windows	UNKNOWN STEP	2026-09-27T07:26:42.0424106Z [command]"C:\Program Files\Git\bin\git.exe" config --local --name-only --get-regexp ^includeIf\.gitdir:
verify / windows	UNKNOWN STEP	2026-09-27T07:26:42.0779485Z [command]"C:\Program Files\Git\bin\git.exe" submodule foreach --recursive "git config --local --show-origin --name-only --get-regexp remote.origin.url"
verify / windows	UNKNOWN STEP	2026-09-27T07:26:42.6002930Z [command]"C:\Program Files\Git\bin\git.exe" config --local http.https://github.com/.extraheader "AUTHORIZATION: basic ***"
verify / windows	UNKNOWN STEP	2026-09-27T07:26:42.6297458Z ##[endgroup]
verify / windows	UNKNOWN STEP	2026-09-27T07:26:42.6298027Z ##[group]Fetching the repository
verify / windows	UNKNOWN STEP	2026-09-27T07:26:42.6318576Z [command]"C:\Program Files\Git\bin\git.exe" -c protocol.version=2 fetch --no-tags --prune --no-recurse-submodules --depth=1 origin +72a14a078500cb7bf6e9465a52b9e3fee85a9e17:refs/remotes/origin/chore/windows-dead-code
verify / windows	UNKNOWN STEP	2026-09-27T07:26:45.2117875Z From https://github.com/Pianzh/Kotori
verify / windows	UNKNOWN STEP	2026-09-27T07:26:45.2161998Z  * [new ref]         72a14a078500cb7bf6e9465a52b9e3fee85a9e17 -> origin/chore/windows-dead-code
verify / windows	UNKNOWN STEP	2026-09-27T07:26:45.2163991Z ##[endgroup]
verify / windows	UNKNOWN STEP	2026-09-27T07:26:45.2164744Z ##[group]Determining the checkout info
verify / windows	UNKNOWN STEP	2026-09-27T07:26:45.2166669Z ##[endgroup]
verify / windows	UNKNOWN STEP	2026-09-27T07:26:45.2180825Z [command]"C:\Program Files\Git\bin\git.exe" sparse-checkout disable
verify / windows	UNKNOWN STEP	2026-09-27T07:26:45.2591510Z [command]"C:\Program Files\Git\bin\git.exe" config --local --unset-all extensions.worktreeConfig
verify / windows	UNKNOWN STEP	2026-09-27T07:26:45.2900011Z ##[group]Checking out the ref
verify / windows	UNKNOWN STEP	2026-09-27T07:26:45.2913419Z [command]"C:\Program Files\Git\bin\git.exe" checkout --progress --force -B chore/windows-dead-code refs/remotes/origin/chore/windows-dead-code
verify / windows	UNKNOWN STEP	2026-09-27T07:26:45.4329396Z Switched to a new branch 'chore/windows-dead-code'
verify / windows	UNKNOWN STEP	2026-09-27T07:26:45.4385806Z branch 'chore/windows-dead-code' set up to track 'origin/chore/windows-dead-code'.
verify / windows	UNKNOWN STEP	2026-09-27T07:26:45.4434866Z ##[endgroup]
verify / windows	UNKNOWN STEP	2026-09-27T07:26:45.4825360Z [command]"C:\Program Files\Git\bin\git.exe" log -1 --format=%H
verify / windows	UNKNOWN STEP	2026-09-27T07:26:45.5079405Z 72a14a078500cb7bf6e9465a52b9e3fee85a9e17
verify / windows	UNKNOWN STEP	2026-09-27T07:26:45.5724939Z ##[group]Run dtolnay/rust-toolchain@stable
verify / windows	UNKNOWN STEP	2026-09-27T07:26:45.5725993Z with:
verify / windows	UNKNOWN STEP	2026-09-27T07:26:45.5726175Z   components: clippy
verify / windows	UNKNOWN STEP	2026-09-27T07:26:45.5726380Z   toolchain: stable
verify / windows	UNKNOWN STEP	2026-09-27T07:26:45.5726569Z env:
verify / windows	UNKNOWN STEP	2026-09-27T07:26:45.5726738Z   CARGO_TERM_COLOR: always
verify / windows	UNKNOWN STEP	2026-09-27T07:26:45.5727020Z   KOTORI_TEST_ARTIFACTS: D:\a\Kotori\Kotori/test-artifacts
verify / windows	UNKNOWN STEP	2026-09-27T07:26:45.5727338Z ##[endgroup]
verify / windows	UNKNOWN STEP	2026-09-27T07:26:45.5795425Z ##[start-action display=Parse toolchain version;id=__dtolnay_rust-toolchain.parse]
verify / windows	UNKNOWN STEP	2026-09-27T07:26:45.5951361Z ##[group]Run if [[ -z $toolchain ]]; then
verify / windows	UNKNOWN STEP	2026-09-27T07:26:45.5951735Z ^[[36;1mif [[ -z $toolchain ]]; then^[[0m
verify / windows	UNKNOWN STEP	2026-09-27T07:26:45.5952283Z ^[[36;1m  # GitHub does not enforce `required: true` inputs itself. https://github.com/actions/runner/issues/1070^[[0m
verify / windows	UNKNOWN STEP	2026-09-27T07:26:45.5952833Z ^[[36;1m  echo "'toolchain' is a required input" >&2^[[0m
verify / windows	UNKNOWN STEP	2026-09-27T07:26:45.5953118Z ^[[36;1m  exit 1^[[0m
verify / windows	UNKNOWN STEP	2026-09-27T07:26:45.5953481Z ^[[36;1melif [[ $toolchain =~ ^stable' '[0-9]+' '(year|month|week|day)s?' 'ago$ ]]; then^[[0m
verify / windows	UNKNOWN STEP	2026-09-27T07:26:45.5953899Z ^[[36;1m  if [[ Windows == macOS ]]; then^[[0m
verify / windows	UNKNOWN STEP	2026-09-27T07:26:45.5954404Z ^[[36;1m    echo "toolchain=1.$((($(date -v-$(sed 's/stable \([0-9]*\) \(.\).*/\1\2/' <<< $toolchain) +%s)/60/60/24-16569)/7/6))" >> $GITHUB_OUTPUT^[[0m
verify / windows	UNKNOWN STEP	2026-09-27T07:26:45.5954892Z ^[[36;1m  else^[[0m
verify / windows	UNKNOWN STEP	2026-09-27T07:26:45.5955269Z ^[[36;1m    echo "toolchain=1.$((($(date --date "${toolchain#stable }" +%s)/60/60/24-16569)/7/6))" >> $GITHUB_OUTPUT^[[0m
verify / windows	UNKNOWN STEP	2026-09-27T07:26:45.5955699Z ^[[36;1m  fi^[[0m
verify / windows	UNKNOWN STEP	2026-09-27T07:26:45.5955980Z ^[[36;1melif [[ $toolchain =~ ^stable' 'minus' '[0-9]+' 'releases?$ ]]; then^[[0m
verify / windows	UNKNOWN STEP	2026-09-27T07:26:45.5956483Z ^[[36;1m  echo "toolchain=1.$((($(date +%s)/60/60/24-16569)/7/6-${toolchain//[^0-9]/}))" >> $GITHUB_OUTPUT^[[0m
verify / windows	UNKNOWN STEP	2026-09-27T07:26:45.5956923Z ^[[36;1melif [[ $toolchain =~ ^1\.[0-9]+$ ]]; then^[[0m
verify / windows	UNKNOWN STEP	2026-09-27T07:26:45.5957427Z ^[[36;1m  echo "toolchain=1.$((i=${toolchain#1.}, c=($(date +%s)/60/60/24-16569)/7/6, i+9*i*(10*i<=c)+90*i*(100*i<=c)))" >> $GITHUB_OUTPUT^[[0m
verify / windows	UNKNOWN STEP	2026-09-27T07:26:45.5957902Z ^[[36;1melse^[[0m
verify / windows	UNKNOWN STEP	2026-09-27T07:26:45.5958127Z ^[[36;1m  echo "toolchain=$toolchain" >> $GITHUB_OUTPUT^[[0m
verify / windows	UNKNOWN STEP	2026-09-27T07:26:45.5958397Z ^[[36;1mfi^[[0m
verify / windows	UNKNOWN STEP	2026-09-27T07:26:45.6015133Z shell: C:\Program Files\Git\bin\bash.EXE --noprofile --norc -e -o pipefail {0}
verify / windows	UNKNOWN STEP	2026-09-27T07:26:45.6015624Z env:
verify / windows	UNKNOWN STEP	2026-09-27T07:26:45.6015835Z   CARGO_TERM_COLOR: always
verify / windows	UNKNOWN STEP	2026-09-27T07:26:45.6016186Z   KOTORI_TEST_ARTIFACTS: D:\a\Kotori\Kotori/test-artifacts
verify / windows	UNKNOWN STEP	2026-09-27T07:26:45.6016565Z   toolchain: stable
verify / windows	UNKNOWN STEP	2026-09-27T07:26:45.6016786Z ##[endgroup]
verify / windows	UNKNOWN STEP	2026-09-27T07:26:45.7567177Z ##[end-action id=__dtolnay_rust-toolchain.parse;outcome=success;conclusion=success;duration_ms=177]
verify / windows	UNKNOWN STEP	2026-09-27T07:26:45.7580722Z ##[start-action display=Construct rustup command line;id=__dtolnay_rust-toolchain.flags]
verify / windows	UNKNOWN STEP	2026-09-27T07:26:45.7726592Z ##[group]Run echo "targets=$(for t in ${targets//,/ }; do echo -n ' --target' $t; done)" >> $GITHUB_OUTPUT
verify / windows	UNKNOWN STEP	2026-09-27T07:26:45.7727266Z ^[[36;1mecho "targets=$(for t in ${targets//,/ }; do echo -n ' --target' $t; done)" >> $GITHUB_OUTPUT^[[0m
verify / windows	UNKNOWN STEP	2026-09-27T07:26:45.7727900Z ^[[36;1mecho "components=$(for c in ${components//,/ }; do echo -n ' --component' $c; done)" >> $GITHUB_OUTPUT^[[0m
verify / windows	UNKNOWN STEP	2026-09-27T07:26:45.7728374Z ^[[36;1mecho "downgrade=" >> $GITHUB_OUTPUT^[[0m
verify / windows	UNKNOWN STEP	2026-09-27T07:26:45.7744154Z shell: C:\Program Files\Git\bin\bash.EXE --noprofile --norc -e -o pipefail {0}
verify / windows	UNKNOWN STEP	2026-09-27T07:26:45.7744537Z env:
verify / windows	UNKNOWN STEP	2026-09-27T07:26:45.7744711Z   CARGO_TERM_COLOR: always
verify / windows	UNKNOWN STEP	2026-09-27T07:26:45.7744983Z   KOTORI_TEST_ARTIFACTS: D:\a\Kotori\Kotori/test-artifacts
verify / windows	UNKNOWN STEP	2026-09-27T07:26:45.7745280Z   targets: 
verify / windows	UNKNOWN STEP	2026-09-27T07:26:45.7745455Z   components: clippy
verify / windows	UNKNOWN STEP	2026-09-27T07:26:45.7745638Z ##[endgroup]
verify / windows	UNKNOWN STEP	2026-09-27T07:26:45.8354407Z ##[end-action id=__dtolnay_rust-toolchain.flags;outcome=success;conclusion=success;duration_ms=77]
verify / windows	UNKNOWN STEP	2026-09-27T07:26:45.8356952Z ##[start-action display=Set $CARGO_HOME;id=__dtolnay_rust-toolchain.__run]
verify / windows	UNKNOWN STEP	2026-09-27T07:26:45.8488806Z ##[group]Run echo CARGO_HOME=${CARGO_HOME:-"$USERPROFILE\.cargo"} >> $GITHUB_ENV
verify / windows	UNKNOWN STEP	2026-09-27T07:26:45.8489553Z ^[[36;1mecho CARGO_HOME=${CARGO_HOME:-"$USERPROFILE\.cargo"} >> $GITHUB_ENV^[[0m
verify / windows	UNKNOWN STEP	2026-09-27T07:26:45.8505271Z shell: C:\Program Files\Git\bin\bash.EXE --noprofile --norc -e -o pipefail {0}
verify / windows	UNKNOWN STEP	2026-09-27T07:26:45.8505669Z env:
verify / windows	UNKNOWN STEP	2026-09-27T07:26:45.8505845Z   CARGO_TERM_COLOR: always
verify / windows	UNKNOWN STEP	2026-09-27T07:26:45.8506121Z   KOTORI_TEST_ARTIFACTS: D:\a\Kotori\Kotori/test-artifacts
verify / windows	UNKNOWN STEP	2026-09-27T07:26:45.8506691Z ##[endgroup]
verify / windows	UNKNOWN STEP	2026-09-27T07:26:45.8902833Z ##[end-action id=__dtolnay_rust-toolchain.__run;outcome=success;conclusion=success;duration_ms=54]
verify / windows	UNKNOWN STEP	2026-09-27T07:26:45.8905068Z ##[start-action display=Install rustup if needed;id=__dtolnay_rust-toolchain.__run_2]
verify / windows	UNKNOWN STEP	2026-09-27T07:26:45.8915555Z ##[end-action id=__dtolnay_rust-toolchain.__run_2;outcome=skipped;conclusion=skipped;duration_ms=0]
verify / windows	UNKNOWN STEP	2026-09-27T07:26:45.8917683Z ##[start-action display=Install rustup if needed on windows;id=__dtolnay_rust-toolchain.__run_3]
verify / windows	UNKNOWN STEP	2026-09-27T07:26:45.9050761Z ##[group]Run if ! command -v rustup &>/dev/null; then
verify / windows	UNKNOWN STEP	2026-09-27T07:26:45.9051120Z ^[[36;1mif ! command -v rustup &>/dev/null; then^[[0m
verify / windows	UNKNOWN STEP	2026-09-27T07:26:45.9051877Z ^[[36;1m  curl --proto '=https' --tlsv1.2 --retry 10 --retry-connrefused --location --silent --show-error --fail https://win.rustup.rs/x86_64 --output 'D:\a\_temp\rustup-init.exe'^[[0m
verify / windows	UNKNOWN STEP	2026-09-27T07:26:45.9052715Z ^[[36;1m  'D:\a\_temp\rustup-init.exe' --default-toolchain none --no-modify-path -y^[[0m
verify / windows	UNKNOWN STEP	2026-09-27T07:26:45.9053128Z ^[[36;1m  echo "$CARGO_HOME\bin" >> $GITHUB_PATH^[[0m
verify / windows	UNKNOWN STEP	2026-09-27T07:26:45.9053380Z ^[[36;1mfi^[[0m
verify / windows	UNKNOWN STEP	2026-09-27T07:26:45.9069421Z shell: C:\Program Files\Git\bin\bash.EXE --noprofile --norc -e -o pipefail {0}
verify / windows	UNKNOWN STEP	2026-09-27T07:26:45.9069801Z env:
verify / windows	UNKNOWN STEP	2026-09-27T07:26:45.9069978Z   CARGO_TERM_COLOR: always
verify / windows	UNKNOWN STEP	2026-09-27T07:26:45.9070255Z   KOTORI_TEST_ARTIFACTS: D:\a\Kotori\Kotori/test-artifacts
verify / windows	UNKNOWN STEP	2026-09-27T07:26:45.9070573Z   CARGO_HOME: C:\Users\runneradmin\.cargo
verify / windows	UNKNOWN STEP	2026-09-27T07:26:45.9070825Z ##[endgroup]
verify / windows	UNKNOWN STEP	2026-09-27T07:26:45.9689423Z ##[end-action id=__dtolnay_rust-toolchain.__run_3;outcome=success;conclusion=success;duration_ms=77]
verify / windows	UNKNOWN STEP	2026-09-27T07:26:45.9702606Z ##[start-action display=rustup toolchain install stable;id=__dtolnay_rust-toolchain.__run_4]
verify / windows	UNKNOWN STEP	2026-09-27T07:26:45.9837750Z ##[group]Run rustup toolchain install stable --component clippy --profile minimal --no-self-update
verify / windows	UNKNOWN STEP	2026-09-27T07:26:45.9838419Z ^[[36;1mrustup toolchain install stable --component clippy --profile minimal --no-self-update^[[0m
verify / windows	UNKNOWN STEP	2026-09-27T07:26:45.9853754Z shell: C:\Program Files\Git\bin\bash.EXE --noprofile --norc -e -o pipefail {0}
verify / windows	UNKNOWN STEP	2026-09-27T07:26:45.9854231Z env:
verify / windows	UNKNOWN STEP	2026-09-27T07:26:45.9854409Z   CARGO_TERM_COLOR: always
verify / windows	UNKNOWN STEP	2026-09-27T07:26:45.9854689Z   KOTORI_TEST_ARTIFACTS: D:\a\Kotori\Kotori/test-artifacts
verify / windows	UNKNOWN STEP	2026-09-27T07:26:45.9855016Z   CARGO_HOME: C:\Users\runneradmin\.cargo
verify / windows	UNKNOWN STEP	2026-09-27T07:26:45.9855351Z   RUSTUP_PERMIT_COPY_RENAME: 1
verify / windows	UNKNOWN STEP	2026-09-27T07:26:45.9874777Z ##[endgroup]
verify / windows	UNKNOWN STEP	2026-09-27T07:26:48.7986798Z info: syncing channel updates for stable-x86_64-pc-windows-msvc
verify / windows	UNKNOWN STEP	2026-09-27T07:26:50.4572404Z info: latest update on 2026-09-03 for version 1.98.1 (48a229cea 2026-09-01)
verify / windows	UNKNOWN STEP	2026-09-27T07:26:50.4839353Z info: component clippy is up to date
verify / windows	UNKNOWN STEP	2026-09-27T07:26:50.4855674Z 
verify / windows	UNKNOWN STEP	2026-09-27T07:26:50.5055335Z   stable-x86_64-pc-windows-msvc unchanged - rustc 1.98.1 (48a229cea 2026-09-01)
verify / windows	UNKNOWN STEP	2026-09-27T07:26:50.5055745Z 
verify / windows	UNKNOWN STEP	2026-09-27T07:26:50.5160815Z ##[end-action id=__dtolnay_rust-toolchain.__run_4;outcome=success;conclusion=success;duration_ms=4545]
verify / windows	UNKNOWN STEP	2026-09-27T07:26:50.5165747Z ##[start-action display=rustup default stable;id=__dtolnay_rust-toolchain.__run_5]
verify / windows	UNKNOWN STEP	2026-09-27T07:26:50.5292032Z ##[group]Run rustup default stable
verify / windows	UNKNOWN STEP	2026-09-27T07:26:50.5292291Z ^[[36;1mrustup default stable^[[0m
verify / windows	UNKNOWN STEP	2026-09-27T07:26:50.5307727Z shell: C:\Program Files\Git\bin\bash.EXE --noprofile --norc -e -o pipefail {0}
verify / windows	UNKNOWN STEP	2026-09-27T07:26:50.5308117Z env:
verify / windows	UNKNOWN STEP	2026-09-27T07:26:50.5308289Z   CARGO_TERM_COLOR: always
verify / windows	UNKNOWN STEP	2026-09-27T07:26:50.5309178Z   KOTORI_TEST_ARTIFACTS: D:\a\Kotori\Kotori/test-artifacts
verify / windows	UNKNOWN STEP	2026-09-27T07:26:50.5309546Z   CARGO_HOME: C:\Users\runneradmin\.cargo
verify / windows	UNKNOWN STEP	2026-09-27T07:26:50.5309937Z ##[endgroup]
verify / windows	UNKNOWN STEP	2026-09-27T07:26:50.6006361Z info: using existing install for stable-x86_64-pc-windows-msvc
verify / windows	UNKNOWN STEP	2026-09-27T07:26:50.6143154Z info: default toolchain set to stable-x86_64-pc-windows-msvc
verify / windows	UNKNOWN STEP	2026-09-27T07:26:50.6145428Z 
verify / windows	UNKNOWN STEP	2026-09-27T07:26:50.6332020Z   stable-x86_64-pc-windows-msvc unchanged - rustc 1.98.1 (48a229cea 2026-09-01)
verify / windows	UNKNOWN STEP	2026-09-27T07:26:50.6332380Z 
verify / windows	UNKNOWN STEP	2026-09-27T07:26:50.6433344Z ##[end-action id=__dtolnay_rust-toolchain.__run_5;outcome=success;conclusion=success;duration_ms=126]
verify / windows	UNKNOWN STEP	2026-09-27T07:26:50.6435593Z ##[start-action display=Create cachekey;id=__dtolnay_rust-toolchain.rustc-version]
verify / windows	UNKNOWN STEP	2026-09-27T07:26:50.6561763Z ##[group]Run DATE=$(rustc +stable --version --verbose | sed -ne 's/^commit-date: \(20[0-9][0-9]\)-\([01][0-9]\)-\([0-3][0-9]\)$/\1\2\3/p')
verify / windows	UNKNOWN STEP	2026-09-27T07:26:50.6562559Z ^[[36;1mDATE=$(rustc +stable --version --verbose | sed -ne 's/^commit-date: \(20[0-9][0-9]\)-\([01][0-9]\)-\([0-3][0-9]\)$/\1\2\3/p')^[[0m
verify / windows	UNKNOWN STEP	2026-09-27T07:26:50.6563205Z ^[[36;1mHASH=$(rustc +stable --version --verbose | sed -ne 's/^commit-hash: //p')^[[0m
verify / windows	UNKNOWN STEP	2026-09-27T07:26:50.6563682Z ^[[36;1mecho "cachekey=$(echo $DATE$HASH | head -c12)" >> $GITHUB_OUTPUT^[[0m
verify / windows	UNKNOWN STEP	2026-09-27T07:26:50.6578693Z shell: C:\Program Files\Git\bin\bash.EXE --noprofile --norc -e -o pipefail {0}
verify / windows	UNKNOWN STEP	2026-09-27T07:26:50.6579074Z env:
verify / windows	UNKNOWN STEP	2026-09-27T07:26:50.6579247Z   CARGO_TERM_COLOR: always
verify / windows	UNKNOWN STEP	2026-09-27T07:26:50.6579518Z   KOTORI_TEST_ARTIFACTS: D:\a\Kotori\Kotori/test-artifacts
verify / windows	UNKNOWN STEP	2026-09-27T07:26:50.6579833Z   CARGO_HOME: C:\Users\runneradmin\.cargo
verify / windows	UNKNOWN STEP	2026-09-27T07:26:50.6580072Z ##[endgroup]
verify / windows	UNKNOWN STEP	2026-09-27T07:26:51.3753908Z ##[end-action id=__dtolnay_rust-toolchain.rustc-version;outcome=success;conclusion=success;duration_ms=731]
verify / windows	UNKNOWN STEP	2026-09-27T07:26:51.3756819Z ##[start-action display=Disable incremental compilation;id=__dtolnay_rust-toolchain.__run_6]
verify / windows	UNKNOWN STEP	2026-09-27T07:26:51.3886872Z ##[group]Run if [ -z "${CARGO_INCREMENTAL+set}" ]; then
verify / windows	UNKNOWN STEP	2026-09-27T07:26:51.3887235Z ^[[36;1mif [ -z "${CARGO_INCREMENTAL+set}" ]; then^[[0m
verify / windows	UNKNOWN STEP	2026-09-27T07:26:51.3887549Z ^[[36;1m  echo CARGO_INCREMENTAL=0 >> $GITHUB_ENV^[[0m
verify / windows	UNKNOWN STEP	2026-09-27T07:26:51.3887803Z ^[[36;1mfi^[[0m
verify / windows	UNKNOWN STEP	2026-09-27T07:26:51.3902745Z shell: C:\Program Files\Git\bin\bash.EXE --noprofile --norc -e -o pipefail {0}
verify / windows	UNKNOWN STEP	2026-09-27T07:26:51.3903114Z env:
verify / windows	UNKNOWN STEP	2026-09-27T07:26:51.3903292Z   CARGO_TERM_COLOR: always
verify / windows	UNKNOWN STEP	2026-09-27T07:26:51.3903574Z   KOTORI_TEST_ARTIFACTS: D:\a\Kotori\Kotori/test-artifacts
verify / windows	UNKNOWN STEP	2026-09-27T07:26:51.3903900Z   CARGO_HOME: C:\Users\runneradmin\.cargo
verify / windows	UNKNOWN STEP	2026-09-27T07:26:51.3904138Z ##[endgroup]
verify / windows	UNKNOWN STEP	2026-09-27T07:26:51.4291385Z ##[end-action id=__dtolnay_rust-toolchain.__run_6;outcome=success;conclusion=success;duration_ms=53]
verify / windows	UNKNOWN STEP	2026-09-27T07:26:51.4293896Z ##[start-action display=Enable colors in Cargo output;id=__dtolnay_rust-toolchain.__run_7]
verify / windows	UNKNOWN STEP	2026-09-27T07:26:51.4417488Z ##[group]Run if [ -z "${CARGO_TERM_COLOR+set}" ]; then
verify / windows	UNKNOWN STEP	2026-09-27T07:26:51.4417838Z ^[[36;1mif [ -z "${CARGO_TERM_COLOR+set}" ]; then^[[0m
verify / windows	UNKNOWN STEP	2026-09-27T07:26:51.4418152Z ^[[36;1m  echo CARGO_TERM_COLOR=always >> $GITHUB_ENV^[[0m
verify / windows	UNKNOWN STEP	2026-09-27T07:26:51.4418425Z ^[[36;1mfi^[[0m
verify / windows	UNKNOWN STEP	2026-09-27T07:26:51.4433331Z shell: C:\Program Files\Git\bin\bash.EXE --noprofile --norc -e -o pipefail {0}
verify / windows	UNKNOWN STEP	2026-09-27T07:26:51.4433703Z env:
verify / windows	UNKNOWN STEP	2026-09-27T07:26:51.4433867Z   CARGO_TERM_COLOR: always
verify / windows	UNKNOWN STEP	2026-09-27T07:26:51.4434130Z   KOTORI_TEST_ARTIFACTS: D:\a\Kotori\Kotori/test-artifacts
verify / windows	UNKNOWN STEP	2026-09-27T07:26:51.4434445Z   CARGO_HOME: C:\Users\runneradmin\.cargo
verify / windows	UNKNOWN STEP	2026-09-27T07:26:51.4434685Z   CARGO_INCREMENTAL: 0
verify / windows	UNKNOWN STEP	2026-09-27T07:26:51.4434867Z ##[endgroup]
verify / windows	UNKNOWN STEP	2026-09-27T07:26:51.4815359Z ##[end-action id=__dtolnay_rust-toolchain.__run_7;outcome=success;conclusion=success;duration_ms=52]
verify / windows	UNKNOWN STEP	2026-09-27T07:26:51.4818699Z ##[start-action display=Enable Cargo sparse registry;id=__dtolnay_rust-toolchain.__run_8]
verify / windows	UNKNOWN STEP	2026-09-27T07:26:51.4980501Z ##[group]Run # implemented in 1.66, stabilized in 1.68, made default in 1.70
verify / windows	UNKNOWN STEP	2026-09-27T07:26:51.4981165Z ^[[36;1m# implemented in 1.66, stabilized in 1.68, made default in 1.70^[[0m
verify / windows	UNKNOWN STEP	2026-09-27T07:26:51.4981813Z ^[[36;1mif [ -z "${CARGO_REGISTRIES_CRATES_IO_PROTOCOL+set}" -o -f "D:\a\_temp"/.implicit_cargo_registries_crates_io_protocol ]; then^[[0m
verify / windows	UNKNOWN STEP	2026-09-27T07:26:51.4983198Z ^[[36;1m  if rustc +stable --version --verbose | grep -q '^release: 1\.6[89]\.'; then^[[0m
verify / windows	UNKNOWN STEP	2026-09-27T07:26:51.4983692Z ^[[36;1m    touch "D:\a\_temp"/.implicit_cargo_registries_crates_io_protocol || true^[[0m
verify / windows	UNKNOWN STEP	2026-09-27T07:26:51.4984155Z ^[[36;1m    echo CARGO_REGISTRIES_CRATES_IO_PROTOCOL=sparse >> $GITHUB_ENV^[[0m
verify / windows	UNKNOWN STEP	2026-09-27T07:26:51.4984624Z ^[[36;1m  elif rustc +stable --version --verbose | grep -q '^release: 1\.6[67]\.'; then^[[0m
verify / windows	UNKNOWN STEP	2026-09-27T07:26:51.4985112Z ^[[36;1m    touch "D:\a\_temp"/.implicit_cargo_registries_crates_io_protocol || true^[[0m
verify / windows	UNKNOWN STEP	2026-09-27T07:26:51.4985559Z ^[[36;1m    echo CARGO_REGISTRIES_CRATES_IO_PROTOCOL=git >> $GITHUB_ENV^[[0m
verify / windows	UNKNOWN STEP	2026-09-27T07:26:51.4985874Z ^[[36;1m  fi^[[0m
verify / windows	UNKNOWN STEP	2026-09-27T07:26:51.4986034Z ^[[36;1mfi^[[0m
verify / windows	UNKNOWN STEP	2026-09-27T07:26:51.5000630Z shell: C:\Program Files\Git\bin\bash.EXE --noprofile --norc -e -o pipefail {0}
verify / windows	UNKNOWN STEP	2026-09-27T07:26:51.5001010Z env:
verify / windows	UNKNOWN STEP	2026-09-27T07:26:51.5001177Z   CARGO_TERM_COLOR: always
verify / windows	UNKNOWN STEP	2026-09-27T07:26:51.5001533Z   KOTORI_TEST_ARTIFACTS: D:\a\Kotori\Kotori/test-artifacts
verify / windows	UNKNOWN STEP	2026-09-27T07:26:51.5001856Z   CARGO_HOME: C:\Users\runneradmin\.cargo
verify / windows	UNKNOWN STEP	2026-09-27T07:26:51.5002134Z   CARGO_INCREMENTAL: 0
verify / windows	UNKNOWN STEP	2026-09-27T07:26:51.5002359Z ##[endgroup]
verify / windows	UNKNOWN STEP	2026-09-27T07:26:51.6905840Z ##[end-action id=__dtolnay_rust-toolchain.__run_8;outcome=success;conclusion=success;duration_ms=208]
verify / windows	UNKNOWN STEP	2026-09-27T07:26:51.6908218Z ##[start-action display=Work around spurious network errors in curl 8.0;id=__dtolnay_rust-toolchain.__run_9]
verify / windows	UNKNOWN STEP	2026-09-27T07:26:51.7039505Z ##[group]Run # https://rust-lang.zulipchat.com/#narrow/stream/246057-t-cargo/topic/timeout.20investigation
verify / windows	UNKNOWN STEP	2026-09-27T07:26:51.7040221Z ^[[36;1m# https://rust-lang.zulipchat.com/#narrow/stream/246057-t-cargo/topic/timeout.20investigation^[[0m
verify / windows	UNKNOWN STEP	2026-09-27T07:26:51.7040814Z ^[[36;1mif rustc +stable --version --verbose | grep -q '^release: 1\.7[01]\.'; then^[[0m
verify / windows	UNKNOWN STEP	2026-09-27T07:26:51.7041257Z ^[[36;1m  echo CARGO_HTTP_MULTIPLEXING=false >> $GITHUB_ENV^[[0m
verify / windows	UNKNOWN STEP	2026-09-27T07:26:51.7041539Z ^[[36;1mfi^[[0m
verify / windows	UNKNOWN STEP	2026-09-27T07:26:51.7055566Z shell: C:\Program Files\Git\bin\bash.EXE --noprofile --norc -e -o pipefail {0}
verify / windows	UNKNOWN STEP	2026-09-27T07:26:51.7055945Z env:
verify / windows	UNKNOWN STEP	2026-09-27T07:26:51.7056115Z   CARGO_TERM_COLOR: always
verify / windows	UNKNOWN STEP	2026-09-27T07:26:51.7056387Z   KOTORI_TEST_ARTIFACTS: D:\a\Kotori\Kotori/test-artifacts
verify / windows	UNKNOWN STEP	2026-09-27T07:26:51.7056708Z   CARGO_HOME: C:\Users\runneradmin\.cargo
verify / windows	UNKNOWN STEP	2026-09-27T07:26:51.7056951Z   CARGO_INCREMENTAL: 0
verify / windows	UNKNOWN STEP	2026-09-27T07:26:51.7057133Z ##[endgroup]
verify / windows	UNKNOWN STEP	2026-09-27T07:26:51.8335546Z ##[end-action id=__dtolnay_rust-toolchain.__run_9;outcome=success;conclusion=success;duration_ms=142]
verify / windows	UNKNOWN STEP	2026-09-27T07:26:51.8339801Z ##[start-action display=rustc +stable --version --verbose;id=__dtolnay_rust-toolchain.__run_10]
verify / windows	UNKNOWN STEP	2026-09-27T07:26:51.8469963Z ##[group]Run rustc +stable --version --verbose
verify / windows	UNKNOWN STEP	2026-09-27T07:26:51.8470422Z ^[[36;1mrustc +stable --version --verbose^[[0m
verify / windows	UNKNOWN STEP	2026-09-27T07:26:51.8485865Z shell: C:\Program Files\Git\bin\bash.EXE --noprofile --norc -e -o pipefail {0}
verify / windows	UNKNOWN STEP	2026-09-27T07:26:51.8486335Z env:
verify / windows	UNKNOWN STEP	2026-09-27T07:26:51.8486631Z   CARGO_TERM_COLOR: always
verify / windows	UNKNOWN STEP	2026-09-27T07:26:51.8487023Z   KOTORI_TEST_ARTIFACTS: D:\a\Kotori\Kotori/test-artifacts
verify / windows	UNKNOWN STEP	2026-09-27T07:26:51.8542154Z   CARGO_HOME: C:\Users\runneradmin\.cargo
verify / windows	UNKNOWN STEP	2026-09-27T07:26:51.8542472Z   CARGO_INCREMENTAL: 0
verify / windows	UNKNOWN STEP	2026-09-27T07:26:51.8542664Z ##[endgroup]
verify / windows	UNKNOWN STEP	2026-09-27T07:26:51.9350589Z rustc 1.98.1 (48a229cea 2026-09-01)
verify / windows	UNKNOWN STEP	2026-09-27T07:26:51.9351004Z binary: rustc
verify / windows	UNKNOWN STEP	2026-09-27T07:26:51.9351254Z commit-hash: 48a229ceaefd4985c50990b14116b6d856af0985
verify / windows	UNKNOWN STEP	2026-09-27T07:26:51.9351548Z commit-date: 2026-09-01
verify / windows	UNKNOWN STEP	2026-09-27T07:26:51.9351765Z host: x86_64-pc-windows-msvc
verify / windows	UNKNOWN STEP	2026-09-27T07:26:51.9351982Z release: 1.98.1
verify / windows	UNKNOWN STEP	2026-09-27T07:26:51.9353293Z LLVM version: 22.1.8
verify / windows	UNKNOWN STEP	2026-09-27T07:26:51.9466935Z ##[end-action id=__dtolnay_rust-toolchain.__run_10;outcome=success;conclusion=success;duration_ms=112]
verify / windows	UNKNOWN STEP	2026-09-27T07:26:51.9684912Z ##[group]Run Swatinem/rust-cache@v2
verify / windows	UNKNOWN STEP	2026-09-27T07:26:51.9685406Z with:
verify / windows	UNKNOWN STEP	2026-09-27T07:26:51.9685585Z   cache-on-failure: true
verify / windows	UNKNOWN STEP	2026-09-27T07:26:51.9685795Z   prefix-key: v0-rust
verify / windows	UNKNOWN STEP	2026-09-27T07:26:51.9685987Z   add-job-id-key: true
verify / windows	UNKNOWN STEP	2026-09-27T07:26:51.9686200Z   add-rust-environment-hash-key: true
verify / windows	UNKNOWN STEP	2026-09-27T07:26:51.9686442Z   cache-targets: true
verify / windows	UNKNOWN STEP	2026-09-27T07:26:51.9686633Z   cache-all-crates: false
verify / windows	UNKNOWN STEP	2026-09-27T07:26:51.9686841Z   cache-workspace-crates: false
verify / windows	UNKNOWN STEP	2026-09-27T07:26:51.9687052Z   save-if: true
verify / windows	UNKNOWN STEP	2026-09-27T07:26:51.9687233Z   cache-provider: github
verify / windows	UNKNOWN STEP	2026-09-27T07:26:51.9687436Z   cache-bin: true
verify / windows	UNKNOWN STEP	2026-09-27T07:26:51.9687609Z   lookup-only: false
verify / windows	UNKNOWN STEP	2026-09-27T07:26:51.9687787Z   cmd-format: {0}
verify / windows	UNKNOWN STEP	2026-09-27T07:26:51.9687955Z env:
verify / windows	UNKNOWN STEP	2026-09-27T07:26:51.9688113Z   CARGO_TERM_COLOR: always
verify / windows	UNKNOWN STEP	2026-09-27T07:26:51.9688380Z   KOTORI_TEST_ARTIFACTS: D:\a\Kotori\Kotori/test-artifacts
verify / windows	UNKNOWN STEP	2026-09-27T07:26:51.9688707Z   CARGO_HOME: C:\Users\runneradmin\.cargo
verify / windows	UNKNOWN STEP	2026-09-27T07:26:51.9688984Z   CARGO_INCREMENTAL: 0
verify / windows	UNKNOWN STEP	2026-09-27T07:26:51.9689168Z ##[endgroup]
verify / windows	UNKNOWN STEP	2026-09-27T07:26:54.3146121Z ##[group]Cache Configuration
verify / windows	UNKNOWN STEP	2026-09-27T07:26:54.3146587Z Cache Provider:
verify / windows	UNKNOWN STEP	2026-09-27T07:26:54.3167772Z     github
verify / windows	UNKNOWN STEP	2026-09-27T07:26:54.3168433Z Workspaces:
verify / windows	UNKNOWN STEP	2026-09-27T07:26:54.3168942Z     D:\a\Kotori\Kotori
verify / windows	UNKNOWN STEP	2026-09-27T07:26:54.3169457Z Cache Paths:
verify / windows	UNKNOWN STEP	2026-09-27T07:26:54.3169935Z     C:\Users\runneradmin\.cargo\bin
verify / windows	UNKNOWN STEP	2026-09-27T07:26:54.3171398Z     C:\Users\runneradmin\.cargo\.crates.toml
verify / windows	UNKNOWN STEP	2026-09-27T07:26:54.3172110Z     C:\Users\runneradmin\.cargo\.crates2.json
verify / windows	UNKNOWN STEP	2026-09-27T07:26:54.3173407Z     C:\Users\runneradmin\.cargo\registry
verify / windows	UNKNOWN STEP	2026-09-27T07:26:54.3174527Z     C:\Users\runneradmin\.cargo\git
verify / windows	UNKNOWN STEP	2026-09-27T07:26:54.3175696Z     D:\a\Kotori\Kotori\target
verify / windows	UNKNOWN STEP	2026-09-27T07:26:54.3176821Z Restore Key:
verify / windows	UNKNOWN STEP	2026-09-27T07:26:54.3177690Z     v0-rust-windows-Windows_NT-x64-2113753f
verify / windows	UNKNOWN STEP	2026-09-27T07:26:54.3178806Z Cache Key:
verify / windows	UNKNOWN STEP	2026-09-27T07:26:54.3179610Z     v0-rust-windows-Windows_NT-x64-2113753f-fba41dd4
verify / windows	UNKNOWN STEP	2026-09-27T07:26:54.3180786Z .. Prefix:
verify / windows	UNKNOWN STEP	2026-09-27T07:26:54.3181812Z   - v0-rust-windows-Windows_NT-x64
verify / windows	UNKNOWN STEP	2026-09-27T07:26:54.3183001Z .. Environment considered:
verify / windows	UNKNOWN STEP	2026-09-27T07:26:54.3185610Z   - Rust Versions:
verify / windows	UNKNOWN STEP	2026-09-27T07:26:54.3186721Z     - 1.98.1 x86_64-pc-windows-msvc 48a229ceaefd4985c50990b14116b6d856af0985
verify / windows	UNKNOWN STEP	2026-09-27T07:26:54.3188250Z   - CARGO_HOME
verify / windows	UNKNOWN STEP	2026-09-27T07:26:54.3189101Z   - CARGO_INCREMENTAL
verify / windows	UNKNOWN STEP	2026-09-27T07:26:54.3189880Z   - CARGO_TERM_COLOR
verify / windows	UNKNOWN STEP	2026-09-27T07:26:54.3190948Z .. Lockfiles considered:
verify / windows	UNKNOWN STEP	2026-09-27T07:26:54.3192018Z   - D:\a\Kotori\Kotori\.cargo\config.toml
verify / windows	UNKNOWN STEP	2026-09-27T07:26:54.3193177Z   - D:\a\Kotori\Kotori\Cargo.lock
verify / windows	UNKNOWN STEP	2026-09-27T07:26:54.3194332Z   - D:\a\Kotori\Kotori\Cargo.toml
verify / windows	UNKNOWN STEP	2026-09-27T07:26:54.3195677Z ##[endgroup]
verify / windows	UNKNOWN STEP	2026-09-27T07:26:54.3196590Z 
verify / windows	UNKNOWN STEP	2026-09-27T07:26:54.3197320Z ... Restoring cache ...
verify / windows	UNKNOWN STEP	2026-09-27T07:26:54.6013634Z Cache hit for: v0-rust-windows-Windows_NT-x64-2113753f-fba41dd4
verify / windows	UNKNOWN STEP	2026-09-27T07:26:55.7585220Z Received 130023424 of 942664825 (13.8%), 123.9 MBs/sec
verify / windows	UNKNOWN STEP	2026-09-27T07:26:56.7845717Z Received 297795584 of 942664825 (31.6%), 140.0 MBs/sec
verify / windows	UNKNOWN STEP	2026-09-27T07:26:57.7853873Z Received 494927872 of 942664825 (52.5%), 155.7 MBs/sec
verify / windows	UNKNOWN STEP	2026-09-27T07:26:58.9175886Z Received 671088640 of 942664825 (71.2%), 153.7 MBs/sec
verify / windows	UNKNOWN STEP	2026-09-27T07:26:59.9233734Z Received 805306368 of 942664825 (85.4%), 148.5 MBs/sec
verify / windows	UNKNOWN STEP	2026-09-27T07:27:00.9356443Z Received 939524096 of 942664825 (99.7%), 144.9 MBs/sec
verify / windows	UNKNOWN STEP	2026-09-27T07:27:00.9748130Z Received 942664825 of 942664825 (100.0%), 144.5 MBs/sec
verify / windows	UNKNOWN STEP	2026-09-27T07:27:00.9751768Z Cache Size: ~899 MB (942664825 B)
verify / windows	UNKNOWN STEP	2026-09-27T07:27:01.0035075Z [command]"C:\Program Files\Git\usr\bin\tar.exe" -xf D:/a/_temp/266e65c0-69a6-42ff-9f9c-b679515bfca1/cache.tzst -P -C D:/a/Kotori/Kotori --force-local --use-compress-program "zstd -d"
verify / windows	UNKNOWN STEP	2026-09-27T07:27:19.3586743Z Cache restored successfully
verify / windows	UNKNOWN STEP	2026-09-27T07:27:19.4164037Z Restored from cache key "v0-rust-windows-Windows_NT-x64-2113753f-fba41dd4" full match: true.
verify / windows	UNKNOWN STEP	2026-09-27T07:27:19.4479214Z ##[group]Run cargo clippy --all-targets --locked -- -D warnings
verify / windows	UNKNOWN STEP	2026-09-27T07:27:19.4480011Z ^[[36;1mcargo clippy --all-targets --locked -- -D warnings^[[0m
verify / windows	UNKNOWN STEP	2026-09-27T07:27:19.5239936Z shell: C:\Program Files\PowerShell\7\pwsh.EXE -command ". '{0}'"
verify / windows	UNKNOWN STEP	2026-09-27T07:27:19.5240370Z env:
verify / windows	UNKNOWN STEP	2026-09-27T07:27:19.5240593Z   CARGO_TERM_COLOR: always
verify / windows	UNKNOWN STEP	2026-09-27T07:27:19.5240965Z   KOTORI_TEST_ARTIFACTS: D:\a\Kotori\Kotori/test-artifacts
verify / windows	UNKNOWN STEP	2026-09-27T07:27:19.5241385Z   CARGO_HOME: C:\Users\runneradmin\.cargo
verify / windows	UNKNOWN STEP	2026-09-27T07:27:19.5241706Z   CARGO_INCREMENTAL: 0
verify / windows	UNKNOWN STEP	2026-09-27T07:27:19.5241956Z   CACHE_ON_FAILURE: true
verify / windows	UNKNOWN STEP	2026-09-27T07:27:19.5242202Z ##[endgroup]
verify / windows	UNKNOWN STEP	2026-09-27T07:27:21.8230863Z ^[[1m^[[92m    Updating^[[0m crates.io index
verify / windows	UNKNOWN STEP	2026-09-27T07:27:43.7337074Z ^[[1m^[[92m   Compiling^[[0m kotori v0.1.0 (D:\a\Kotori\Kotori)
verify / windows	UNKNOWN STEP	2026-09-27T07:28:02.1587701Z ^[[1m^[[91merror^[[0m^[[1m^[[97m: unused import: `crate::config::ScaleProfile`^[[0m
verify / windows	UNKNOWN STEP	2026-09-27T07:28:02.1588506Z  ^[[1m^[[96m--> ^[[0msrc\scale\action.rs:5:5
verify / windows	UNKNOWN STEP	2026-09-27T07:28:02.1588917Z   ^[[1m^[[96m|^[[0m
verify / windows	UNKNOWN STEP	2026-09-27T07:28:02.1589417Z ^[[1m^[[96m5^[[0m ^[[1m^[[96m|^[[0m use crate::config::ScaleProfile;
verify / windows	UNKNOWN STEP	2026-09-27T07:28:02.1589996Z   ^[[1m^[[96m|^[[0m     ^[[1m^[[91m^^^^^^^^^^^^^^^^^^^^^^^^^^^^[[0m
verify / windows	UNKNOWN STEP	2026-09-27T07:28:02.1590416Z   ^[[1m^[[96m|^[[0m
verify / windows	UNKNOWN STEP	2026-09-27T07:28:02.1590883Z   ^[[1m^[[96m= ^[[0m^[[1m^[[97mnote^[[0m: `-D unused-imports` implied by `-D warnings`
verify / windows	UNKNOWN STEP	2026-09-27T07:28:02.1591647Z   ^[[1m^[[96m= ^[[0m^[[1m^[[97mhelp^[[0m: to override `-D warnings` add `#[allow(unused_imports)]`
verify / windows	UNKNOWN STEP	2026-09-27T07:28:02.1592083Z 
verify / windows	UNKNOWN STEP	2026-09-27T07:28:02.8791603Z ^[[1m^[[91merror^[[0m^[[1m^[[97m: unused import: `std::io::Write`^[[0m
verify / windows	UNKNOWN STEP	2026-09-27T07:28:02.8792346Z   ^[[1m^[[96m--> ^[[0msrc\wine_prefixes.rs:23:5
verify / windows	UNKNOWN STEP	2026-09-27T07:28:02.8792814Z    ^[[1m^[[96m|^[[0m
verify / windows	UNKNOWN STEP	2026-09-27T07:28:02.8793266Z ^[[1m^[[96m23^[[0m ^[[1m^[[96m|^[[0m use std::io::Write;
verify / windows	UNKNOWN STEP	2026-09-27T07:28:02.8793844Z    ^[[1m^[[96m|^[[0m     ^[[1m^[[91m^^^^^^^^^^^^^^^[[0m
verify / windows	UNKNOWN STEP	2026-09-27T07:28:02.8794170Z 
verify / windows	UNKNOWN STEP	2026-09-27T07:28:34.8172736Z ^[[1m^[[91merror^[[0m^[[1m^[[97m: method `stored` is never used^[[0m
verify / windows	UNKNOWN STEP	2026-09-27T07:28:34.8173679Z    ^[[1m^[[96m--> ^[[0msrc\secrets\testing.rs:120:19
verify / windows	UNKNOWN STEP	2026-09-27T07:28:34.8174306Z     ^[[1m^[[96m|^[[0m
verify / windows	UNKNOWN STEP	2026-09-27T07:28:34.8174821Z ^[[1m^[[96m 57^[[0m ^[[1m^[[96m|^[[0m impl FakeTool {
verify / windows	UNKNOWN STEP	2026-09-27T07:28:34.8175723Z     ^[[1m^[[96m|^[[0m ^[[1m^[[96m-------------^[[0m ^[[1m^[[96mmethod in this implementation^[[0m
verify / windows	UNKNOWN STEP	2026-09-27T07:28:34.8176480Z ^[[1m^[[96m...^[[0m
verify / windows	UNKNOWN STEP	2026-09-27T07:28:34.8177234Z ^[[1m^[[96m120^[[0m ^[[1m^[[96m|^[[0m     pub(crate) fn stored(&self, key: SecretKey) -> PathBuf {
verify / windows	UNKNOWN STEP	2026-09-27T07:28:34.8178145Z     ^[[1m^[[96m|^[[0m                   ^[[1m^[[91m^^^^^^^[[0m
verify / windows	UNKNOWN STEP	2026-09-27T07:28:34.8178771Z     ^[[1m^[[96m|^[[0m
verify / windows	UNKNOWN STEP	2026-09-27T07:28:34.8179427Z     ^[[1m^[[96m= ^[[0m^[[1m^[[97mnote^[[0m: `-D dead-code` implied by `-D warnings`
verify / windows	UNKNOWN STEP	2026-09-27T07:28:34.8180570Z     ^[[1m^[[96m= ^[[0m^[[1m^[[97mhelp^[[0m: to override `-D warnings` add `#[expect(dead_code)]` or `#[allow(dead_code)]`
verify / windows	UNKNOWN STEP	2026-09-27T07:28:34.8181309Z 
verify / windows	UNKNOWN STEP	2026-09-27T07:28:38.4305581Z ^[[1m^[[91merror^[[0m: could not compile `kotori` (bin "kotori") due to 2 previous errors
verify / windows	UNKNOWN STEP	2026-09-27T07:28:38.4306662Z ^[[1m^[[93mwarning^[[0m: build failed, waiting for other jobs to finish...
verify / windows	UNKNOWN STEP	2026-09-27T07:28:40.0839753Z ^[[1m^[[91merror^[[0m: could not compile `kotori` (bin "kotori" test) due to 3 previous errors
verify / windows	UNKNOWN STEP	2026-09-27T07:28:40.2409821Z ##[error]Process completed with exit code 1.
verify / windows	UNKNOWN STEP	2026-09-27T07:28:40.2621377Z ##[group]Run actions/upload-artifact@v4
verify / windows	UNKNOWN STEP	2026-09-27T07:28:40.2621795Z with:
verify / windows	UNKNOWN STEP	2026-09-27T07:28:40.2622060Z   name: test-artifacts-windows-x64
verify / windows	UNKNOWN STEP	2026-09-27T07:28:40.2622428Z   path: D:\a\Kotori\Kotori/test-artifacts
verify / windows	UNKNOWN STEP	2026-09-27T07:28:40.2622765Z   if-no-files-found: warn
verify / windows	UNKNOWN STEP	2026-09-27T07:28:40.2623053Z   compression-level: 6
verify / windows	UNKNOWN STEP	2026-09-27T07:28:40.2623309Z   overwrite: false
verify / windows	UNKNOWN STEP	2026-09-27T07:28:40.2623563Z   include-hidden-files: false
verify / windows	UNKNOWN STEP	2026-09-27T07:28:40.2623857Z env:
verify / windows	UNKNOWN STEP	2026-09-27T07:28:40.2624088Z   CARGO_TERM_COLOR: always
verify / windows	UNKNOWN STEP	2026-09-27T07:28:40.2624412Z   KOTORI_TEST_ARTIFACTS: D:\a\Kotori\Kotori/test-artifacts
verify / windows	UNKNOWN STEP	2026-09-27T07:28:40.2624792Z   CARGO_HOME: C:\Users\runneradmin\.cargo
verify / windows	UNKNOWN STEP	2026-09-27T07:28:40.2625120Z   CARGO_INCREMENTAL: 0
verify / windows	UNKNOWN STEP	2026-09-27T07:28:40.2625390Z   CACHE_ON_FAILURE: true
verify / windows	UNKNOWN STEP	2026-09-27T07:28:40.2625870Z ##[endgroup]
verify / windows	UNKNOWN STEP	2026-09-27T07:28:40.4562617Z (node:5572) [DEP0040] DeprecationWarning: The `punycode` module is deprecated. Please use a userland alternative instead.
verify / windows	UNKNOWN STEP	2026-09-27T07:28:40.4564008Z (Use `node --trace-deprecation ...` to show where the warning was created)
verify / windows	UNKNOWN STEP	2026-09-27T07:28:40.4625174Z ##[warning]No files were found with the provided path: D:\a\Kotori\Kotori/test-artifacts. No artifacts will be uploaded.
verify / windows	UNKNOWN STEP	2026-09-27T07:28:40.4985067Z Post job cleanup.
verify / windows	UNKNOWN STEP	2026-09-27T07:28:40.6517246Z Cache up-to-date.
verify / windows	UNKNOWN STEP	2026-09-27T07:28:40.6833026Z Post job cleanup.
verify / windows	UNKNOWN STEP	2026-09-27T07:28:40.9006266Z [command]"C:\Program Files\Git\bin\git.exe" version
verify / windows	UNKNOWN STEP	2026-09-27T07:28:40.9278973Z git version 2.55.0.windows.5
verify / windows	UNKNOWN STEP	2026-09-27T07:28:40.9341538Z Temporarily overriding HOME='D:\a\_temp\a0b45b99-55c2-484a-986e-744a794d515e' before making global git config changes
verify / windows	UNKNOWN STEP	2026-09-27T07:28:40.9342620Z Adding repository directory to the temporary git global config as a safe directory
verify / windows	UNKNOWN STEP	2026-09-27T07:28:40.9352714Z [command]"C:\Program Files\Git\bin\git.exe" config --global --add safe.directory D:\a\Kotori\Kotori
verify / windows	UNKNOWN STEP	2026-09-27T07:28:40.9644771Z [command]"C:\Program Files\Git\bin\git.exe" config --local --name-only --get-regexp core\.sshCommand
verify / windows	UNKNOWN STEP	2026-09-27T07:28:40.9932090Z [command]"C:\Program Files\Git\bin\git.exe" submodule foreach --recursive "sh -c \"git config --local --name-only --get-regexp 'core\.sshCommand' && git config --local --unset-all 'core.sshCommand' || :\""
verify / windows	UNKNOWN STEP	2026-09-27T07:28:41.5487879Z [command]"C:\Program Files\Git\bin\git.exe" config --local --name-only --get-regexp http\.https\:\/\/github\.com\/\.extraheader
verify / windows	UNKNOWN STEP	2026-09-27T07:28:41.5737116Z http.https://github.com/.extraheader
verify / windows	UNKNOWN STEP	2026-09-27T07:28:41.5782642Z [command]"C:\Program Files\Git\bin\git.exe" config --local --unset-all http.https://github.com/.extraheader
verify / windows	UNKNOWN STEP	2026-09-27T07:28:41.6072628Z [command]"C:\Program Files\Git\bin\git.exe" submodule foreach --recursive "sh -c \"git config --local --name-only --get-regexp 'http\.https\:\/\/github\.com\/\.extraheader' && git config --local --unset-all 'http.https://github.com/.extraheader' || :\""
verify / windows	UNKNOWN STEP	2026-09-27T07:28:42.1343340Z [command]"C:\Program Files\Git\bin\git.exe" config --local --name-only --get-regexp ^includeIf\.gitdir:
verify / windows	UNKNOWN STEP	2026-09-27T07:28:42.1627809Z [command]"C:\Program Files\Git\bin\git.exe" submodule foreach --recursive "git config --local --show-origin --name-only --get-regexp remote.origin.url"
verify / windows	UNKNOWN STEP	2026-09-27T07:28:42.7200494Z Cleaning up orphan processes
verify / windows	UNKNOWN STEP	2026-09-27T07:28:42.7343881Z Terminate orphan process: pid (3536) (vctip)
verify / windows	UNKNOWN STEP	2026-09-27T07:28:42.7356441Z ##[warning]Node.js 20 is deprecated. The following actions target Node.js 20 but are being forced to run on Node.js 24: actions/checkout@v4, actions/upload-artifact@v4. For more information see: https://github.blog/changelog/2025-09-19-deprecation-of-node-20-on-github-actions-runners/
