verify / windows	UNKNOWN STEP	﻿2026-09-27T07:18:45.9476848Z Current runner version: '2.337.0'
verify / windows	UNKNOWN STEP	2026-09-27T07:18:45.9504037Z ##[group]Runner Image Provisioner
verify / windows	UNKNOWN STEP	2026-09-27T07:18:45.9504910Z Hosted Compute Agent
verify / windows	UNKNOWN STEP	2026-09-27T07:18:45.9505458Z Version: 20260828.587
verify / windows	UNKNOWN STEP	2026-09-27T07:18:45.9506102Z Commit: abac92662cab4cc7352de4f9f9d2e2419aad9c29
verify / windows	UNKNOWN STEP	2026-09-27T07:18:45.9506812Z Build Date: 2026-08-28T16:44:25Z
verify / windows	UNKNOWN STEP	2026-09-27T07:18:45.9507516Z Worker ID: {14e1013c-8021-4f9e-89ab-0f4366952868}
verify / windows	UNKNOWN STEP	2026-09-27T07:18:45.9508195Z Azure Region: eastus
verify / windows	UNKNOWN STEP	2026-09-27T07:18:45.9508719Z ##[endgroup]
verify / windows	UNKNOWN STEP	2026-09-27T07:18:45.9510186Z ##[group]Operating System
verify / windows	UNKNOWN STEP	2026-09-27T07:18:45.9511020Z Microsoft Windows Server 2025
verify / windows	UNKNOWN STEP	2026-09-27T07:18:45.9511652Z 10.0.26100
verify / windows	UNKNOWN STEP	2026-09-27T07:18:45.9512165Z Datacenter
verify / windows	UNKNOWN STEP	2026-09-27T07:18:45.9512683Z ##[endgroup]
verify / windows	UNKNOWN STEP	2026-09-27T07:18:45.9513232Z ##[group]Runner Image
verify / windows	UNKNOWN STEP	2026-09-27T07:18:45.9513797Z Image: windows-2025-vs2026
verify / windows	UNKNOWN STEP	2026-09-27T07:18:45.9514456Z Version: 20260922.246.2
verify / windows	UNKNOWN STEP	2026-09-27T07:18:45.9515996Z Included Software: https://github.com/actions/runner-images/blob/win25-vs2026/20260922.246/images/windows/Windows2025-VS2026-Readme.md
verify / windows	UNKNOWN STEP	2026-09-27T07:18:45.9517777Z Image Release: https://github.com/actions/runner-images/releases/tag/win25-vs2026%2F20260922.246
verify / windows	UNKNOWN STEP	2026-09-27T07:18:45.9519342Z ##[endgroup]
verify / windows	UNKNOWN STEP	2026-09-27T07:18:45.9520555Z ##[group]GITHUB_TOKEN Permissions
verify / windows	UNKNOWN STEP	2026-09-27T07:18:45.9522603Z Contents: read
verify / windows	UNKNOWN STEP	2026-09-27T07:18:45.9523263Z Metadata: read
verify / windows	UNKNOWN STEP	2026-09-27T07:18:45.9523933Z Packages: read
verify / windows	UNKNOWN STEP	2026-09-27T07:18:45.9524536Z ##[endgroup]
verify / windows	UNKNOWN STEP	2026-09-27T07:18:45.9526624Z Secret source: Actions
verify / windows	UNKNOWN STEP	2026-09-27T07:18:45.9528505Z Cache mode: write
verify / windows	UNKNOWN STEP	2026-09-27T07:18:45.9529554Z Prepare workflow directory
verify / windows	UNKNOWN STEP	2026-09-27T07:18:46.0082247Z Prepare all required actions
verify / windows	UNKNOWN STEP	2026-09-27T07:18:46.0131706Z Getting action download info
verify / windows	UNKNOWN STEP	2026-09-27T07:18:46.1643153Z Download action repository 'actions/checkout@v4' (SHA:11d5960a326750d5838078e36cf38b85af677262)
verify / windows	UNKNOWN STEP	2026-09-27T07:18:46.3050052Z Download action repository 'dtolnay/rust-toolchain@stable' (SHA:6bed0761d98439e5a578e2877258200ad565ba87)
verify / windows	UNKNOWN STEP	2026-09-27T07:18:46.3965325Z Download action repository 'Swatinem/rust-cache@v2' (SHA:6323deb102c322ba6fcbdcafc7e3dddab59af2b6)
verify / windows	UNKNOWN STEP	2026-09-27T07:18:46.5813621Z Download action repository 'actions/upload-artifact@v4' (SHA:ea165f8d65b6e75b540449e92b4886f43607fa02)
verify / windows	UNKNOWN STEP	2026-09-27T07:18:47.0012307Z Uses: Pianzh/Kotori/.github/workflows/verify.yml@refs/heads/chore/windows-dead-code (9485d3b869832b7bfcd611e9e0c50b195061e134)
verify / windows	UNKNOWN STEP	2026-09-27T07:18:47.0017097Z ##[group] Inputs
verify / windows	UNKNOWN STEP	2026-09-27T07:18:47.0017652Z   kopia-version: 0.23.1
verify / windows	UNKNOWN STEP	2026-09-27T07:18:47.0018125Z ##[endgroup]
verify / windows	UNKNOWN STEP	2026-09-27T07:18:47.0018618Z Complete job name: verify / windows
verify / windows	UNKNOWN STEP	2026-09-27T07:18:47.1375945Z ##[group]Run actions/checkout@v4
verify / windows	UNKNOWN STEP	2026-09-27T07:18:47.1376992Z with:
verify / windows	UNKNOWN STEP	2026-09-27T07:18:47.1377411Z   repository: Pianzh/Kotori
verify / windows	UNKNOWN STEP	2026-09-27T07:18:47.1381101Z   token: ***
verify / windows	UNKNOWN STEP	2026-09-27T07:18:47.1381515Z   ssh-strict: true
verify / windows	UNKNOWN STEP	2026-09-27T07:18:47.1381922Z   ssh-user: git
verify / windows	UNKNOWN STEP	2026-09-27T07:18:47.1382342Z   persist-credentials: true
verify / windows	UNKNOWN STEP	2026-09-27T07:18:47.1382804Z   clean: true
verify / windows	UNKNOWN STEP	2026-09-27T07:18:47.1383445Z   sparse-checkout-cone-mode: true
verify / windows	UNKNOWN STEP	2026-09-27T07:18:47.1384039Z   fetch-depth: 1
verify / windows	UNKNOWN STEP	2026-09-27T07:18:47.1384469Z   fetch-tags: false
verify / windows	UNKNOWN STEP	2026-09-27T07:18:47.1384878Z   show-progress: true
verify / windows	UNKNOWN STEP	2026-09-27T07:18:47.1385287Z   lfs: false
verify / windows	UNKNOWN STEP	2026-09-27T07:18:47.1385665Z   submodules: false
verify / windows	UNKNOWN STEP	2026-09-27T07:18:47.1386080Z   set-safe-directory: true
verify / windows	UNKNOWN STEP	2026-09-27T07:18:47.1386556Z   allow-unsafe-pr-checkout: false
verify / windows	UNKNOWN STEP	2026-09-27T07:18:47.1387308Z env:
verify / windows	UNKNOWN STEP	2026-09-27T07:18:47.1387698Z   CARGO_TERM_COLOR: always
verify / windows	UNKNOWN STEP	2026-09-27T07:18:47.1388257Z   KOTORI_TEST_ARTIFACTS: D:\a\Kotori\Kotori/test-artifacts
verify / windows	UNKNOWN STEP	2026-09-27T07:18:47.1388905Z ##[endgroup]
verify / windows	UNKNOWN STEP	2026-09-27T07:18:47.2884701Z Syncing repository: Pianzh/Kotori
verify / windows	UNKNOWN STEP	2026-09-27T07:18:47.2886510Z ##[group]Getting Git version info
verify / windows	UNKNOWN STEP	2026-09-27T07:18:47.2887129Z Working directory is 'D:\a\Kotori\Kotori'
verify / windows	UNKNOWN STEP	2026-09-27T07:18:47.3897963Z [command]"C:\Program Files\Git\bin\git.exe" version
verify / windows	UNKNOWN STEP	2026-09-27T07:18:47.7870540Z git version 2.55.0.windows.5
verify / windows	UNKNOWN STEP	2026-09-27T07:18:47.7918792Z ##[endgroup]
verify / windows	UNKNOWN STEP	2026-09-27T07:18:47.7940772Z Temporarily overriding HOME='D:\a\_temp\715bd834-4d03-45c4-986a-51e4790103ba' before making global git config changes
verify / windows	UNKNOWN STEP	2026-09-27T07:18:47.7942731Z Adding repository directory to the temporary git global config as a safe directory
verify / windows	UNKNOWN STEP	2026-09-27T07:18:47.7950843Z [command]"C:\Program Files\Git\bin\git.exe" config --global --add safe.directory D:\a\Kotori\Kotori
verify / windows	UNKNOWN STEP	2026-09-27T07:18:47.8570208Z Deleting the contents of 'D:\a\Kotori\Kotori'
verify / windows	UNKNOWN STEP	2026-09-27T07:18:47.8576345Z ##[group]Initializing the repository
verify / windows	UNKNOWN STEP	2026-09-27T07:18:47.8584673Z [command]"C:\Program Files\Git\bin\git.exe" init D:\a\Kotori\Kotori
verify / windows	UNKNOWN STEP	2026-09-27T07:18:47.9443330Z Initialized empty Git repository in D:/a/Kotori/Kotori/.git/
verify / windows	UNKNOWN STEP	2026-09-27T07:18:47.9481690Z [command]"C:\Program Files\Git\bin\git.exe" remote add origin https://github.com/Pianzh/Kotori
verify / windows	UNKNOWN STEP	2026-09-27T07:18:48.0215215Z ##[endgroup]
verify / windows	UNKNOWN STEP	2026-09-27T07:18:48.0218032Z ##[group]Disabling automatic garbage collection
verify / windows	UNKNOWN STEP	2026-09-27T07:18:48.0224417Z [command]"C:\Program Files\Git\bin\git.exe" config --local gc.auto 0
verify / windows	UNKNOWN STEP	2026-09-27T07:18:48.0540446Z ##[endgroup]
verify / windows	UNKNOWN STEP	2026-09-27T07:18:48.0543929Z ##[group]Setting up auth
verify / windows	UNKNOWN STEP	2026-09-27T07:18:48.0553155Z [command]"C:\Program Files\Git\bin\git.exe" config --local --name-only --get-regexp core\.sshCommand
verify / windows	UNKNOWN STEP	2026-09-27T07:18:48.0856941Z [command]"C:\Program Files\Git\bin\git.exe" submodule foreach --recursive "sh -c \"git config --local --name-only --get-regexp 'core\.sshCommand' && git config --local --unset-all 'core.sshCommand' || :\""
verify / windows	UNKNOWN STEP	2026-09-27T07:18:49.6221343Z [command]"C:\Program Files\Git\bin\git.exe" config --local --name-only --get-regexp http\.https\:\/\/github\.com\/\.extraheader
verify / windows	UNKNOWN STEP	2026-09-27T07:18:49.6521277Z [command]"C:\Program Files\Git\bin\git.exe" submodule foreach --recursive "sh -c \"git config --local --name-only --get-regexp 'http\.https\:\/\/github\.com\/\.extraheader' && git config --local --unset-all 'http.https://github.com/.extraheader' || :\""
verify / windows	UNKNOWN STEP	2026-09-27T07:18:50.2128989Z [command]"C:\Program Files\Git\bin\git.exe" config --local --name-only --get-regexp ^includeIf\.gitdir:
verify / windows	UNKNOWN STEP	2026-09-27T07:18:50.2367883Z [command]"C:\Program Files\Git\bin\git.exe" submodule foreach --recursive "git config --local --show-origin --name-only --get-regexp remote.origin.url"
verify / windows	UNKNOWN STEP	2026-09-27T07:18:50.7573164Z [command]"C:\Program Files\Git\bin\git.exe" config --local http.https://github.com/.extraheader "AUTHORIZATION: basic ***"
verify / windows	UNKNOWN STEP	2026-09-27T07:18:50.7863419Z ##[endgroup]
verify / windows	UNKNOWN STEP	2026-09-27T07:18:50.7875519Z ##[group]Fetching the repository
verify / windows	UNKNOWN STEP	2026-09-27T07:18:50.7878784Z [command]"C:\Program Files\Git\bin\git.exe" -c protocol.version=2 fetch --no-tags --prune --no-recurse-submodules --depth=1 origin +9485d3b869832b7bfcd611e9e0c50b195061e134:refs/remotes/origin/chore/windows-dead-code
verify / windows	UNKNOWN STEP	2026-09-27T07:18:52.1851984Z From https://github.com/Pianzh/Kotori
verify / windows	UNKNOWN STEP	2026-09-27T07:18:52.1853158Z  * [new ref]         9485d3b869832b7bfcd611e9e0c50b195061e134 -> origin/chore/windows-dead-code
verify / windows	UNKNOWN STEP	2026-09-27T07:18:52.1891157Z ##[endgroup]
verify / windows	UNKNOWN STEP	2026-09-27T07:18:52.1891547Z ##[group]Determining the checkout info
verify / windows	UNKNOWN STEP	2026-09-27T07:18:52.1893337Z ##[endgroup]
verify / windows	UNKNOWN STEP	2026-09-27T07:18:52.1902578Z [command]"C:\Program Files\Git\bin\git.exe" sparse-checkout disable
verify / windows	UNKNOWN STEP	2026-09-27T07:18:52.2317892Z [command]"C:\Program Files\Git\bin\git.exe" config --local --unset-all extensions.worktreeConfig
verify / windows	UNKNOWN STEP	2026-09-27T07:18:52.2598889Z ##[group]Checking out the ref
verify / windows	UNKNOWN STEP	2026-09-27T07:18:52.2607274Z [command]"C:\Program Files\Git\bin\git.exe" checkout --progress --force -B chore/windows-dead-code refs/remotes/origin/chore/windows-dead-code
verify / windows	UNKNOWN STEP	2026-09-27T07:18:52.4083757Z Switched to a new branch 'chore/windows-dead-code'
verify / windows	UNKNOWN STEP	2026-09-27T07:18:52.4159060Z branch 'chore/windows-dead-code' set up to track 'origin/chore/windows-dead-code'.
verify / windows	UNKNOWN STEP	2026-09-27T07:18:52.4203187Z ##[endgroup]
verify / windows	UNKNOWN STEP	2026-09-27T07:18:52.4621905Z [command]"C:\Program Files\Git\bin\git.exe" log -1 --format=%H
verify / windows	UNKNOWN STEP	2026-09-27T07:18:52.4972570Z 9485d3b869832b7bfcd611e9e0c50b195061e134
verify / windows	UNKNOWN STEP	2026-09-27T07:18:52.5537721Z ##[group]Run dtolnay/rust-toolchain@stable
verify / windows	UNKNOWN STEP	2026-09-27T07:18:52.5538798Z with:
verify / windows	UNKNOWN STEP	2026-09-27T07:18:52.5538985Z   components: clippy
verify / windows	UNKNOWN STEP	2026-09-27T07:18:52.5539189Z   toolchain: stable
verify / windows	UNKNOWN STEP	2026-09-27T07:18:52.5539385Z env:
verify / windows	UNKNOWN STEP	2026-09-27T07:18:52.5539553Z   CARGO_TERM_COLOR: always
verify / windows	UNKNOWN STEP	2026-09-27T07:18:52.5539830Z   KOTORI_TEST_ARTIFACTS: D:\a\Kotori\Kotori/test-artifacts
verify / windows	UNKNOWN STEP	2026-09-27T07:18:52.5540155Z ##[endgroup]
verify / windows	UNKNOWN STEP	2026-09-27T07:18:52.5605720Z ##[start-action display=Parse toolchain version;id=__dtolnay_rust-toolchain.parse]
verify / windows	UNKNOWN STEP	2026-09-27T07:18:52.5765156Z ##[group]Run if [[ -z $toolchain ]]; then
verify / windows	UNKNOWN STEP	2026-09-27T07:18:52.5765545Z ^[[36;1mif [[ -z $toolchain ]]; then^[[0m
verify / windows	UNKNOWN STEP	2026-09-27T07:18:52.5766085Z ^[[36;1m  # GitHub does not enforce `required: true` inputs itself. https://github.com/actions/runner/issues/1070^[[0m
verify / windows	UNKNOWN STEP	2026-09-27T07:18:52.5766667Z ^[[36;1m  echo "'toolchain' is a required input" >&2^[[0m
verify / windows	UNKNOWN STEP	2026-09-27T07:18:52.5766954Z ^[[36;1m  exit 1^[[0m
verify / windows	UNKNOWN STEP	2026-09-27T07:18:52.5767767Z ^[[36;1melif [[ $toolchain =~ ^stable' '[0-9]+' '(year|month|week|day)s?' 'ago$ ]]; then^[[0m
verify / windows	UNKNOWN STEP	2026-09-27T07:18:52.5768351Z ^[[36;1m  if [[ Windows == macOS ]]; then^[[0m
verify / windows	UNKNOWN STEP	2026-09-27T07:18:52.5768889Z ^[[36;1m    echo "toolchain=1.$((($(date -v-$(sed 's/stable \([0-9]*\) \(.\).*/\1\2/' <<< $toolchain) +%s)/60/60/24-16569)/7/6))" >> $GITHUB_OUTPUT^[[0m
verify / windows	UNKNOWN STEP	2026-09-27T07:18:52.5769411Z ^[[36;1m  else^[[0m
verify / windows	UNKNOWN STEP	2026-09-27T07:18:52.5769807Z ^[[36;1m    echo "toolchain=1.$((($(date --date "${toolchain#stable }" +%s)/60/60/24-16569)/7/6))" >> $GITHUB_OUTPUT^[[0m
verify / windows	UNKNOWN STEP	2026-09-27T07:18:52.5770273Z ^[[36;1m  fi^[[0m
verify / windows	UNKNOWN STEP	2026-09-27T07:18:52.5770562Z ^[[36;1melif [[ $toolchain =~ ^stable' 'minus' '[0-9]+' 'releases?$ ]]; then^[[0m
verify / windows	UNKNOWN STEP	2026-09-27T07:18:52.5771096Z ^[[36;1m  echo "toolchain=1.$((($(date +%s)/60/60/24-16569)/7/6-${toolchain//[^0-9]/}))" >> $GITHUB_OUTPUT^[[0m
verify / windows	UNKNOWN STEP	2026-09-27T07:18:52.5771557Z ^[[36;1melif [[ $toolchain =~ ^1\.[0-9]+$ ]]; then^[[0m
verify / windows	UNKNOWN STEP	2026-09-27T07:18:52.5772082Z ^[[36;1m  echo "toolchain=1.$((i=${toolchain#1.}, c=($(date +%s)/60/60/24-16569)/7/6, i+9*i*(10*i<=c)+90*i*(100*i<=c)))" >> $GITHUB_OUTPUT^[[0m
verify / windows	UNKNOWN STEP	2026-09-27T07:18:52.5772585Z ^[[36;1melse^[[0m
verify / windows	UNKNOWN STEP	2026-09-27T07:18:52.5772813Z ^[[36;1m  echo "toolchain=$toolchain" >> $GITHUB_OUTPUT^[[0m
verify / windows	UNKNOWN STEP	2026-09-27T07:18:52.5773093Z ^[[36;1mfi^[[0m
verify / windows	UNKNOWN STEP	2026-09-27T07:18:52.5830122Z shell: C:\Program Files\Git\bin\bash.EXE --noprofile --norc -e -o pipefail {0}
verify / windows	UNKNOWN STEP	2026-09-27T07:18:52.5830547Z env:
verify / windows	UNKNOWN STEP	2026-09-27T07:18:52.5830725Z   CARGO_TERM_COLOR: always
verify / windows	UNKNOWN STEP	2026-09-27T07:18:52.5831006Z   KOTORI_TEST_ARTIFACTS: D:\a\Kotori\Kotori/test-artifacts
verify / windows	UNKNOWN STEP	2026-09-27T07:18:52.5831316Z   toolchain: stable
verify / windows	UNKNOWN STEP	2026-09-27T07:18:52.5831499Z ##[endgroup]
verify / windows	UNKNOWN STEP	2026-09-27T07:18:52.8082618Z ##[end-action id=__dtolnay_rust-toolchain.parse;outcome=success;conclusion=success;duration_ms=247]
verify / windows	UNKNOWN STEP	2026-09-27T07:18:52.8095282Z ##[start-action display=Construct rustup command line;id=__dtolnay_rust-toolchain.flags]
verify / windows	UNKNOWN STEP	2026-09-27T07:18:52.8239246Z ##[group]Run echo "targets=$(for t in ${targets//,/ }; do echo -n ' --target' $t; done)" >> $GITHUB_OUTPUT
verify / windows	UNKNOWN STEP	2026-09-27T07:18:52.8239941Z ^[[36;1mecho "targets=$(for t in ${targets//,/ }; do echo -n ' --target' $t; done)" >> $GITHUB_OUTPUT^[[0m
verify / windows	UNKNOWN STEP	2026-09-27T07:18:52.8241121Z ^[[36;1mecho "components=$(for c in ${components//,/ }; do echo -n ' --component' $c; done)" >> $GITHUB_OUTPUT^[[0m
verify / windows	UNKNOWN STEP	2026-09-27T07:18:52.8241613Z ^[[36;1mecho "downgrade=" >> $GITHUB_OUTPUT^[[0m
verify / windows	UNKNOWN STEP	2026-09-27T07:18:52.8256341Z shell: C:\Program Files\Git\bin\bash.EXE --noprofile --norc -e -o pipefail {0}
verify / windows	UNKNOWN STEP	2026-09-27T07:18:52.8256745Z env:
verify / windows	UNKNOWN STEP	2026-09-27T07:18:52.8256920Z   CARGO_TERM_COLOR: always
verify / windows	UNKNOWN STEP	2026-09-27T07:18:52.8257193Z   KOTORI_TEST_ARTIFACTS: D:\a\Kotori\Kotori/test-artifacts
verify / windows	UNKNOWN STEP	2026-09-27T07:18:52.8257499Z   targets: 
verify / windows	UNKNOWN STEP	2026-09-27T07:18:52.8257667Z   components: clippy
verify / windows	UNKNOWN STEP	2026-09-27T07:18:52.8257859Z ##[endgroup]
verify / windows	UNKNOWN STEP	2026-09-27T07:18:52.8873497Z ##[end-action id=__dtolnay_rust-toolchain.flags;outcome=success;conclusion=success;duration_ms=77]
verify / windows	UNKNOWN STEP	2026-09-27T07:18:52.8876484Z ##[start-action display=Set $CARGO_HOME;id=__dtolnay_rust-toolchain.__run]
verify / windows	UNKNOWN STEP	2026-09-27T07:18:52.9005412Z ##[group]Run echo CARGO_HOME=${CARGO_HOME:-"$USERPROFILE\.cargo"} >> $GITHUB_ENV
verify / windows	UNKNOWN STEP	2026-09-27T07:18:52.9006157Z ^[[36;1mecho CARGO_HOME=${CARGO_HOME:-"$USERPROFILE\.cargo"} >> $GITHUB_ENV^[[0m
verify / windows	UNKNOWN STEP	2026-09-27T07:18:52.9021591Z shell: C:\Program Files\Git\bin\bash.EXE --noprofile --norc -e -o pipefail {0}
verify / windows	UNKNOWN STEP	2026-09-27T07:18:52.9021995Z env:
verify / windows	UNKNOWN STEP	2026-09-27T07:18:52.9022167Z   CARGO_TERM_COLOR: always
verify / windows	UNKNOWN STEP	2026-09-27T07:18:52.9022458Z   KOTORI_TEST_ARTIFACTS: D:\a\Kotori\Kotori/test-artifacts
verify / windows	UNKNOWN STEP	2026-09-27T07:18:52.9022761Z ##[endgroup]
verify / windows	UNKNOWN STEP	2026-09-27T07:18:52.9412696Z ##[end-action id=__dtolnay_rust-toolchain.__run;outcome=success;conclusion=success;duration_ms=53]
verify / windows	UNKNOWN STEP	2026-09-27T07:18:52.9415094Z ##[start-action display=Install rustup if needed;id=__dtolnay_rust-toolchain.__run_2]
verify / windows	UNKNOWN STEP	2026-09-27T07:18:52.9425890Z ##[end-action id=__dtolnay_rust-toolchain.__run_2;outcome=skipped;conclusion=skipped;duration_ms=0]
verify / windows	UNKNOWN STEP	2026-09-27T07:18:52.9428045Z ##[start-action display=Install rustup if needed on windows;id=__dtolnay_rust-toolchain.__run_3]
verify / windows	UNKNOWN STEP	2026-09-27T07:18:52.9558583Z ##[group]Run if ! command -v rustup &>/dev/null; then
verify / windows	UNKNOWN STEP	2026-09-27T07:18:52.9558987Z ^[[36;1mif ! command -v rustup &>/dev/null; then^[[0m
verify / windows	UNKNOWN STEP	2026-09-27T07:18:52.9559789Z ^[[36;1m  curl --proto '=https' --tlsv1.2 --retry 10 --retry-connrefused --location --silent --show-error --fail https://win.rustup.rs/x86_64 --output 'D:\a\_temp\rustup-init.exe'^[[0m
verify / windows	UNKNOWN STEP	2026-09-27T07:18:52.9560682Z ^[[36;1m  'D:\a\_temp\rustup-init.exe' --default-toolchain none --no-modify-path -y^[[0m
verify / windows	UNKNOWN STEP	2026-09-27T07:18:52.9561119Z ^[[36;1m  echo "$CARGO_HOME\bin" >> $GITHUB_PATH^[[0m
verify / windows	UNKNOWN STEP	2026-09-27T07:18:52.9561389Z ^[[36;1mfi^[[0m
verify / windows	UNKNOWN STEP	2026-09-27T07:18:52.9576826Z shell: C:\Program Files\Git\bin\bash.EXE --noprofile --norc -e -o pipefail {0}
verify / windows	UNKNOWN STEP	2026-09-27T07:18:52.9577229Z env:
verify / windows	UNKNOWN STEP	2026-09-27T07:18:52.9577404Z   CARGO_TERM_COLOR: always
verify / windows	UNKNOWN STEP	2026-09-27T07:18:52.9577686Z   KOTORI_TEST_ARTIFACTS: D:\a\Kotori\Kotori/test-artifacts
verify / windows	UNKNOWN STEP	2026-09-27T07:18:52.9578021Z   CARGO_HOME: C:\Users\runneradmin\.cargo
verify / windows	UNKNOWN STEP	2026-09-27T07:18:52.9578277Z ##[endgroup]
verify / windows	UNKNOWN STEP	2026-09-27T07:18:53.0395942Z ##[end-action id=__dtolnay_rust-toolchain.__run_3;outcome=success;conclusion=success;duration_ms=96]
verify / windows	UNKNOWN STEP	2026-09-27T07:18:53.0408522Z ##[start-action display=rustup toolchain install stable;id=__dtolnay_rust-toolchain.__run_4]
verify / windows	UNKNOWN STEP	2026-09-27T07:18:53.0540242Z ##[group]Run rustup toolchain install stable --component clippy --profile minimal --no-self-update
verify / windows	UNKNOWN STEP	2026-09-27T07:18:53.0541462Z ^[[36;1mrustup toolchain install stable --component clippy --profile minimal --no-self-update^[[0m
verify / windows	UNKNOWN STEP	2026-09-27T07:18:53.0556787Z shell: C:\Program Files\Git\bin\bash.EXE --noprofile --norc -e -o pipefail {0}
verify / windows	UNKNOWN STEP	2026-09-27T07:18:53.0557197Z env:
verify / windows	UNKNOWN STEP	2026-09-27T07:18:53.0578034Z   CARGO_TERM_COLOR: always
verify / windows	UNKNOWN STEP	2026-09-27T07:18:53.0578399Z   KOTORI_TEST_ARTIFACTS: D:\a\Kotori\Kotori/test-artifacts
verify / windows	UNKNOWN STEP	2026-09-27T07:18:53.0578759Z   CARGO_HOME: C:\Users\runneradmin\.cargo
verify / windows	UNKNOWN STEP	2026-09-27T07:18:53.0579033Z   RUSTUP_PERMIT_COPY_RENAME: 1
verify / windows	UNKNOWN STEP	2026-09-27T07:18:53.0579262Z ##[endgroup]
verify / windows	UNKNOWN STEP	2026-09-27T07:18:56.8783836Z info: syncing channel updates for stable-x86_64-pc-windows-msvc
verify / windows	UNKNOWN STEP	2026-09-27T07:18:57.4844737Z info: latest update on 2026-09-03 for version 1.98.1 (48a229cea 2026-09-01)
verify / windows	UNKNOWN STEP	2026-09-27T07:18:57.5138722Z info: component clippy is up to date
verify / windows	UNKNOWN STEP	2026-09-27T07:18:57.5154321Z 
verify / windows	UNKNOWN STEP	2026-09-27T07:18:57.5360427Z   stable-x86_64-pc-windows-msvc unchanged - rustc 1.98.1 (48a229cea 2026-09-01)
verify / windows	UNKNOWN STEP	2026-09-27T07:18:57.5360977Z 
verify / windows	UNKNOWN STEP	2026-09-27T07:18:57.5457533Z ##[end-action id=__dtolnay_rust-toolchain.__run_4;outcome=success;conclusion=success;duration_ms=4504]
verify / windows	UNKNOWN STEP	2026-09-27T07:18:57.5462672Z ##[start-action display=rustup default stable;id=__dtolnay_rust-toolchain.__run_5]
verify / windows	UNKNOWN STEP	2026-09-27T07:18:57.5600256Z ##[group]Run rustup default stable
verify / windows	UNKNOWN STEP	2026-09-27T07:18:57.5600518Z ^[[36;1mrustup default stable^[[0m
verify / windows	UNKNOWN STEP	2026-09-27T07:18:57.5615664Z shell: C:\Program Files\Git\bin\bash.EXE --noprofile --norc -e -o pipefail {0}
verify / windows	UNKNOWN STEP	2026-09-27T07:18:57.5616067Z env:
verify / windows	UNKNOWN STEP	2026-09-27T07:18:57.5616241Z   CARGO_TERM_COLOR: always
verify / windows	UNKNOWN STEP	2026-09-27T07:18:57.5617180Z   KOTORI_TEST_ARTIFACTS: D:\a\Kotori\Kotori/test-artifacts
verify / windows	UNKNOWN STEP	2026-09-27T07:18:57.5617565Z   CARGO_HOME: C:\Users\runneradmin\.cargo
verify / windows	UNKNOWN STEP	2026-09-27T07:18:57.5617973Z ##[endgroup]
verify / windows	UNKNOWN STEP	2026-09-27T07:18:57.6361238Z info: using existing install for stable-x86_64-pc-windows-msvc
verify / windows	UNKNOWN STEP	2026-09-27T07:18:57.6474167Z info: default toolchain set to stable-x86_64-pc-windows-msvc
verify / windows	UNKNOWN STEP	2026-09-27T07:18:57.6476806Z 
verify / windows	UNKNOWN STEP	2026-09-27T07:18:57.6671444Z   stable-x86_64-pc-windows-msvc unchanged - rustc 1.98.1 (48a229cea 2026-09-01)
verify / windows	UNKNOWN STEP	2026-09-27T07:18:57.6672062Z 
verify / windows	UNKNOWN STEP	2026-09-27T07:18:57.6749373Z ##[end-action id=__dtolnay_rust-toolchain.__run_5;outcome=success;conclusion=success;duration_ms=128]
verify / windows	UNKNOWN STEP	2026-09-27T07:18:57.6751730Z ##[start-action display=Create cachekey;id=__dtolnay_rust-toolchain.rustc-version]
verify / windows	UNKNOWN STEP	2026-09-27T07:18:57.6888086Z ##[group]Run DATE=$(rustc +stable --version --verbose | sed -ne 's/^commit-date: \(20[0-9][0-9]\)-\([01][0-9]\)-\([0-3][0-9]\)$/\1\2\3/p')
verify / windows	UNKNOWN STEP	2026-09-27T07:18:57.6888945Z ^[[36;1mDATE=$(rustc +stable --version --verbose | sed -ne 's/^commit-date: \(20[0-9][0-9]\)-\([01][0-9]\)-\([0-3][0-9]\)$/\1\2\3/p')^[[0m
verify / windows	UNKNOWN STEP	2026-09-27T07:18:57.6889613Z ^[[36;1mHASH=$(rustc +stable --version --verbose | sed -ne 's/^commit-hash: //p')^[[0m
verify / windows	UNKNOWN STEP	2026-09-27T07:18:57.6890110Z ^[[36;1mecho "cachekey=$(echo $DATE$HASH | head -c12)" >> $GITHUB_OUTPUT^[[0m
verify / windows	UNKNOWN STEP	2026-09-27T07:18:57.6905191Z shell: C:\Program Files\Git\bin\bash.EXE --noprofile --norc -e -o pipefail {0}
verify / windows	UNKNOWN STEP	2026-09-27T07:18:57.6905579Z env:
verify / windows	UNKNOWN STEP	2026-09-27T07:18:57.6905764Z   CARGO_TERM_COLOR: always
verify / windows	UNKNOWN STEP	2026-09-27T07:18:57.6906046Z   KOTORI_TEST_ARTIFACTS: D:\a\Kotori\Kotori/test-artifacts
verify / windows	UNKNOWN STEP	2026-09-27T07:18:57.6906380Z   CARGO_HOME: C:\Users\runneradmin\.cargo
verify / windows	UNKNOWN STEP	2026-09-27T07:18:57.6906629Z ##[endgroup]
verify / windows	UNKNOWN STEP	2026-09-27T07:18:58.6666298Z ##[end-action id=__dtolnay_rust-toolchain.rustc-version;outcome=success;conclusion=success;duration_ms=991]
verify / windows	UNKNOWN STEP	2026-09-27T07:18:58.6668674Z ##[start-action display=Disable incremental compilation;id=__dtolnay_rust-toolchain.__run_6]
verify / windows	UNKNOWN STEP	2026-09-27T07:18:58.6798273Z ##[group]Run if [ -z "${CARGO_INCREMENTAL+set}" ]; then
verify / windows	UNKNOWN STEP	2026-09-27T07:18:58.6798643Z ^[[36;1mif [ -z "${CARGO_INCREMENTAL+set}" ]; then^[[0m
verify / windows	UNKNOWN STEP	2026-09-27T07:18:58.6798977Z ^[[36;1m  echo CARGO_INCREMENTAL=0 >> $GITHUB_ENV^[[0m
verify / windows	UNKNOWN STEP	2026-09-27T07:18:58.6799244Z ^[[36;1mfi^[[0m
verify / windows	UNKNOWN STEP	2026-09-27T07:18:58.6814252Z shell: C:\Program Files\Git\bin\bash.EXE --noprofile --norc -e -o pipefail {0}
verify / windows	UNKNOWN STEP	2026-09-27T07:18:58.6814661Z env:
verify / windows	UNKNOWN STEP	2026-09-27T07:18:58.6814836Z   CARGO_TERM_COLOR: always
verify / windows	UNKNOWN STEP	2026-09-27T07:18:58.6815119Z   KOTORI_TEST_ARTIFACTS: D:\a\Kotori\Kotori/test-artifacts
verify / windows	UNKNOWN STEP	2026-09-27T07:18:58.6815457Z   CARGO_HOME: C:\Users\runneradmin\.cargo
verify / windows	UNKNOWN STEP	2026-09-27T07:18:58.6815708Z ##[endgroup]
verify / windows	UNKNOWN STEP	2026-09-27T07:18:58.7230320Z ##[end-action id=__dtolnay_rust-toolchain.__run_6;outcome=success;conclusion=success;duration_ms=56]
verify / windows	UNKNOWN STEP	2026-09-27T07:18:58.7233774Z ##[start-action display=Enable colors in Cargo output;id=__dtolnay_rust-toolchain.__run_7]
verify / windows	UNKNOWN STEP	2026-09-27T07:18:58.7394481Z ##[group]Run if [ -z "${CARGO_TERM_COLOR+set}" ]; then
verify / windows	UNKNOWN STEP	2026-09-27T07:18:58.7394850Z ^[[36;1mif [ -z "${CARGO_TERM_COLOR+set}" ]; then^[[0m
verify / windows	UNKNOWN STEP	2026-09-27T07:18:58.7395171Z ^[[36;1m  echo CARGO_TERM_COLOR=always >> $GITHUB_ENV^[[0m
verify / windows	UNKNOWN STEP	2026-09-27T07:18:58.7395453Z ^[[36;1mfi^[[0m
verify / windows	UNKNOWN STEP	2026-09-27T07:18:58.7411888Z shell: C:\Program Files\Git\bin\bash.EXE --noprofile --norc -e -o pipefail {0}
verify / windows	UNKNOWN STEP	2026-09-27T07:18:58.7412299Z env:
verify / windows	UNKNOWN STEP	2026-09-27T07:18:58.7412469Z   CARGO_TERM_COLOR: always
verify / windows	UNKNOWN STEP	2026-09-27T07:18:58.7412752Z   KOTORI_TEST_ARTIFACTS: D:\a\Kotori\Kotori/test-artifacts
verify / windows	UNKNOWN STEP	2026-09-27T07:18:58.7413084Z   CARGO_HOME: C:\Users\runneradmin\.cargo
verify / windows	UNKNOWN STEP	2026-09-27T07:18:58.7413340Z   CARGO_INCREMENTAL: 0
verify / windows	UNKNOWN STEP	2026-09-27T07:18:58.7413531Z ##[endgroup]
verify / windows	UNKNOWN STEP	2026-09-27T07:18:58.7813602Z ##[end-action id=__dtolnay_rust-toolchain.__run_7;outcome=success;conclusion=success;duration_ms=57]
verify / windows	UNKNOWN STEP	2026-09-27T07:18:58.7816188Z ##[start-action display=Enable Cargo sparse registry;id=__dtolnay_rust-toolchain.__run_8]
verify / windows	UNKNOWN STEP	2026-09-27T07:18:58.7946077Z ##[group]Run # implemented in 1.66, stabilized in 1.68, made default in 1.70
verify / windows	UNKNOWN STEP	2026-09-27T07:18:58.7946759Z ^[[36;1m# implemented in 1.66, stabilized in 1.68, made default in 1.70^[[0m
verify / windows	UNKNOWN STEP	2026-09-27T07:18:58.7947442Z ^[[36;1mif [ -z "${CARGO_REGISTRIES_CRATES_IO_PROTOCOL+set}" -o -f "D:\a\_temp"/.implicit_cargo_registries_crates_io_protocol ]; then^[[0m
verify / windows	UNKNOWN STEP	2026-09-27T07:18:58.7948843Z ^[[36;1m  if rustc +stable --version --verbose | grep -q '^release: 1\.6[89]\.'; then^[[0m
verify / windows	UNKNOWN STEP	2026-09-27T07:18:58.7949364Z ^[[36;1m    touch "D:\a\_temp"/.implicit_cargo_registries_crates_io_protocol || true^[[0m
verify / windows	UNKNOWN STEP	2026-09-27T07:18:58.7949849Z ^[[36;1m    echo CARGO_REGISTRIES_CRATES_IO_PROTOCOL=sparse >> $GITHUB_ENV^[[0m
verify / windows	UNKNOWN STEP	2026-09-27T07:18:58.7950342Z ^[[36;1m  elif rustc +stable --version --verbose | grep -q '^release: 1\.6[67]\.'; then^[[0m
verify / windows	UNKNOWN STEP	2026-09-27T07:18:58.7950854Z ^[[36;1m    touch "D:\a\_temp"/.implicit_cargo_registries_crates_io_protocol || true^[[0m
verify / windows	UNKNOWN STEP	2026-09-27T07:18:58.7951316Z ^[[36;1m    echo CARGO_REGISTRIES_CRATES_IO_PROTOCOL=git >> $GITHUB_ENV^[[0m
verify / windows	UNKNOWN STEP	2026-09-27T07:18:58.7951650Z ^[[36;1m  fi^[[0m
verify / windows	UNKNOWN STEP	2026-09-27T07:18:58.7951812Z ^[[36;1mfi^[[0m
verify / windows	UNKNOWN STEP	2026-09-27T07:18:58.7966780Z shell: C:\Program Files\Git\bin\bash.EXE --noprofile --norc -e -o pipefail {0}
verify / windows	UNKNOWN STEP	2026-09-27T07:18:58.7967170Z env:
verify / windows	UNKNOWN STEP	2026-09-27T07:18:58.7967341Z   CARGO_TERM_COLOR: always
verify / windows	UNKNOWN STEP	2026-09-27T07:18:58.7967610Z   KOTORI_TEST_ARTIFACTS: D:\a\Kotori\Kotori/test-artifacts
verify / windows	UNKNOWN STEP	2026-09-27T07:18:58.7967962Z   CARGO_HOME: C:\Users\runneradmin\.cargo
verify / windows	UNKNOWN STEP	2026-09-27T07:18:58.7968226Z   CARGO_INCREMENTAL: 0
verify / windows	UNKNOWN STEP	2026-09-27T07:18:58.7968420Z ##[endgroup]
verify / windows	UNKNOWN STEP	2026-09-27T07:18:58.9848814Z ##[end-action id=__dtolnay_rust-toolchain.__run_8;outcome=success;conclusion=success;duration_ms=203]
verify / windows	UNKNOWN STEP	2026-09-27T07:18:58.9851414Z ##[start-action display=Work around spurious network errors in curl 8.0;id=__dtolnay_rust-toolchain.__run_9]
verify / windows	UNKNOWN STEP	2026-09-27T07:18:58.9986163Z ##[group]Run # https://rust-lang.zulipchat.com/#narrow/stream/246057-t-cargo/topic/timeout.20investigation
verify / windows	UNKNOWN STEP	2026-09-27T07:18:58.9986949Z ^[[36;1m# https://rust-lang.zulipchat.com/#narrow/stream/246057-t-cargo/topic/timeout.20investigation^[[0m
verify / windows	UNKNOWN STEP	2026-09-27T07:18:58.9987602Z ^[[36;1mif rustc +stable --version --verbose | grep -q '^release: 1\.7[01]\.'; then^[[0m
verify / windows	UNKNOWN STEP	2026-09-27T07:18:58.9988070Z ^[[36;1m  echo CARGO_HTTP_MULTIPLEXING=false >> $GITHUB_ENV^[[0m
verify / windows	UNKNOWN STEP	2026-09-27T07:18:58.9988367Z ^[[36;1mfi^[[0m
verify / windows	UNKNOWN STEP	2026-09-27T07:18:59.0003383Z shell: C:\Program Files\Git\bin\bash.EXE --noprofile --norc -e -o pipefail {0}
verify / windows	UNKNOWN STEP	2026-09-27T07:18:59.0003777Z env:
verify / windows	UNKNOWN STEP	2026-09-27T07:18:59.0003950Z   CARGO_TERM_COLOR: always
verify / windows	UNKNOWN STEP	2026-09-27T07:18:59.0004225Z   KOTORI_TEST_ARTIFACTS: D:\a\Kotori\Kotori/test-artifacts
verify / windows	UNKNOWN STEP	2026-09-27T07:18:59.0004556Z   CARGO_HOME: C:\Users\runneradmin\.cargo
verify / windows	UNKNOWN STEP	2026-09-27T07:18:59.0004805Z   CARGO_INCREMENTAL: 0
verify / windows	UNKNOWN STEP	2026-09-27T07:18:59.0004991Z ##[endgroup]
verify / windows	UNKNOWN STEP	2026-09-27T07:18:59.1122794Z ##[end-action id=__dtolnay_rust-toolchain.__run_9;outcome=success;conclusion=success;duration_ms=127]
verify / windows	UNKNOWN STEP	2026-09-27T07:18:59.1127267Z ##[start-action display=rustc +stable --version --verbose;id=__dtolnay_rust-toolchain.__run_10]
verify / windows	UNKNOWN STEP	2026-09-27T07:18:59.1261130Z ##[group]Run rustc +stable --version --verbose
verify / windows	UNKNOWN STEP	2026-09-27T07:18:59.1261580Z ^[[36;1mrustc +stable --version --verbose^[[0m
verify / windows	UNKNOWN STEP	2026-09-27T07:18:59.1277354Z shell: C:\Program Files\Git\bin\bash.EXE --noprofile --norc -e -o pipefail {0}
verify / windows	UNKNOWN STEP	2026-09-27T07:18:59.1277882Z env:
verify / windows	UNKNOWN STEP	2026-09-27T07:18:59.1333309Z   CARGO_TERM_COLOR: always
verify / windows	UNKNOWN STEP	2026-09-27T07:18:59.1333913Z   KOTORI_TEST_ARTIFACTS: D:\a\Kotori\Kotori/test-artifacts
verify / windows	UNKNOWN STEP	2026-09-27T07:18:59.1334491Z   CARGO_HOME: C:\Users\runneradmin\.cargo
verify / windows	UNKNOWN STEP	2026-09-27T07:18:59.1334938Z   CARGO_INCREMENTAL: 0
verify / windows	UNKNOWN STEP	2026-09-27T07:18:59.1335277Z ##[endgroup]
verify / windows	UNKNOWN STEP	2026-09-27T07:18:59.2167504Z rustc 1.98.1 (48a229cea 2026-09-01)
verify / windows	UNKNOWN STEP	2026-09-27T07:18:59.2168051Z binary: rustc
verify / windows	UNKNOWN STEP	2026-09-27T07:18:59.2168479Z commit-hash: 48a229ceaefd4985c50990b14116b6d856af0985
verify / windows	UNKNOWN STEP	2026-09-27T07:18:59.2169001Z commit-date: 2026-09-01
verify / windows	UNKNOWN STEP	2026-09-27T07:18:59.2169368Z host: x86_64-pc-windows-msvc
verify / windows	UNKNOWN STEP	2026-09-27T07:18:59.2169745Z release: 1.98.1
verify / windows	UNKNOWN STEP	2026-09-27T07:18:59.2170401Z LLVM version: 22.1.8
verify / windows	UNKNOWN STEP	2026-09-27T07:18:59.2277293Z ##[end-action id=__dtolnay_rust-toolchain.__run_10;outcome=success;conclusion=success;duration_ms=114]
verify / windows	UNKNOWN STEP	2026-09-27T07:18:59.2508325Z ##[group]Run Swatinem/rust-cache@v2
verify / windows	UNKNOWN STEP	2026-09-27T07:18:59.2508835Z with:
verify / windows	UNKNOWN STEP	2026-09-27T07:18:59.2509021Z   cache-on-failure: true
verify / windows	UNKNOWN STEP	2026-09-27T07:18:59.2509240Z   prefix-key: v0-rust
verify / windows	UNKNOWN STEP	2026-09-27T07:18:59.2509445Z   add-job-id-key: true
verify / windows	UNKNOWN STEP	2026-09-27T07:18:59.2509672Z   add-rust-environment-hash-key: true
verify / windows	UNKNOWN STEP	2026-09-27T07:18:59.2509924Z   cache-targets: true
verify / windows	UNKNOWN STEP	2026-09-27T07:18:59.2510121Z   cache-all-crates: false
verify / windows	UNKNOWN STEP	2026-09-27T07:18:59.2510338Z   cache-workspace-crates: false
verify / windows	UNKNOWN STEP	2026-09-27T07:18:59.2510564Z   save-if: true
verify / windows	UNKNOWN STEP	2026-09-27T07:18:59.2510745Z   cache-provider: github
verify / windows	UNKNOWN STEP	2026-09-27T07:18:59.2510945Z   cache-bin: true
verify / windows	UNKNOWN STEP	2026-09-27T07:18:59.2511123Z   lookup-only: false
verify / windows	UNKNOWN STEP	2026-09-27T07:18:59.2511305Z   cmd-format: {0}
verify / windows	UNKNOWN STEP	2026-09-27T07:18:59.2511472Z env:
verify / windows	UNKNOWN STEP	2026-09-27T07:18:59.2511636Z   CARGO_TERM_COLOR: always
verify / windows	UNKNOWN STEP	2026-09-27T07:18:59.2511900Z   KOTORI_TEST_ARTIFACTS: D:\a\Kotori\Kotori/test-artifacts
verify / windows	UNKNOWN STEP	2026-09-27T07:18:59.2512221Z   CARGO_HOME: C:\Users\runneradmin\.cargo
verify / windows	UNKNOWN STEP	2026-09-27T07:18:59.2512500Z   CARGO_INCREMENTAL: 0
verify / windows	UNKNOWN STEP	2026-09-27T07:18:59.2512691Z ##[endgroup]
verify / windows	UNKNOWN STEP	2026-09-27T07:19:02.0414570Z ##[group]Cache Configuration
verify / windows	UNKNOWN STEP	2026-09-27T07:19:02.0414999Z Cache Provider:
verify / windows	UNKNOWN STEP	2026-09-27T07:19:02.0415295Z     github
verify / windows	UNKNOWN STEP	2026-09-27T07:19:02.0415568Z Workspaces:
verify / windows	UNKNOWN STEP	2026-09-27T07:19:02.0415851Z     D:\a\Kotori\Kotori
verify / windows	UNKNOWN STEP	2026-09-27T07:19:02.0416182Z Cache Paths:
verify / windows	UNKNOWN STEP	2026-09-27T07:19:02.0416514Z     C:\Users\runneradmin\.cargo\bin
verify / windows	UNKNOWN STEP	2026-09-27T07:19:02.0416970Z     C:\Users\runneradmin\.cargo\.crates.toml
verify / windows	UNKNOWN STEP	2026-09-27T07:19:02.0417470Z     C:\Users\runneradmin\.cargo\.crates2.json
verify / windows	UNKNOWN STEP	2026-09-27T07:19:02.0417953Z     C:\Users\runneradmin\.cargo\registry
verify / windows	UNKNOWN STEP	2026-09-27T07:19:02.0418416Z     C:\Users\runneradmin\.cargo\git
verify / windows	UNKNOWN STEP	2026-09-27T07:19:02.0418833Z     D:\a\Kotori\Kotori\target
verify / windows	UNKNOWN STEP	2026-09-27T07:19:02.0419199Z Restore Key:
verify / windows	UNKNOWN STEP	2026-09-27T07:19:02.0419769Z     v0-rust-windows-Windows_NT-x64-2113753f
verify / windows	UNKNOWN STEP	2026-09-27T07:19:02.0420217Z Cache Key:
verify / windows	UNKNOWN STEP	2026-09-27T07:19:02.0420579Z     v0-rust-windows-Windows_NT-x64-2113753f-fba41dd4
verify / windows	UNKNOWN STEP	2026-09-27T07:19:02.0421107Z .. Prefix:
verify / windows	UNKNOWN STEP	2026-09-27T07:19:02.0421422Z   - v0-rust-windows-Windows_NT-x64
verify / windows	UNKNOWN STEP	2026-09-27T07:19:02.0421867Z .. Environment considered:
verify / windows	UNKNOWN STEP	2026-09-27T07:19:02.0422228Z   - Rust Versions:
verify / windows	UNKNOWN STEP	2026-09-27T07:19:02.0423042Z     - 1.98.1 x86_64-pc-windows-msvc 48a229ceaefd4985c50990b14116b6d856af0985
verify / windows	UNKNOWN STEP	2026-09-27T07:19:02.0423685Z   - CARGO_HOME
verify / windows	UNKNOWN STEP	2026-09-27T07:19:02.0423987Z   - CARGO_INCREMENTAL
verify / windows	UNKNOWN STEP	2026-09-27T07:19:02.0424404Z   - CARGO_TERM_COLOR
verify / windows	UNKNOWN STEP	2026-09-27T07:19:02.0426944Z .. Lockfiles considered:
verify / windows	UNKNOWN STEP	2026-09-27T07:19:02.0429678Z   - D:\a\Kotori\Kotori\.cargo\config.toml
verify / windows	UNKNOWN STEP	2026-09-27T07:19:02.0430956Z   - D:\a\Kotori\Kotori\Cargo.lock
verify / windows	UNKNOWN STEP	2026-09-27T07:19:02.0431739Z   - D:\a\Kotori\Kotori\Cargo.toml
verify / windows	UNKNOWN STEP	2026-09-27T07:19:02.0432730Z ##[endgroup]
verify / windows	UNKNOWN STEP	2026-09-27T07:19:02.0433243Z 
verify / windows	UNKNOWN STEP	2026-09-27T07:19:02.0433659Z ... Restoring cache ...
verify / windows	UNKNOWN STEP	2026-09-27T07:19:02.2374398Z Cache hit for: v0-rust-windows-Windows_NT-x64-2113753f-fba41dd4
verify / windows	UNKNOWN STEP	2026-09-27T07:19:03.3138115Z Received 167772160 of 942664825 (17.8%), 156.6 MBs/sec
verify / windows	UNKNOWN STEP	2026-09-27T07:19:04.3415895Z Received 377487360 of 942664825 (40.0%), 175.8 MBs/sec
verify / windows	UNKNOWN STEP	2026-09-27T07:19:05.3592676Z Received 570425344 of 942664825 (60.5%), 177.4 MBs/sec
verify / windows	UNKNOWN STEP	2026-09-27T07:19:06.3662250Z Received 767557632 of 942664825 (81.4%), 179.7 MBs/sec
verify / windows	UNKNOWN STEP	2026-09-27T07:19:07.3680218Z Received 939524096 of 942664825 (99.7%), 176.5 MBs/sec
verify / windows	UNKNOWN STEP	2026-09-27T07:19:07.4028991Z Received 942664825 of 942664825 (100.0%), 175.9 MBs/sec
verify / windows	UNKNOWN STEP	2026-09-27T07:19:07.4032481Z Cache Size: ~899 MB (942664825 B)
verify / windows	UNKNOWN STEP	2026-09-27T07:19:07.4073448Z [command]"C:\Program Files\Git\usr\bin\tar.exe" -xf D:/a/_temp/6e4c0f97-d3da-4bc6-b0b3-ce855c14e62b/cache.tzst -P -C D:/a/Kotori/Kotori --force-local --use-compress-program "zstd -d"
verify / windows	UNKNOWN STEP	2026-09-27T07:19:26.1139155Z Cache restored successfully
verify / windows	UNKNOWN STEP	2026-09-27T07:19:26.1633688Z Restored from cache key "v0-rust-windows-Windows_NT-x64-2113753f-fba41dd4" full match: true.
verify / windows	UNKNOWN STEP	2026-09-27T07:19:26.1925144Z ##[group]Run cargo clippy --all-targets --locked -- -D warnings
verify / windows	UNKNOWN STEP	2026-09-27T07:19:26.1925672Z ^[[36;1mcargo clippy --all-targets --locked -- -D warnings^[[0m
verify / windows	UNKNOWN STEP	2026-09-27T07:19:26.2592378Z shell: C:\Program Files\PowerShell\7\pwsh.EXE -command ". '{0}'"
verify / windows	UNKNOWN STEP	2026-09-27T07:19:26.2592980Z env:
verify / windows	UNKNOWN STEP	2026-09-27T07:19:26.2593185Z   CARGO_TERM_COLOR: always
verify / windows	UNKNOWN STEP	2026-09-27T07:19:26.2593516Z   KOTORI_TEST_ARTIFACTS: D:\a\Kotori\Kotori/test-artifacts
verify / windows	UNKNOWN STEP	2026-09-27T07:19:26.2593891Z   CARGO_HOME: C:\Users\runneradmin\.cargo
verify / windows	UNKNOWN STEP	2026-09-27T07:19:26.2594169Z   CARGO_INCREMENTAL: 0
verify / windows	UNKNOWN STEP	2026-09-27T07:19:26.2594392Z   CACHE_ON_FAILURE: true
verify / windows	UNKNOWN STEP	2026-09-27T07:19:26.2594625Z ##[endgroup]
verify / windows	UNKNOWN STEP	2026-09-27T07:19:29.0924773Z ^[[1m^[[92m    Updating^[[0m crates.io index
verify / windows	UNKNOWN STEP	2026-09-27T07:19:51.8027661Z ^[[1m^[[92m   Compiling^[[0m kotori v0.1.0 (D:\a\Kotori\Kotori)
verify / windows	UNKNOWN STEP	2026-09-27T07:20:16.8746811Z ^[[1m^[[91merror^[[0m^[[1m^[[97m: unused import: `crate::config::ScaleProfile`^[[0m
verify / windows	UNKNOWN STEP	2026-09-27T07:20:16.8748217Z  ^[[1m^[[96m--> ^[[0msrc\scale\action.rs:5:5
verify / windows	UNKNOWN STEP	2026-09-27T07:20:16.8749187Z   ^[[1m^[[96m|^[[0m
verify / windows	UNKNOWN STEP	2026-09-27T07:20:16.8750387Z ^[[1m^[[96m5^[[0m ^[[1m^[[96m|^[[0m use crate::config::ScaleProfile;
verify / windows	UNKNOWN STEP	2026-09-27T07:20:16.8751478Z   ^[[1m^[[96m|^[[0m     ^[[1m^[[91m^^^^^^^^^^^^^^^^^^^^^^^^^^^^[[0m
verify / windows	UNKNOWN STEP	2026-09-27T07:20:16.8752808Z   ^[[1m^[[96m|^[[0m
verify / windows	UNKNOWN STEP	2026-09-27T07:20:16.8753732Z   ^[[1m^[[96m= ^[[0m^[[1m^[[97mnote^[[0m: `-D unused-imports` implied by `-D warnings`
verify / windows	UNKNOWN STEP	2026-09-27T07:20:16.8755999Z   ^[[1m^[[96m= ^[[0m^[[1m^[[97mhelp^[[0m: to override `-D warnings` add `#[allow(unused_imports)]`
verify / windows	UNKNOWN STEP	2026-09-27T07:20:16.8757062Z 
verify / windows	UNKNOWN STEP	2026-09-27T07:20:17.6515839Z ^[[1m^[[91merror^[[0m^[[1m^[[97m: unused import: `std::io::Write`^[[0m
verify / windows	UNKNOWN STEP	2026-09-27T07:20:17.6516687Z   ^[[1m^[[96m--> ^[[0msrc\wine_prefixes.rs:23:5
verify / windows	UNKNOWN STEP	2026-09-27T07:20:17.6517224Z    ^[[1m^[[96m|^[[0m
verify / windows	UNKNOWN STEP	2026-09-27T07:20:17.6517848Z ^[[1m^[[96m23^[[0m ^[[1m^[[96m|^[[0m use std::io::Write;
verify / windows	UNKNOWN STEP	2026-09-27T07:20:17.6518550Z    ^[[1m^[[96m|^[[0m     ^[[1m^[[91m^^^^^^^^^^^^^^^[[0m
verify / windows	UNKNOWN STEP	2026-09-27T07:20:17.6518951Z 
verify / windows	UNKNOWN STEP	2026-09-27T07:20:29.2482204Z ^[[1m^[[91merror[E0599]^[[0m^[[1m^[[97m: no method named `output_size_for` found for struct `config::profile::ScaleProfile` in the current scope^[[0m
verify / windows	UNKNOWN STEP	2026-09-27T07:20:29.2483168Z   ^[[1m^[[96m--> ^[[0msrc\config\profile\tests.rs:35:24
verify / windows	UNKNOWN STEP	2026-09-27T07:20:29.2483591Z    ^[[1m^[[96m|^[[0m
verify / windows	UNKNOWN STEP	2026-09-27T07:20:29.2484117Z ^[[1m^[[96m35^[[0m ^[[1m^[[96m|^[[0m     assert_eq!(profile.output_size_for(screen), screen);
verify / windows	UNKNOWN STEP	2026-09-27T07:20:29.2484996Z    ^[[1m^[[96m|^[[0m                        ^[[1m^[[91m^^^^^^^^^^^^^^^^[[0m ^[[1m^[[91mmethod not found in `config::profile::ScaleProfile`^[[0m
verify / windows	UNKNOWN STEP	2026-09-27T07:20:29.2485790Z    ^[[1m^[[96m|^[[0m
verify / windows	UNKNOWN STEP	2026-09-27T07:20:29.2486165Z   ^[[1m^[[96m::: ^[[0msrc\config\profile\mod.rs:37:1
verify / windows	UNKNOWN STEP	2026-09-27T07:20:29.2486580Z    ^[[1m^[[96m|^[[0m
verify / windows	UNKNOWN STEP	2026-09-27T07:20:29.2486941Z ^[[1m^[[96m37^[[0m ^[[1m^[[96m|^[[0m pub struct ScaleProfile {
verify / windows	UNKNOWN STEP	2026-09-27T07:20:29.2487835Z    ^[[1m^[[96m|^[[0m ^[[1m^[[96m-----------------------^[[0m ^[[1m^[[96mmethod `output_size_for` not found for this struct^[[0m
verify / windows	UNKNOWN STEP	2026-09-27T07:20:29.2488293Z 
verify / windows	UNKNOWN STEP	2026-09-27T07:20:29.2933153Z ^[[1m^[[91merror[E0599]^[[0m^[[1m^[[97m: no method named `output_size_for` found for struct `config::profile::ScaleProfile` in the current scope^[[0m
verify / windows	UNKNOWN STEP	2026-09-27T07:20:29.2934118Z   ^[[1m^[[96m--> ^[[0msrc\config\profile\tests.rs:40:24
verify / windows	UNKNOWN STEP	2026-09-27T07:20:29.2934543Z    ^[[1m^[[96m|^[[0m
verify / windows	UNKNOWN STEP	2026-09-27T07:20:29.2934996Z ^[[1m^[[96m40^[[0m ^[[1m^[[96m|^[[0m     assert_eq!(profile.output_size_for(screen), screen);
verify / windows	UNKNOWN STEP	2026-09-27T07:20:29.2935843Z    ^[[1m^[[96m|^[[0m                        ^[[1m^[[91m^^^^^^^^^^^^^^^^[[0m ^[[1m^[[91mmethod not found in `config::profile::ScaleProfile`^[[0m
verify / windows	UNKNOWN STEP	2026-09-27T07:20:29.2936375Z    ^[[1m^[[96m|^[[0m
verify / windows	UNKNOWN STEP	2026-09-27T07:20:29.2936731Z   ^[[1m^[[96m::: ^[[0msrc\config\profile\mod.rs:37:1
verify / windows	UNKNOWN STEP	2026-09-27T07:20:29.2937092Z    ^[[1m^[[96m|^[[0m
verify / windows	UNKNOWN STEP	2026-09-27T07:20:29.2937468Z ^[[1m^[[96m37^[[0m ^[[1m^[[96m|^[[0m pub struct ScaleProfile {
verify / windows	UNKNOWN STEP	2026-09-27T07:20:29.2938093Z    ^[[1m^[[96m|^[[0m ^[[1m^[[96m-----------------------^[[0m ^[[1m^[[96mmethod `output_size_for` not found for this struct^[[0m
verify / windows	UNKNOWN STEP	2026-09-27T07:20:29.2938521Z 
verify / windows	UNKNOWN STEP	2026-09-27T07:20:29.3301213Z ^[[1m^[[91merror[E0599]^[[0m^[[1m^[[97m: no method named `output_size_for` found for struct `config::profile::ScaleProfile` in the current scope^[[0m
verify / windows	UNKNOWN STEP	2026-09-27T07:20:29.3303180Z   ^[[1m^[[96m--> ^[[0msrc\config\profile\tests.rs:44:24
verify / windows	UNKNOWN STEP	2026-09-27T07:20:29.3304221Z    ^[[1m^[[96m|^[[0m
verify / windows	UNKNOWN STEP	2026-09-27T07:20:29.3305068Z ^[[1m^[[96m44^[[0m ^[[1m^[[96m|^[[0m     assert_eq!(profile.output_size_for(screen), (1600, 900));
verify / windows	UNKNOWN STEP	2026-09-27T07:20:29.3306539Z    ^[[1m^[[96m|^[[0m                        ^[[1m^[[91m^^^^^^^^^^^^^^^^[[0m ^[[1m^[[91mmethod not found in `config::profile::ScaleProfile`^[[0m
verify / windows	UNKNOWN STEP	2026-09-27T07:20:29.3307563Z    ^[[1m^[[96m|^[[0m
verify / windows	UNKNOWN STEP	2026-09-27T07:20:29.3308221Z   ^[[1m^[[96m::: ^[[0msrc\config\profile\mod.rs:37:1
verify / windows	UNKNOWN STEP	2026-09-27T07:20:29.3308870Z    ^[[1m^[[96m|^[[0m
verify / windows	UNKNOWN STEP	2026-09-27T07:20:29.3309454Z ^[[1m^[[96m37^[[0m ^[[1m^[[96m|^[[0m pub struct ScaleProfile {
verify / windows	UNKNOWN STEP	2026-09-27T07:20:29.3310584Z    ^[[1m^[[96m|^[[0m ^[[1m^[[96m-----------------------^[[0m ^[[1m^[[96mmethod `output_size_for` not found for this struct^[[0m
verify / windows	UNKNOWN STEP	2026-09-27T07:20:29.3311245Z 
verify / windows	UNKNOWN STEP	2026-09-27T07:20:29.3658110Z ^[[1m^[[91merror[E0599]^[[0m^[[1m^[[97m: no method named `free_form` found for struct `config::profile::ScaleProfile` in the current scope^[[0m
verify / windows	UNKNOWN STEP	2026-09-27T07:20:29.3661256Z    ^[[1m^[[96m--> ^[[0msrc\config\profile\tests.rs:206:22
verify / windows	UNKNOWN STEP	2026-09-27T07:20:29.3662039Z     ^[[1m^[[96m|^[[0m
verify / windows	UNKNOWN STEP	2026-09-27T07:20:29.3662701Z ^[[1m^[[96m206^[[0m ^[[1m^[[96m|^[[0m     assert!(!profile.free_form());
verify / windows	UNKNOWN STEP	2026-09-27T07:20:29.3664385Z     ^[[1m^[[96m|^[[0m                      ^[[1m^[[91m^^^^^^^^^^[[0m ^[[1m^[[91mmethod not found in `config::profile::ScaleProfile`^[[0m
verify / windows	UNKNOWN STEP	2026-09-27T07:20:29.3665311Z     ^[[1m^[[96m|^[[0m
verify / windows	UNKNOWN STEP	2026-09-27T07:20:29.3665998Z    ^[[1m^[[96m::: ^[[0msrc\config\profile\mod.rs:37:1
verify / windows	UNKNOWN STEP	2026-09-27T07:20:29.3666638Z     ^[[1m^[[96m|^[[0m
verify / windows	UNKNOWN STEP	2026-09-27T07:20:29.3667245Z ^[[1m^[[96m 37^[[0m ^[[1m^[[96m|^[[0m pub struct ScaleProfile {
verify / windows	UNKNOWN STEP	2026-09-27T07:20:29.3668407Z     ^[[1m^[[96m|^[[0m ^[[1m^[[96m-----------------------^[[0m ^[[1m^[[96mmethod `free_form` not found for this struct^[[0m
verify / windows	UNKNOWN STEP	2026-09-27T07:20:29.3669068Z 
verify / windows	UNKNOWN STEP	2026-09-27T07:20:29.3931883Z ^[[1m^[[91merror[E0599]^[[0m^[[1m^[[97m: no method named `free_form` found for struct `config::profile::ScaleProfile` in the current scope^[[0m
verify / windows	UNKNOWN STEP	2026-09-27T07:20:29.3933630Z    ^[[1m^[[96m--> ^[[0msrc\config\profile\tests.rs:209:21
verify / windows	UNKNOWN STEP	2026-09-27T07:20:29.3934487Z     ^[[1m^[[96m|^[[0m
verify / windows	UNKNOWN STEP	2026-09-27T07:20:29.3935247Z ^[[1m^[[96m209^[[0m ^[[1m^[[96m|^[[0m     assert!(profile.free_form());
verify / windows	UNKNOWN STEP	2026-09-27T07:20:29.3936564Z     ^[[1m^[[96m|^[[0m                     ^[[1m^[[91m^^^^^^^^^^[[0m ^[[1m^[[91mmethod not found in `config::profile::ScaleProfile`^[[0m
verify / windows	UNKNOWN STEP	2026-09-27T07:20:29.3937601Z     ^[[1m^[[96m|^[[0m
verify / windows	UNKNOWN STEP	2026-09-27T07:20:29.3938388Z    ^[[1m^[[96m::: ^[[0msrc\config\profile\mod.rs:37:1
verify / windows	UNKNOWN STEP	2026-09-27T07:20:29.3939112Z     ^[[1m^[[96m|^[[0m
verify / windows	UNKNOWN STEP	2026-09-27T07:20:29.3939800Z ^[[1m^[[96m 37^[[0m ^[[1m^[[96m|^[[0m pub struct ScaleProfile {
verify / windows	UNKNOWN STEP	2026-09-27T07:20:29.3941015Z     ^[[1m^[[96m|^[[0m ^[[1m^[[96m-----------------------^[[0m ^[[1m^[[96mmethod `free_form` not found for this struct^[[0m
verify / windows	UNKNOWN STEP	2026-09-27T07:20:29.3941855Z 
verify / windows	UNKNOWN STEP	2026-09-27T07:20:29.4194772Z ^[[1m^[[91merror[E0599]^[[0m^[[1m^[[97m: no method named `free_form` found for struct `config::profile::ScaleProfile` in the current scope^[[0m
verify / windows	UNKNOWN STEP	2026-09-27T07:20:29.4196392Z    ^[[1m^[[96m--> ^[[0msrc\config\profile\tests.rs:212:22
verify / windows	UNKNOWN STEP	2026-09-27T07:20:29.4197686Z     ^[[1m^[[96m|^[[0m
verify / windows	UNKNOWN STEP	2026-09-27T07:20:29.4198978Z ^[[1m^[[96m212^[[0m ^[[1m^[[96m|^[[0m     assert!(!profile.free_form(), "清空自定义参数就回到自动");
verify / windows	UNKNOWN STEP	2026-09-27T07:20:29.4200643Z     ^[[1m^[[96m|^[[0m                      ^[[1m^[[91m^^^^^^^^^^[[0m ^[[1m^[[91mmethod not found in `config::profile::ScaleProfile`^[[0m
verify / windows	UNKNOWN STEP	2026-09-27T07:20:29.4201903Z     ^[[1m^[[96m|^[[0m
verify / windows	UNKNOWN STEP	2026-09-27T07:20:29.4202786Z    ^[[1m^[[96m::: ^[[0msrc\config\profile\mod.rs:37:1
verify / windows	UNKNOWN STEP	2026-09-27T07:20:29.4203727Z     ^[[1m^[[96m|^[[0m
verify / windows	UNKNOWN STEP	2026-09-27T07:20:29.4204560Z ^[[1m^[[96m 37^[[0m ^[[1m^[[96m|^[[0m pub struct ScaleProfile {
verify / windows	UNKNOWN STEP	2026-09-27T07:20:29.4205907Z     ^[[1m^[[96m|^[[0m ^[[1m^[[96m-----------------------^[[0m ^[[1m^[[96mmethod `free_form` not found for this struct^[[0m
verify / windows	UNKNOWN STEP	2026-09-27T07:20:29.4206919Z 
verify / windows	UNKNOWN STEP	2026-09-27T07:20:58.6788907Z ^[[1m^[[97mFor more information about this error, try `rustc --explain E0599`.^[[0m
verify / windows	UNKNOWN STEP	2026-09-27T07:20:58.7349789Z ^[[1m^[[91merror^[[0m: could not compile `kotori` (bin "kotori" test) due to 8 previous errors
verify / windows	UNKNOWN STEP	2026-09-27T07:20:58.7351089Z ^[[1m^[[93mwarning^[[0m: build failed, waiting for other jobs to finish...
verify / windows	UNKNOWN STEP	2026-09-27T07:21:00.5893791Z ^[[1m^[[91merror^[[0m: could not compile `kotori` (bin "kotori") due to 2 previous errors
verify / windows	UNKNOWN STEP	2026-09-27T07:21:00.7679049Z ##[error]Process completed with exit code 1.
verify / windows	UNKNOWN STEP	2026-09-27T07:21:00.7933129Z ##[group]Run actions/upload-artifact@v4
verify / windows	UNKNOWN STEP	2026-09-27T07:21:00.7933855Z with:
verify / windows	UNKNOWN STEP	2026-09-27T07:21:00.7934199Z   name: test-artifacts-windows-x64
verify / windows	UNKNOWN STEP	2026-09-27T07:21:00.7934734Z   path: D:\a\Kotori\Kotori/test-artifacts
verify / windows	UNKNOWN STEP	2026-09-27T07:21:00.7935270Z   if-no-files-found: warn
verify / windows	UNKNOWN STEP	2026-09-27T07:21:00.7935697Z   compression-level: 6
verify / windows	UNKNOWN STEP	2026-09-27T07:21:00.7936112Z   overwrite: false
verify / windows	UNKNOWN STEP	2026-09-27T07:21:00.7936545Z   include-hidden-files: false
verify / windows	UNKNOWN STEP	2026-09-27T07:21:00.7937051Z env:
verify / windows	UNKNOWN STEP	2026-09-27T07:21:00.7937430Z   CARGO_TERM_COLOR: always
verify / windows	UNKNOWN STEP	2026-09-27T07:21:00.7938024Z   KOTORI_TEST_ARTIFACTS: D:\a\Kotori\Kotori/test-artifacts
verify / windows	UNKNOWN STEP	2026-09-27T07:21:00.7938718Z   CARGO_HOME: C:\Users\runneradmin\.cargo
verify / windows	UNKNOWN STEP	2026-09-27T07:21:00.7939328Z   CARGO_INCREMENTAL: 0
verify / windows	UNKNOWN STEP	2026-09-27T07:21:00.7939786Z   CACHE_ON_FAILURE: true
verify / windows	UNKNOWN STEP	2026-09-27T07:21:00.7940280Z ##[endgroup]
verify / windows	UNKNOWN STEP	2026-09-27T07:21:00.9892439Z (node:3532) [DEP0040] DeprecationWarning: The `punycode` module is deprecated. Please use a userland alternative instead.
verify / windows	UNKNOWN STEP	2026-09-27T07:21:00.9894004Z (Use `node --trace-deprecation ...` to show where the warning was created)
verify / windows	UNKNOWN STEP	2026-09-27T07:21:00.9954369Z ##[warning]No files were found with the provided path: D:\a\Kotori\Kotori/test-artifacts. No artifacts will be uploaded.
verify / windows	UNKNOWN STEP	2026-09-27T07:21:01.0293933Z Post job cleanup.
verify / windows	UNKNOWN STEP	2026-09-27T07:21:01.1819340Z Cache up-to-date.
verify / windows	UNKNOWN STEP	2026-09-27T07:21:01.2159617Z Post job cleanup.
verify / windows	UNKNOWN STEP	2026-09-27T07:21:01.4412657Z [command]"C:\Program Files\Git\bin\git.exe" version
verify / windows	UNKNOWN STEP	2026-09-27T07:21:01.4719475Z git version 2.55.0.windows.5
verify / windows	UNKNOWN STEP	2026-09-27T07:21:01.4801836Z Temporarily overriding HOME='D:\a\_temp\dab97bf5-1152-4903-a5f4-89c04ff0438f' before making global git config changes
verify / windows	UNKNOWN STEP	2026-09-27T07:21:01.4803146Z Adding repository directory to the temporary git global config as a safe directory
verify / windows	UNKNOWN STEP	2026-09-27T07:21:01.4814116Z [command]"C:\Program Files\Git\bin\git.exe" config --global --add safe.directory D:\a\Kotori\Kotori
verify / windows	UNKNOWN STEP	2026-09-27T07:21:01.5172114Z [command]"C:\Program Files\Git\bin\git.exe" config --local --name-only --get-regexp core\.sshCommand
verify / windows	UNKNOWN STEP	2026-09-27T07:21:01.5487046Z [command]"C:\Program Files\Git\bin\git.exe" submodule foreach --recursive "sh -c \"git config --local --name-only --get-regexp 'core\.sshCommand' && git config --local --unset-all 'core.sshCommand' || :\""
verify / windows	UNKNOWN STEP	2026-09-27T07:21:02.0880926Z [command]"C:\Program Files\Git\bin\git.exe" config --local --name-only --get-regexp http\.https\:\/\/github\.com\/\.extraheader
verify / windows	UNKNOWN STEP	2026-09-27T07:21:02.1139380Z http.https://github.com/.extraheader
verify / windows	UNKNOWN STEP	2026-09-27T07:21:02.1181841Z [command]"C:\Program Files\Git\bin\git.exe" config --local --unset-all http.https://github.com/.extraheader
verify / windows	UNKNOWN STEP	2026-09-27T07:21:02.1491848Z [command]"C:\Program Files\Git\bin\git.exe" submodule foreach --recursive "sh -c \"git config --local --name-only --get-regexp 'http\.https\:\/\/github\.com\/\.extraheader' && git config --local --unset-all 'http.https://github.com/.extraheader' || :\""
verify / windows	UNKNOWN STEP	2026-09-27T07:21:02.6934557Z [command]"C:\Program Files\Git\bin\git.exe" config --local --name-only --get-regexp ^includeIf\.gitdir:
verify / windows	UNKNOWN STEP	2026-09-27T07:21:02.7228885Z [command]"C:\Program Files\Git\bin\git.exe" submodule foreach --recursive "git config --local --show-origin --name-only --get-regexp remote.origin.url"
verify / windows	UNKNOWN STEP	2026-09-27T07:21:03.2951202Z Cleaning up orphan processes
verify / windows	UNKNOWN STEP	2026-09-27T07:21:03.3106812Z Terminate orphan process: pid (1956) (vctip)
verify / windows	UNKNOWN STEP	2026-09-27T07:21:03.3563313Z ##[warning]Node.js 20 is deprecated. The following actions target Node.js 20 but are being forced to run on Node.js 24: actions/checkout@v4, actions/upload-artifact@v4. For more information see: https://github.blog/changelog/2025-09-19-deprecation-of-node-20-on-github-actions-runners/
verify / linux	UNKNOWN STEP	﻿2026-09-27T07:18:46.6268354Z Current runner version: '2.337.0'
verify / linux	UNKNOWN STEP	2026-09-27T07:18:46.6293088Z ##[group]Runner Image Provisioner
verify / linux	UNKNOWN STEP	2026-09-27T07:18:46.6293994Z Hosted Compute Agent
verify / linux	UNKNOWN STEP	2026-09-27T07:18:46.6294600Z Version: 20260828.587
verify / linux	UNKNOWN STEP	2026-09-27T07:18:46.6295328Z Commit: abac92662cab4cc7352de4f9f9d2e2419aad9c29
verify / linux	UNKNOWN STEP	2026-09-27T07:18:46.6296109Z Build Date: 2026-08-28T16:44:25Z
verify / linux	UNKNOWN STEP	2026-09-27T07:18:46.6296779Z Worker ID: {212b5426-861a-4d2e-9297-905796140d5e}
verify / linux	UNKNOWN STEP	2026-09-27T07:18:46.6297569Z Azure Region: westus3
verify / linux	UNKNOWN STEP	2026-09-27T07:18:46.6298152Z ##[endgroup]
verify / linux	UNKNOWN STEP	2026-09-27T07:18:46.6299876Z ##[group]Operating System
verify / linux	UNKNOWN STEP	2026-09-27T07:18:46.6300567Z Ubuntu
verify / linux	UNKNOWN STEP	2026-09-27T07:18:46.6301074Z 24.04.5
verify / linux	UNKNOWN STEP	2026-09-27T07:18:46.6302041Z LTS
verify / linux	UNKNOWN STEP	2026-09-27T07:18:46.6302792Z ##[endgroup]
verify / linux	UNKNOWN STEP	2026-09-27T07:18:46.6303416Z ##[group]Runner Image
verify / linux	UNKNOWN STEP	2026-09-27T07:18:46.6304082Z Image: ubuntu-24.04
verify / linux	UNKNOWN STEP	2026-09-27T07:18:46.6304658Z Version: 20260920.314.1
verify / linux	UNKNOWN STEP	2026-09-27T07:18:46.6305973Z Included Software: https://github.com/actions/runner-images/blob/ubuntu24/20260920.314/images/ubuntu/Ubuntu2404-Readme.md
verify / linux	UNKNOWN STEP	2026-09-27T07:18:46.6307568Z Image Release: https://github.com/actions/runner-images/releases/tag/ubuntu24%2F20260920.314
verify / linux	UNKNOWN STEP	2026-09-27T07:18:46.6308688Z ##[endgroup]
verify / linux	UNKNOWN STEP	2026-09-27T07:18:46.6309922Z ##[group]GITHUB_TOKEN Permissions
verify / linux	UNKNOWN STEP	2026-09-27T07:18:46.6312402Z Contents: read
verify / linux	UNKNOWN STEP	2026-09-27T07:18:46.6313220Z Metadata: read
verify / linux	UNKNOWN STEP	2026-09-27T07:18:46.6313973Z Packages: read
verify / linux	UNKNOWN STEP	2026-09-27T07:18:46.6314545Z ##[endgroup]
verify / linux	UNKNOWN STEP	2026-09-27T07:18:46.6317055Z Secret source: Actions
verify / linux	UNKNOWN STEP	2026-09-27T07:18:46.6318020Z Cache mode: write
verify / linux	UNKNOWN STEP	2026-09-27T07:18:46.6318707Z Prepare workflow directory
verify / linux	UNKNOWN STEP	2026-09-27T07:18:46.6923213Z Prepare all required actions
verify / linux	UNKNOWN STEP	2026-09-27T07:18:46.6972395Z Getting action download info
verify / linux	UNKNOWN STEP	2026-09-27T07:18:46.9952555Z Download action repository 'actions/checkout@v4' (SHA:11d5960a326750d5838078e36cf38b85af677262)
verify / linux	UNKNOWN STEP	2026-09-27T07:18:47.0897253Z Download action repository 'dtolnay/rust-toolchain@stable' (SHA:6bed0761d98439e5a578e2877258200ad565ba87)
verify / linux	UNKNOWN STEP	2026-09-27T07:18:47.3284035Z Download action repository 'Swatinem/rust-cache@v2' (SHA:6323deb102c322ba6fcbdcafc7e3dddab59af2b6)
verify / linux	UNKNOWN STEP	2026-09-27T07:18:48.1755730Z Download action repository 'actions/upload-artifact@v4' (SHA:ea165f8d65b6e75b540449e92b4886f43607fa02)
verify / linux	UNKNOWN STEP	2026-09-27T07:18:48.4226187Z Uses: Pianzh/Kotori/.github/workflows/verify.yml@refs/heads/chore/windows-dead-code (9485d3b869832b7bfcd611e9e0c50b195061e134)
verify / linux	UNKNOWN STEP	2026-09-27T07:18:48.4230867Z ##[group] Inputs
verify / linux	UNKNOWN STEP	2026-09-27T07:18:48.4231475Z   kopia-version: 0.23.1
verify / linux	UNKNOWN STEP	2026-09-27T07:18:48.4232022Z ##[endgroup]
verify / linux	UNKNOWN STEP	2026-09-27T07:18:48.4232748Z Complete job name: verify / linux
verify / linux	UNKNOWN STEP	2026-09-27T07:18:48.4987136Z ##[group]Run actions/checkout@v4
verify / linux	UNKNOWN STEP	2026-09-27T07:18:48.4988194Z with:
verify / linux	UNKNOWN STEP	2026-09-27T07:18:48.4988760Z   repository: Pianzh/Kotori
verify / linux	UNKNOWN STEP	2026-09-27T07:18:48.4993093Z   token: ***
verify / linux	UNKNOWN STEP	2026-09-27T07:18:48.4993589Z   ssh-strict: true
verify / linux	UNKNOWN STEP	2026-09-27T07:18:48.4994091Z   ssh-user: git
verify / linux	UNKNOWN STEP	2026-09-27T07:18:48.4994584Z   persist-credentials: true
verify / linux	UNKNOWN STEP	2026-09-27T07:18:48.4995139Z   clean: true
verify / linux	UNKNOWN STEP	2026-09-27T07:18:48.4995644Z   sparse-checkout-cone-mode: true
verify / linux	UNKNOWN STEP	2026-09-27T07:18:48.4996243Z   fetch-depth: 1
verify / linux	UNKNOWN STEP	2026-09-27T07:18:48.4996753Z   fetch-tags: false
verify / linux	UNKNOWN STEP	2026-09-27T07:18:48.4997248Z   show-progress: true
verify / linux	UNKNOWN STEP	2026-09-27T07:18:48.4997749Z   lfs: false
verify / linux	UNKNOWN STEP	2026-09-27T07:18:48.4998213Z   submodules: false
verify / linux	UNKNOWN STEP	2026-09-27T07:18:48.4998719Z   set-safe-directory: true
verify / linux	UNKNOWN STEP	2026-09-27T07:18:48.4999272Z   allow-unsafe-pr-checkout: false
verify / linux	UNKNOWN STEP	2026-09-27T07:18:48.5000142Z env:
verify / linux	UNKNOWN STEP	2026-09-27T07:18:48.5000616Z   CARGO_TERM_COLOR: always
verify / linux	UNKNOWN STEP	2026-09-27T07:18:48.5001349Z   KOTORI_TEST_ARTIFACTS: /home/runner/work/Kotori/Kotori/test-artifacts
verify / linux	UNKNOWN STEP	2026-09-27T07:18:48.5002405Z ##[endgroup]
verify / linux	UNKNOWN STEP	2026-09-27T07:18:48.6015381Z Syncing repository: Pianzh/Kotori
verify / linux	UNKNOWN STEP	2026-09-27T07:18:48.6018846Z ##[group]Getting Git version info
verify / linux	UNKNOWN STEP	2026-09-27T07:18:48.6020334Z Working directory is '/home/runner/work/Kotori/Kotori'
verify / linux	UNKNOWN STEP	2026-09-27T07:18:48.6023950Z [command]/usr/bin/git version
verify / linux	UNKNOWN STEP	2026-09-27T07:18:48.6107361Z git version 2.55.0
verify / linux	UNKNOWN STEP	2026-09-27T07:18:48.6134993Z ##[endgroup]
verify / linux	UNKNOWN STEP	2026-09-27T07:18:48.6158293Z Temporarily overriding HOME='/home/runner/work/_temp/59a73b02-71ce-4272-b1d1-2eb2af95d1ef' before making global git config changes
verify / linux	UNKNOWN STEP	2026-09-27T07:18:48.6161799Z Adding repository directory to the temporary git global config as a safe directory
verify / linux	UNKNOWN STEP	2026-09-27T07:18:48.6164781Z [command]/usr/bin/git config --global --add safe.directory /home/runner/work/Kotori/Kotori
verify / linux	UNKNOWN STEP	2026-09-27T07:18:48.6220971Z Deleting the contents of '/home/runner/work/Kotori/Kotori'
verify / linux	UNKNOWN STEP	2026-09-27T07:18:48.6227026Z ##[group]Initializing the repository
verify / linux	UNKNOWN STEP	2026-09-27T07:18:48.6231553Z [command]/usr/bin/git init /home/runner/work/Kotori/Kotori
verify / linux	UNKNOWN STEP	2026-09-27T07:18:48.6359286Z hint: Using 'master' as the name for the initial branch. This default branch name
verify / linux	UNKNOWN STEP	2026-09-27T07:18:48.6361808Z hint: will change to "main" in Git 3.0. To configure the initial branch name
verify / linux	UNKNOWN STEP	2026-09-27T07:18:48.6364285Z hint: to use in all of your new repositories, which will suppress this warning,
verify / linux	UNKNOWN STEP	2026-09-27T07:18:48.6365496Z hint: call:
verify / linux	UNKNOWN STEP	2026-09-27T07:18:48.6365956Z hint:
verify / linux	UNKNOWN STEP	2026-09-27T07:18:48.6366599Z hint: 	git config --global init.defaultBranch <name>
verify / linux	UNKNOWN STEP	2026-09-27T07:18:48.6367296Z hint:
verify / linux	UNKNOWN STEP	2026-09-27T07:18:48.6367979Z hint: Names commonly chosen instead of 'master' are 'main', 'trunk' and
verify / linux	UNKNOWN STEP	2026-09-27T07:18:48.6369267Z hint: 'development'. The just-created branch can be renamed via this command:
verify / linux	UNKNOWN STEP	2026-09-27T07:18:48.6370118Z hint:
verify / linux	UNKNOWN STEP	2026-09-27T07:18:48.6370595Z hint: 	git branch -m <name>
verify / linux	UNKNOWN STEP	2026-09-27T07:18:48.6371125Z hint:
verify / linux	UNKNOWN STEP	2026-09-27T07:18:48.6371825Z hint: Disable this message with "git config set advice.defaultBranchName false"
verify / linux	UNKNOWN STEP	2026-09-27T07:18:48.6373408Z Initialized empty Git repository in /home/runner/work/Kotori/Kotori/.git/
verify / linux	UNKNOWN STEP	2026-09-27T07:18:48.6476439Z [command]/usr/bin/git remote add origin https://github.com/Pianzh/Kotori
verify / linux	UNKNOWN STEP	2026-09-27T07:18:48.6494184Z ##[endgroup]
verify / linux	UNKNOWN STEP	2026-09-27T07:18:48.6495813Z ##[group]Disabling automatic garbage collection
verify / linux	UNKNOWN STEP	2026-09-27T07:18:48.6497193Z [command]/usr/bin/git config --local gc.auto 0
verify / linux	UNKNOWN STEP	2026-09-27T07:18:48.6521883Z ##[endgroup]
verify / linux	UNKNOWN STEP	2026-09-27T07:18:48.6523120Z ##[group]Setting up auth
verify / linux	UNKNOWN STEP	2026-09-27T07:18:48.6523943Z [command]/usr/bin/git config --local --name-only --get-regexp core\.sshCommand
verify / linux	UNKNOWN STEP	2026-09-27T07:18:48.6553573Z [command]/usr/bin/git submodule foreach --recursive sh -c "git config --local --name-only --get-regexp 'core\.sshCommand' && git config --local --unset-all 'core.sshCommand' || :"
verify / linux	UNKNOWN STEP	2026-09-27T07:18:48.7030113Z [command]/usr/bin/git config --local --name-only --get-regexp http\.https\:\/\/github\.com\/\.extraheader
verify / linux	UNKNOWN STEP	2026-09-27T07:18:48.7073256Z [command]/usr/bin/git submodule foreach --recursive sh -c "git config --local --name-only --get-regexp 'http\.https\:\/\/github\.com\/\.extraheader' && git config --local --unset-all 'http.https://github.com/.extraheader' || :"
verify / linux	UNKNOWN STEP	2026-09-27T07:18:48.7337435Z [command]/usr/bin/git config --local --name-only --get-regexp ^includeIf\.gitdir:
verify / linux	UNKNOWN STEP	2026-09-27T07:18:48.7375730Z [command]/usr/bin/git submodule foreach --recursive git config --local --show-origin --name-only --get-regexp remote.origin.url
verify / linux	UNKNOWN STEP	2026-09-27T07:18:48.7603202Z [command]/usr/bin/git config --local http.https://github.com/.extraheader AUTHORIZATION: basic ***
verify / linux	UNKNOWN STEP	2026-09-27T07:18:48.7644202Z ##[endgroup]
verify / linux	UNKNOWN STEP	2026-09-27T07:18:48.7645099Z ##[group]Fetching the repository
verify / linux	UNKNOWN STEP	2026-09-27T07:18:48.7654110Z [command]/usr/bin/git -c protocol.version=2 fetch --no-tags --prune --no-recurse-submodules --depth=1 origin +9485d3b869832b7bfcd611e9e0c50b195061e134:refs/remotes/origin/chore/windows-dead-code
verify / linux	UNKNOWN STEP	2026-09-27T07:18:49.8255634Z From https://github.com/Pianzh/Kotori
verify / linux	UNKNOWN STEP	2026-09-27T07:18:49.8259294Z  * [new ref]         9485d3b869832b7bfcd611e9e0c50b195061e134 -> origin/chore/windows-dead-code
verify / linux	UNKNOWN STEP	2026-09-27T07:18:49.8265744Z ##[endgroup]
verify / linux	UNKNOWN STEP	2026-09-27T07:18:49.8268126Z ##[group]Determining the checkout info
verify / linux	UNKNOWN STEP	2026-09-27T07:18:49.8270763Z ##[endgroup]
verify / linux	UNKNOWN STEP	2026-09-27T07:18:49.8273258Z [command]/usr/bin/git sparse-checkout disable
verify / linux	UNKNOWN STEP	2026-09-27T07:18:49.8330503Z [command]/usr/bin/git config --local --unset-all extensions.worktreeConfig
verify / linux	UNKNOWN STEP	2026-09-27T07:18:49.8367551Z ##[group]Checking out the ref
verify / linux	UNKNOWN STEP	2026-09-27T07:18:49.8370543Z [command]/usr/bin/git checkout --progress --force -B chore/windows-dead-code refs/remotes/origin/chore/windows-dead-code
verify / linux	UNKNOWN STEP	2026-09-27T07:18:49.8664734Z Switched to a new branch 'chore/windows-dead-code'
verify / linux	UNKNOWN STEP	2026-09-27T07:18:49.8671609Z branch 'chore/windows-dead-code' set up to track 'origin/chore/windows-dead-code'.
verify / linux	UNKNOWN STEP	2026-09-27T07:18:49.8678018Z ##[endgroup]
verify / linux	UNKNOWN STEP	2026-09-27T07:18:49.8720453Z [command]/usr/bin/git log -1 --format=%H
verify / linux	UNKNOWN STEP	2026-09-27T07:18:49.8746879Z 9485d3b869832b7bfcd611e9e0c50b195061e134
verify / linux	UNKNOWN STEP	2026-09-27T07:18:49.9003638Z ##[group]Run sudo apt-get update
verify / linux	UNKNOWN STEP	2026-09-27T07:18:49.9004865Z ^[[36;1msudo apt-get update^[[0m
verify / linux	UNKNOWN STEP	2026-09-27T07:18:49.9006211Z ^[[36;1msudo apt-get install -y --no-install-recommends \^[[0m
verify / linux	UNKNOWN STEP	2026-09-27T07:18:49.9007996Z ^[[36;1m  libxcb-shape0-dev libxcb-xfixes0-dev libxkbcommon-dev \^[[0m
verify / linux	UNKNOWN STEP	2026-09-27T07:18:49.9009645Z ^[[36;1m  libfontconfig-dev libssl-dev rclone^[[0m
verify / linux	UNKNOWN STEP	2026-09-27T07:18:49.9360897Z shell: /usr/bin/bash -e {0}
verify / linux	UNKNOWN STEP	2026-09-27T07:18:49.9361988Z env:
verify / linux	UNKNOWN STEP	2026-09-27T07:18:49.9362992Z   CARGO_TERM_COLOR: always
verify / linux	UNKNOWN STEP	2026-09-27T07:18:49.9364487Z   KOTORI_TEST_ARTIFACTS: /home/runner/work/Kotori/Kotori/test-artifacts
verify / linux	UNKNOWN STEP	2026-09-27T07:18:49.9366160Z ##[endgroup]
verify / linux	UNKNOWN STEP	2026-09-27T07:18:50.0171759Z Get:1 file:/etc/apt/apt-mirrors.txt Mirrorlist [144 B]
verify / linux	UNKNOWN STEP	2026-09-27T07:18:50.0452661Z Get:6 https://packages.microsoft.com/ubuntu/24.04/prod noble InRelease [3600 B]
verify / linux	UNKNOWN STEP	2026-09-27T07:18:50.0527611Z Hit:2 http://azure.archive.ubuntu.com/ubuntu noble InRelease
verify / linux	UNKNOWN STEP	2026-09-27T07:18:50.0541453Z Get:3 http://azure.archive.ubuntu.com/ubuntu noble-updates InRelease [126 kB]
verify / linux	UNKNOWN STEP	2026-09-27T07:18:50.0596864Z Get:4 http://azure.archive.ubuntu.com/ubuntu noble-backports InRelease [126 kB]
verify / linux	UNKNOWN STEP	2026-09-27T07:18:50.0614217Z Get:5 http://azure.archive.ubuntu.com/ubuntu noble-security InRelease [126 kB]
verify / linux	UNKNOWN STEP	2026-09-27T07:18:50.1101115Z Get:7 https://packages.microsoft.com/ubuntu/24.04/prod noble/main amd64 Packages [498 kB]
verify / linux	UNKNOWN STEP	2026-09-27T07:18:50.1355399Z Get:8 https://packages.microsoft.com/ubuntu/24.04/prod noble/main arm64 Packages [446 kB]
verify / linux	UNKNOWN STEP	2026-09-27T07:18:50.2405023Z Get:9 http://azure.archive.ubuntu.com/ubuntu noble-updates/main amd64 Packages [1319 kB]
verify / linux	UNKNOWN STEP	2026-09-27T07:18:50.2497810Z Get:10 http://azure.archive.ubuntu.com/ubuntu noble-updates/main Translation-en [299 kB]
verify / linux	UNKNOWN STEP	2026-09-27T07:18:50.2519622Z Get:11 http://azure.archive.ubuntu.com/ubuntu noble-updates/main amd64 Components [181 kB]
verify / linux	UNKNOWN STEP	2026-09-27T07:18:50.2530921Z Get:12 http://azure.archive.ubuntu.com/ubuntu noble-updates/universe amd64 Packages [1697 kB]
verify / linux	UNKNOWN STEP	2026-09-27T07:18:50.2626764Z Get:13 http://azure.archive.ubuntu.com/ubuntu noble-updates/universe Translation-en [340 kB]
verify / linux	UNKNOWN STEP	2026-09-27T07:18:50.2655014Z Get:14 http://azure.archive.ubuntu.com/ubuntu noble-updates/universe amd64 Components [388 kB]
verify / linux	UNKNOWN STEP	2026-09-27T07:18:50.2717892Z Get:15 http://azure.archive.ubuntu.com/ubuntu noble-updates/restricted amd64 Packages [1654 kB]
verify / linux	UNKNOWN STEP	2026-09-27T07:18:50.2834504Z Get:16 http://azure.archive.ubuntu.com/ubuntu noble-updates/restricted Translation-en [377 kB]
verify / linux	UNKNOWN STEP	2026-09-27T07:18:50.2863125Z Get:17 http://azure.archive.ubuntu.com/ubuntu noble-updates/multiverse amd64 Components [940 B]
verify / linux	UNKNOWN STEP	2026-09-27T07:18:50.3027146Z Get:18 http://azure.archive.ubuntu.com/ubuntu noble-backports/main amd64 Packages [40.6 kB]
verify / linux	UNKNOWN STEP	2026-09-27T07:18:50.3515041Z Get:19 http://azure.archive.ubuntu.com/ubuntu noble-backports/main amd64 Components [5760 B]
verify / linux	UNKNOWN STEP	2026-09-27T07:18:50.3523618Z Get:20 http://azure.archive.ubuntu.com/ubuntu noble-backports/universe amd64 Packages [31.0 kB]
verify / linux	UNKNOWN STEP	2026-09-27T07:18:50.3527584Z Get:21 http://azure.archive.ubuntu.com/ubuntu noble-backports/universe Translation-en [18.6 kB]
verify / linux	UNKNOWN STEP	2026-09-27T07:18:50.3531514Z Get:22 http://azure.archive.ubuntu.com/ubuntu noble-backports/universe amd64 Components [12.6 kB]
verify / linux	UNKNOWN STEP	2026-09-27T07:18:50.3569150Z Get:23 http://azure.archive.ubuntu.com/ubuntu noble-security/main amd64 Packages [1053 kB]
verify / linux	UNKNOWN STEP	2026-09-27T07:18:50.3644935Z Get:24 http://azure.archive.ubuntu.com/ubuntu noble-security/main Translation-en [219 kB]
verify / linux	UNKNOWN STEP	2026-09-27T07:18:50.3658846Z Get:25 http://azure.archive.ubuntu.com/ubuntu noble-security/main amd64 Components [46.5 kB]
verify / linux	UNKNOWN STEP	2026-09-27T07:18:50.3672823Z Get:26 http://azure.archive.ubuntu.com/ubuntu noble-security/universe amd64 Packages [1220 kB]
verify / linux	UNKNOWN STEP	2026-09-27T07:18:50.3744711Z Get:27 http://azure.archive.ubuntu.com/ubuntu noble-security/universe Translation-en [245 kB]
verify / linux	UNKNOWN STEP	2026-09-27T07:18:50.3768636Z Get:28 http://azure.archive.ubuntu.com/ubuntu noble-security/universe amd64 Components [76.3 kB]
verify / linux	UNKNOWN STEP	2026-09-27T07:18:50.3787181Z Get:29 http://azure.archive.ubuntu.com/ubuntu noble-security/restricted amd64 Packages [1535 kB]
verify / linux	UNKNOWN STEP	2026-09-27T07:18:50.3875615Z Get:30 http://azure.archive.ubuntu.com/ubuntu noble-security/restricted Translation-en [353 kB]
verify / linux	UNKNOWN STEP	2026-09-27T07:18:54.5010424Z Fetched 12.4 MB in 1s (9242 kB/s)
verify / linux	UNKNOWN STEP	2026-09-27T07:18:55.3253529Z Reading package lists...
verify / linux	UNKNOWN STEP	2026-09-27T07:18:55.3555181Z Reading package lists...
verify / linux	UNKNOWN STEP	2026-09-27T07:18:55.5216702Z Building dependency tree...
verify / linux	UNKNOWN STEP	2026-09-27T07:18:55.5224011Z Reading state information...
verify / linux	UNKNOWN STEP	2026-09-27T07:18:55.6538463Z libssl-dev is already the newest version (3.0.13-0ubuntu3.15).
verify / linux	UNKNOWN STEP	2026-09-27T07:18:55.6539443Z The following additional packages will be installed:
verify / linux	UNKNOWN STEP	2026-09-27T07:18:55.6540801Z   libbrotli-dev libbz2-dev libfreetype-dev libpng-dev libpthread-stubs0-dev
verify / linux	UNKNOWN STEP	2026-09-27T07:18:55.6544683Z   libxau-dev libxcb-render0-dev libxcb-shape0 libxcb1-dev libxdmcp-dev
verify / linux	UNKNOWN STEP	2026-09-27T07:18:55.6545399Z   uuid-dev x11proto-dev xorg-sgml-doctools
verify / linux	UNKNOWN STEP	2026-09-27T07:18:55.6550419Z Suggested packages:
verify / linux	UNKNOWN STEP	2026-09-27T07:18:55.6551194Z   freetype2-doc libxcb-doc
verify / linux	UNKNOWN STEP	2026-09-27T07:18:55.6551666Z Recommended packages:
verify / linux	UNKNOWN STEP	2026-09-27T07:18:55.6552357Z   bzip2-doc libpng-tools
verify / linux	UNKNOWN STEP	2026-09-27T07:18:55.6771035Z The following NEW packages will be installed:
verify / linux	UNKNOWN STEP	2026-09-27T07:18:55.6771968Z   libbrotli-dev libbz2-dev libfontconfig-dev libfreetype-dev libpng-dev
verify / linux	UNKNOWN STEP	2026-09-27T07:18:55.6774266Z   libpthread-stubs0-dev libxau-dev libxcb-render0-dev libxcb-shape0
verify / linux	UNKNOWN STEP	2026-09-27T07:18:55.6775063Z   libxcb-shape0-dev libxcb-xfixes0-dev libxcb1-dev libxdmcp-dev
verify / linux	UNKNOWN STEP	2026-09-27T07:18:55.6776834Z   libxkbcommon-dev rclone uuid-dev x11proto-dev xorg-sgml-doctools
verify / linux	UNKNOWN STEP	2026-09-27T07:18:55.6959044Z 0 upgraded, 18 newly installed, 0 to remove and 32 not upgraded.
verify / linux	UNKNOWN STEP	2026-09-27T07:18:55.6959744Z Need to get 18.7 MB of archives.
verify / linux	UNKNOWN STEP	2026-09-27T07:18:55.6960345Z After this operation, 70.8 MB of additional disk space will be used.
verify / linux	UNKNOWN STEP	2026-09-27T07:18:55.6961085Z Get:1 file:/etc/apt/apt-mirrors.txt Mirrorlist [144 B]
verify / linux	UNKNOWN STEP	2026-09-27T07:18:55.7586942Z Get:2 http://azure.archive.ubuntu.com/ubuntu noble/main amd64 libbrotli-dev amd64 1.1.0-2build2 [353 kB]
verify / linux	UNKNOWN STEP	2026-09-27T07:18:55.8076340Z Get:3 http://azure.archive.ubuntu.com/ubuntu noble-updates/main amd64 libbz2-dev amd64 1.0.8-5.1ubuntu0.1 [33.6 kB]
verify / linux	UNKNOWN STEP	2026-09-27T07:18:55.8533456Z Get:4 http://azure.archive.ubuntu.com/ubuntu noble-updates/main amd64 libpng-dev amd64 1.6.43-5ubuntu0.6 [265 kB]
verify / linux	UNKNOWN STEP	2026-09-27T07:18:55.9006529Z Get:5 http://azure.archive.ubuntu.com/ubuntu noble-updates/main amd64 libfreetype-dev amd64 2.13.2+dfsg-1ubuntu0.1 [575 kB]
verify / linux	UNKNOWN STEP	2026-09-27T07:18:55.9491670Z Get:6 http://azure.archive.ubuntu.com/ubuntu noble-updates/main amd64 uuid-dev amd64 2.39.3-9ubuntu6.6 [33.5 kB]
verify / linux	UNKNOWN STEP	2026-09-27T07:18:55.9950625Z Get:7 http://azure.archive.ubuntu.com/ubuntu noble/main amd64 libfontconfig-dev amd64 2.15.0-1.1ubuntu2 [161 kB]
verify / linux	UNKNOWN STEP	2026-09-27T07:18:56.0414425Z Get:8 http://azure.archive.ubuntu.com/ubuntu noble/main amd64 libpthread-stubs0-dev amd64 0.4-1build3 [4746 B]
verify / linux	UNKNOWN STEP	2026-09-27T07:18:56.0872600Z Get:9 http://azure.archive.ubuntu.com/ubuntu noble/main amd64 xorg-sgml-doctools all 1:1.11-1.1 [10.9 kB]
verify / linux	UNKNOWN STEP	2026-09-27T07:18:56.1331834Z Get:10 http://azure.archive.ubuntu.com/ubuntu noble/main amd64 x11proto-dev all 2023.2-1 [602 kB]
verify / linux	UNKNOWN STEP	2026-09-27T07:18:56.1866020Z Get:11 http://azure.archive.ubuntu.com/ubuntu noble/main amd64 libxau-dev amd64 1:1.0.9-1build6 [9570 B]
verify / linux	UNKNOWN STEP	2026-09-27T07:18:56.2324128Z Get:12 http://azure.archive.ubuntu.com/ubuntu noble/main amd64 libxdmcp-dev amd64 1:1.1.3-0ubuntu6 [26.5 kB]
verify / linux	UNKNOWN STEP	2026-09-27T07:18:56.2783261Z Get:13 http://azure.archive.ubuntu.com/ubuntu noble/main amd64 libxcb1-dev amd64 1.15-1ubuntu2 [85.8 kB]
verify / linux	UNKNOWN STEP	2026-09-27T07:18:56.3248360Z Get:14 http://azure.archive.ubuntu.com/ubuntu noble/main amd64 libxcb-render0-dev amd64 1.15-1ubuntu2 [19.6 kB]
verify / linux	UNKNOWN STEP	2026-09-27T07:18:56.3705912Z Get:15 http://azure.archive.ubuntu.com/ubuntu noble/main amd64 libxcb-shape0 amd64 1.15-1ubuntu2 [6100 B]
verify / linux	UNKNOWN STEP	2026-09-27T07:18:56.4165466Z Get:16 http://azure.archive.ubuntu.com/ubuntu noble/main amd64 libxcb-shape0-dev amd64 1.15-1ubuntu2 [7310 B]
verify / linux	UNKNOWN STEP	2026-09-27T07:18:56.4624421Z Get:17 http://azure.archive.ubuntu.com/ubuntu noble/main amd64 libxcb-xfixes0-dev amd64 1.15-1ubuntu2 [12.6 kB]
verify / linux	UNKNOWN STEP	2026-09-27T07:18:56.5085909Z Get:18 http://azure.archive.ubuntu.com/ubuntu noble/main amd64 libxkbcommon-dev amd64 1.6.0-1build1 [56.3 kB]
verify / linux	UNKNOWN STEP	2026-09-27T07:18:56.5549705Z Get:19 http://azure.archive.ubuntu.com/ubuntu noble-updates/universe amd64 rclone amd64 1.60.1+dfsg-3ubuntu0.24.04.6 [16.5 MB]
verify / linux	UNKNOWN STEP	2026-09-27T07:18:57.0425523Z Fetched 18.7 MB in 1s (16.9 MB/s)
verify / linux	UNKNOWN STEP	2026-09-27T07:18:57.0649803Z Selecting previously unselected package libbrotli-dev:amd64.
verify / linux	UNKNOWN STEP	2026-09-27T07:18:57.1029175Z (Reading database ... 
verify / linux	UNKNOWN STEP	2026-09-27T07:18:57.1029593Z (Reading database ... 5%
verify / linux	UNKNOWN STEP	2026-09-27T07:18:57.1030052Z (Reading database ... 10%
verify / linux	UNKNOWN STEP	2026-09-27T07:18:57.1030481Z (Reading database ... 15%
verify / linux	UNKNOWN STEP	2026-09-27T07:18:57.1030856Z (Reading database ... 20%
verify / linux	UNKNOWN STEP	2026-09-27T07:18:57.1031239Z (Reading database ... 25%
verify / linux	UNKNOWN STEP	2026-09-27T07:18:57.1031472Z (Reading database ... 30%
verify / linux	UNKNOWN STEP	2026-09-27T07:18:57.1031702Z (Reading database ... 35%
verify / linux	UNKNOWN STEP	2026-09-27T07:18:57.1031921Z (Reading database ... 40%
verify / linux	UNKNOWN STEP	2026-09-27T07:18:57.1032536Z (Reading database ... 45%
verify / linux	UNKNOWN STEP	2026-09-27T07:18:57.1032963Z (Reading database ... 50%
verify / linux	UNKNOWN STEP	2026-09-27T07:18:57.1093515Z (Reading database ... 55%
verify / linux	UNKNOWN STEP	2026-09-27T07:18:57.2275277Z (Reading database ... 60%
verify / linux	UNKNOWN STEP	2026-09-27T07:18:57.4206473Z (Reading database ... 65%
verify / linux	UNKNOWN STEP	2026-09-27T07:18:57.6229866Z (Reading database ... 70%
verify / linux	UNKNOWN STEP	2026-09-27T07:18:57.8219373Z (Reading database ... 75%
verify / linux	UNKNOWN STEP	2026-09-27T07:18:57.9675811Z (Reading database ... 80%
verify / linux	UNKNOWN STEP	2026-09-27T07:18:58.2109945Z (Reading database ... 85%
verify / linux	UNKNOWN STEP	2026-09-27T07:18:58.4173927Z (Reading database ... 90%
verify / linux	UNKNOWN STEP	2026-09-27T07:18:58.5891682Z (Reading database ... 95%
verify / linux	UNKNOWN STEP	2026-09-27T07:18:58.5892366Z (Reading database ... 100%
verify / linux	UNKNOWN STEP	2026-09-27T07:18:58.5892845Z (Reading database ... 202190 files and directories currently installed.)
verify / linux	UNKNOWN STEP	2026-09-27T07:18:58.5934869Z Preparing to unpack .../00-libbrotli-dev_1.1.0-2build2_amd64.deb ...
verify / linux	UNKNOWN STEP	2026-09-27T07:18:58.5961874Z Unpacking libbrotli-dev:amd64 (1.1.0-2build2) ...
verify / linux	UNKNOWN STEP	2026-09-27T07:18:58.6463348Z Selecting previously unselected package libbz2-dev:amd64.
verify / linux	UNKNOWN STEP	2026-09-27T07:18:58.6586604Z Preparing to unpack .../01-libbz2-dev_1.0.8-5.1ubuntu0.1_amd64.deb ...
verify / linux	UNKNOWN STEP	2026-09-27T07:18:58.6594575Z Unpacking libbz2-dev:amd64 (1.0.8-5.1ubuntu0.1) ...
verify / linux	UNKNOWN STEP	2026-09-27T07:18:58.6795749Z Selecting previously unselected package libpng-dev:amd64.
verify / linux	UNKNOWN STEP	2026-09-27T07:18:58.6916629Z Preparing to unpack .../02-libpng-dev_1.6.43-5ubuntu0.6_amd64.deb ...
verify / linux	UNKNOWN STEP	2026-09-27T07:18:58.6924009Z Unpacking libpng-dev:amd64 (1.6.43-5ubuntu0.6) ...
verify / linux	UNKNOWN STEP	2026-09-27T07:18:58.7323299Z Selecting previously unselected package libfreetype-dev:amd64.
verify / linux	UNKNOWN STEP	2026-09-27T07:18:58.7444992Z Preparing to unpack .../03-libfreetype-dev_2.13.2+dfsg-1ubuntu0.1_amd64.deb ...
verify / linux	UNKNOWN STEP	2026-09-27T07:18:58.7452362Z Unpacking libfreetype-dev:amd64 (2.13.2+dfsg-1ubuntu0.1) ...
verify / linux	UNKNOWN STEP	2026-09-27T07:18:58.7785028Z Selecting previously unselected package uuid-dev:amd64.
verify / linux	UNKNOWN STEP	2026-09-27T07:18:58.7906768Z Preparing to unpack .../04-uuid-dev_2.39.3-9ubuntu6.6_amd64.deb ...
verify / linux	UNKNOWN STEP	2026-09-27T07:18:58.7916686Z Unpacking uuid-dev:amd64 (2.39.3-9ubuntu6.6) ...
verify / linux	UNKNOWN STEP	2026-09-27T07:18:58.8163024Z Selecting previously unselected package libfontconfig-dev:amd64.
verify / linux	UNKNOWN STEP	2026-09-27T07:18:58.8283799Z Preparing to unpack .../05-libfontconfig-dev_2.15.0-1.1ubuntu2_amd64.deb ...
verify / linux	UNKNOWN STEP	2026-09-27T07:18:58.8293597Z Unpacking libfontconfig-dev:amd64 (2.15.0-1.1ubuntu2) ...
verify / linux	UNKNOWN STEP	2026-09-27T07:18:58.8547550Z Selecting previously unselected package libpthread-stubs0-dev:amd64.
verify / linux	UNKNOWN STEP	2026-09-27T07:18:58.8667378Z Preparing to unpack .../06-libpthread-stubs0-dev_0.4-1build3_amd64.deb ...
verify / linux	UNKNOWN STEP	2026-09-27T07:18:58.8675255Z Unpacking libpthread-stubs0-dev:amd64 (0.4-1build3) ...
verify / linux	UNKNOWN STEP	2026-09-27T07:18:58.8858239Z Selecting previously unselected package xorg-sgml-doctools.
verify / linux	UNKNOWN STEP	2026-09-27T07:18:58.8978897Z Preparing to unpack .../07-xorg-sgml-doctools_1%3a1.11-1.1_all.deb ...
verify / linux	UNKNOWN STEP	2026-09-27T07:18:58.8987062Z Unpacking xorg-sgml-doctools (1:1.11-1.1) ...
verify / linux	UNKNOWN STEP	2026-09-27T07:18:58.9251391Z Selecting previously unselected package x11proto-dev.
verify / linux	UNKNOWN STEP	2026-09-27T07:18:58.9372323Z Preparing to unpack .../08-x11proto-dev_2023.2-1_all.deb ...
verify / linux	UNKNOWN STEP	2026-09-27T07:18:58.9380550Z Unpacking x11proto-dev (2023.2-1) ...
verify / linux	UNKNOWN STEP	2026-09-27T07:18:58.9946525Z Selecting previously unselected package libxau-dev:amd64.
verify / linux	UNKNOWN STEP	2026-09-27T07:18:59.0068675Z Preparing to unpack .../09-libxau-dev_1%3a1.0.9-1build6_amd64.deb ...
verify / linux	UNKNOWN STEP	2026-09-27T07:18:59.0077238Z Unpacking libxau-dev:amd64 (1:1.0.9-1build6) ...
verify / linux	UNKNOWN STEP	2026-09-27T07:18:59.0281648Z Selecting previously unselected package libxdmcp-dev:amd64.
verify / linux	UNKNOWN STEP	2026-09-27T07:18:59.0402909Z Preparing to unpack .../10-libxdmcp-dev_1%3a1.1.3-0ubuntu6_amd64.deb ...
verify / linux	UNKNOWN STEP	2026-09-27T07:18:59.0411112Z Unpacking libxdmcp-dev:amd64 (1:1.1.3-0ubuntu6) ...
verify / linux	UNKNOWN STEP	2026-09-27T07:18:59.0627765Z Selecting previously unselected package libxcb1-dev:amd64.
verify / linux	UNKNOWN STEP	2026-09-27T07:18:59.0750277Z Preparing to unpack .../11-libxcb1-dev_1.15-1ubuntu2_amd64.deb ...
verify / linux	UNKNOWN STEP	2026-09-27T07:18:59.0760298Z Unpacking libxcb1-dev:amd64 (1.15-1ubuntu2) ...
verify / linux	UNKNOWN STEP	2026-09-27T07:18:59.0973310Z Selecting previously unselected package libxcb-render0-dev:amd64.
verify / linux	UNKNOWN STEP	2026-09-27T07:18:59.1094482Z Preparing to unpack .../12-libxcb-render0-dev_1.15-1ubuntu2_amd64.deb ...
verify / linux	UNKNOWN STEP	2026-09-27T07:18:59.1102960Z Unpacking libxcb-render0-dev:amd64 (1.15-1ubuntu2) ...
verify / linux	UNKNOWN STEP	2026-09-27T07:18:59.1309705Z Selecting previously unselected package libxcb-shape0:amd64.
verify / linux	UNKNOWN STEP	2026-09-27T07:18:59.1431153Z Preparing to unpack .../13-libxcb-shape0_1.15-1ubuntu2_amd64.deb ...
verify / linux	UNKNOWN STEP	2026-09-27T07:18:59.1450509Z Unpacking libxcb-shape0:amd64 (1.15-1ubuntu2) ...
verify / linux	UNKNOWN STEP	2026-09-27T07:18:59.1641209Z Selecting previously unselected package libxcb-shape0-dev:amd64.
verify / linux	UNKNOWN STEP	2026-09-27T07:18:59.1762987Z Preparing to unpack .../14-libxcb-shape0-dev_1.15-1ubuntu2_amd64.deb ...
verify / linux	UNKNOWN STEP	2026-09-27T07:18:59.1770347Z Unpacking libxcb-shape0-dev:amd64 (1.15-1ubuntu2) ...
verify / linux	UNKNOWN STEP	2026-09-27T07:18:59.1966532Z Selecting previously unselected package libxcb-xfixes0-dev:amd64.
verify / linux	UNKNOWN STEP	2026-09-27T07:18:59.2091195Z Preparing to unpack .../15-libxcb-xfixes0-dev_1.15-1ubuntu2_amd64.deb ...
verify / linux	UNKNOWN STEP	2026-09-27T07:18:59.2099868Z Unpacking libxcb-xfixes0-dev:amd64 (1.15-1ubuntu2) ...
verify / linux	UNKNOWN STEP	2026-09-27T07:18:59.2307323Z Selecting previously unselected package libxkbcommon-dev:amd64.
verify / linux	UNKNOWN STEP	2026-09-27T07:18:59.2429350Z Preparing to unpack .../16-libxkbcommon-dev_1.6.0-1build1_amd64.deb ...
verify / linux	UNKNOWN STEP	2026-09-27T07:18:59.2441512Z Unpacking libxkbcommon-dev:amd64 (1.6.0-1build1) ...
verify / linux	UNKNOWN STEP	2026-09-27T07:18:59.2655909Z Selecting previously unselected package rclone.
verify / linux	UNKNOWN STEP	2026-09-27T07:18:59.2777194Z Preparing to unpack .../17-rclone_1.60.1+dfsg-3ubuntu0.24.04.6_amd64.deb ...
verify / linux	UNKNOWN STEP	2026-09-27T07:18:59.2784335Z Unpacking rclone (1.60.1+dfsg-3ubuntu0.24.04.6) ...
verify / linux	UNKNOWN STEP	2026-09-27T07:18:59.5109005Z Setting up rclone (1.60.1+dfsg-3ubuntu0.24.04.6) ...
verify / linux	UNKNOWN STEP	2026-09-27T07:18:59.5131193Z Setting up libxkbcommon-dev:amd64 (1.6.0-1build1) ...
verify / linux	UNKNOWN STEP	2026-09-27T07:18:59.5150531Z Setting up libpng-dev:amd64 (1.6.43-5ubuntu0.6) ...
verify / linux	UNKNOWN STEP	2026-09-27T07:18:59.5169964Z Setting up libxcb-shape0:amd64 (1.15-1ubuntu2) ...
verify / linux	UNKNOWN STEP	2026-09-27T07:18:59.5192564Z Setting up libpthread-stubs0-dev:amd64 (0.4-1build3) ...
verify / linux	UNKNOWN STEP	2026-09-27T07:18:59.5213531Z Setting up uuid-dev:amd64 (2.39.3-9ubuntu6.6) ...
verify / linux	UNKNOWN STEP	2026-09-27T07:18:59.5234670Z Setting up xorg-sgml-doctools (1:1.11-1.1) ...
verify / linux	UNKNOWN STEP	2026-09-27T07:18:59.5254611Z Setting up libbrotli-dev:amd64 (1.1.0-2build2) ...
verify / linux	UNKNOWN STEP	2026-09-27T07:18:59.5274865Z Setting up libbz2-dev:amd64 (1.0.8-5.1ubuntu0.1) ...
verify / linux	UNKNOWN STEP	2026-09-27T07:18:59.5295398Z Setting up libfreetype-dev:amd64 (2.13.2+dfsg-1ubuntu0.1) ...
verify / linux	UNKNOWN STEP	2026-09-27T07:18:59.5316081Z Setting up libfontconfig-dev:amd64 (2.15.0-1.1ubuntu2) ...
verify / linux	UNKNOWN STEP	2026-09-27T07:18:59.5358603Z Processing triggers for sgml-base (1.31) ...
verify / linux	UNKNOWN STEP	2026-09-27T07:18:59.5551716Z Setting up x11proto-dev (2023.2-1) ...
verify / linux	UNKNOWN STEP	2026-09-27T07:18:59.5576880Z Setting up libxau-dev:amd64 (1:1.0.9-1build6) ...
verify / linux	UNKNOWN STEP	2026-09-27T07:18:59.5600851Z Processing triggers for libc-bin (2.39-0ubuntu8.9) ...
verify / linux	UNKNOWN STEP	2026-09-27T07:18:59.5946985Z Processing triggers for man-db (2.12.0-4build2) ...
verify / linux	UNKNOWN STEP	2026-09-27T07:18:59.5969312Z Not building database; man-db/auto-update is not 'true'.
verify / linux	UNKNOWN STEP	2026-09-27T07:18:59.5982869Z Setting up libxdmcp-dev:amd64 (1:1.1.3-0ubuntu6) ...
verify / linux	UNKNOWN STEP	2026-09-27T07:18:59.6009063Z Setting up libxcb1-dev:amd64 (1.15-1ubuntu2) ...
verify / linux	UNKNOWN STEP	2026-09-27T07:18:59.6031736Z Setting up libxcb-render0-dev:amd64 (1.15-1ubuntu2) ...
verify / linux	UNKNOWN STEP	2026-09-27T07:18:59.6058345Z Setting up libxcb-shape0-dev:amd64 (1.15-1ubuntu2) ...
verify / linux	UNKNOWN STEP	2026-09-27T07:18:59.6081390Z Setting up libxcb-xfixes0-dev:amd64 (1.15-1ubuntu2) ...
verify / linux	UNKNOWN STEP	2026-09-27T07:19:00.2610524Z 
verify / linux	UNKNOWN STEP	2026-09-27T07:19:00.2611225Z Running kernel seems to be up-to-date.
verify / linux	UNKNOWN STEP	2026-09-27T07:19:00.2611622Z 
verify / linux	UNKNOWN STEP	2026-09-27T07:19:00.2611800Z No services need to be restarted.
verify / linux	UNKNOWN STEP	2026-09-27T07:19:00.2612356Z 
verify / linux	UNKNOWN STEP	2026-09-27T07:19:00.2612541Z No containers need to be restarted.
verify / linux	UNKNOWN STEP	2026-09-27T07:19:00.2612862Z 
verify / linux	UNKNOWN STEP	2026-09-27T07:19:00.2613071Z No user sessions are running outdated binaries.
verify / linux	UNKNOWN STEP	2026-09-27T07:19:00.2613441Z 
verify / linux	UNKNOWN STEP	2026-09-27T07:19:00.2613760Z No VM guests are running outdated hypervisor (qemu) binaries on this host.
verify / linux	UNKNOWN STEP	2026-09-27T07:19:01.1294187Z ##[group]Run dtolnay/rust-toolchain@stable
verify / linux	UNKNOWN STEP	2026-09-27T07:19:01.1294508Z with:
verify / linux	UNKNOWN STEP	2026-09-27T07:19:01.1294719Z   components: rustfmt, clippy
verify / linux	UNKNOWN STEP	2026-09-27T07:19:01.1294969Z   toolchain: stable
verify / linux	UNKNOWN STEP	2026-09-27T07:19:01.1295172Z env:
verify / linux	UNKNOWN STEP	2026-09-27T07:19:01.1295359Z   CARGO_TERM_COLOR: always
verify / linux	UNKNOWN STEP	2026-09-27T07:19:01.1295697Z   KOTORI_TEST_ARTIFACTS: /home/runner/work/Kotori/Kotori/test-artifacts
verify / linux	UNKNOWN STEP	2026-09-27T07:19:01.1296064Z ##[endgroup]
verify / linux	UNKNOWN STEP	2026-09-27T07:19:01.1358709Z ##[start-action display=Parse toolchain version;id=__dtolnay_rust-toolchain.parse]
verify / linux	UNKNOWN STEP	2026-09-27T07:19:01.1383795Z ##[group]Run if [[ -z $toolchain ]]; then
verify / linux	UNKNOWN STEP	2026-09-27T07:19:01.1384128Z ^[[36;1mif [[ -z $toolchain ]]; then^[[0m
verify / linux	UNKNOWN STEP	2026-09-27T07:19:01.1384661Z ^[[36;1m  # GitHub does not enforce `required: true` inputs itself. https://github.com/actions/runner/issues/1070^[[0m
verify / linux	UNKNOWN STEP	2026-09-27T07:19:01.1385227Z ^[[36;1m  echo "'toolchain' is a required input" >&2^[[0m
verify / linux	UNKNOWN STEP	2026-09-27T07:19:01.1385524Z ^[[36;1m  exit 1^[[0m
verify / linux	UNKNOWN STEP	2026-09-27T07:19:01.1385899Z ^[[36;1melif [[ $toolchain =~ ^stable' '[0-9]+' '(year|month|week|day)s?' 'ago$ ]]; then^[[0m
verify / linux	UNKNOWN STEP	2026-09-27T07:19:01.1386334Z ^[[36;1m  if [[ Linux == macOS ]]; then^[[0m
verify / linux	UNKNOWN STEP	2026-09-27T07:19:01.1386909Z ^[[36;1m    echo "toolchain=1.$((($(date -v-$(sed 's/stable \([0-9]*\) \(.\).*/\1\2/' <<< $toolchain) +%s)/60/60/24-16569)/7/6))" >> $GITHUB_OUTPUT^[[0m
verify / linux	UNKNOWN STEP	2026-09-27T07:19:01.1387424Z ^[[36;1m  else^[[0m
verify / linux	UNKNOWN STEP	2026-09-27T07:19:01.1387825Z ^[[36;1m    echo "toolchain=1.$((($(date --date "${toolchain#stable }" +%s)/60/60/24-16569)/7/6))" >> $GITHUB_OUTPUT^[[0m
verify / linux	UNKNOWN STEP	2026-09-27T07:19:01.1388280Z ^[[36;1m  fi^[[0m
verify / linux	UNKNOWN STEP	2026-09-27T07:19:01.1388583Z ^[[36;1melif [[ $toolchain =~ ^stable' 'minus' '[0-9]+' 'releases?$ ]]; then^[[0m
verify / linux	UNKNOWN STEP	2026-09-27T07:19:01.1389116Z ^[[36;1m  echo "toolchain=1.$((($(date +%s)/60/60/24-16569)/7/6-${toolchain//[^0-9]/}))" >> $GITHUB_OUTPUT^[[0m
verify / linux	UNKNOWN STEP	2026-09-27T07:19:01.1389577Z ^[[36;1melif [[ $toolchain =~ ^1\.[0-9]+$ ]]; then^[[0m
verify / linux	UNKNOWN STEP	2026-09-27T07:19:01.1390106Z ^[[36;1m  echo "toolchain=1.$((i=${toolchain#1.}, c=($(date +%s)/60/60/24-16569)/7/6, i+9*i*(10*i<=c)+90*i*(100*i<=c)))" >> $GITHUB_OUTPUT^[[0m
verify / linux	UNKNOWN STEP	2026-09-27T07:19:01.1390608Z ^[[36;1melse^[[0m
verify / linux	UNKNOWN STEP	2026-09-27T07:19:01.1390855Z ^[[36;1m  echo "toolchain=$toolchain" >> $GITHUB_OUTPUT^[[0m
verify / linux	UNKNOWN STEP	2026-09-27T07:19:01.1391150Z ^[[36;1mfi^[[0m
verify / linux	UNKNOWN STEP	2026-09-27T07:19:01.1454074Z shell: /usr/bin/bash --noprofile --norc -e -o pipefail {0}
verify / linux	UNKNOWN STEP	2026-09-27T07:19:01.1454428Z env:
verify / linux	UNKNOWN STEP	2026-09-27T07:19:01.1454625Z   CARGO_TERM_COLOR: always
verify / linux	UNKNOWN STEP	2026-09-27T07:19:01.1454976Z   KOTORI_TEST_ARTIFACTS: /home/runner/work/Kotori/Kotori/test-artifacts
verify / linux	UNKNOWN STEP	2026-09-27T07:19:01.1455345Z   toolchain: stable
verify / linux	UNKNOWN STEP	2026-09-27T07:19:01.1455551Z ##[endgroup]
verify / linux	UNKNOWN STEP	2026-09-27T07:19:01.1563213Z ##[end-action id=__dtolnay_rust-toolchain.parse;outcome=success;conclusion=success;duration_ms=20]
verify / linux	UNKNOWN STEP	2026-09-27T07:19:01.1575252Z ##[start-action display=Construct rustup command line;id=__dtolnay_rust-toolchain.flags]
verify / linux	UNKNOWN STEP	2026-09-27T07:19:01.1601979Z ##[group]Run echo "targets=$(for t in ${targets//,/ }; do echo -n ' --target' $t; done)" >> $GITHUB_OUTPUT
verify / linux	UNKNOWN STEP	2026-09-27T07:19:01.1602978Z ^[[36;1mecho "targets=$(for t in ${targets//,/ }; do echo -n ' --target' $t; done)" >> $GITHUB_OUTPUT^[[0m
verify / linux	UNKNOWN STEP	2026-09-27T07:19:01.1603812Z ^[[36;1mecho "components=$(for c in ${components//,/ }; do echo -n ' --component' $c; done)" >> $GITHUB_OUTPUT^[[0m
verify / linux	UNKNOWN STEP	2026-09-27T07:19:01.1604314Z ^[[36;1mecho "downgrade=" >> $GITHUB_OUTPUT^[[0m
verify / linux	UNKNOWN STEP	2026-09-27T07:19:01.1660943Z shell: /usr/bin/bash --noprofile --norc -e -o pipefail {0}
verify / linux	UNKNOWN STEP	2026-09-27T07:19:01.1661304Z env:
verify / linux	UNKNOWN STEP	2026-09-27T07:19:01.1661515Z   CARGO_TERM_COLOR: always
verify / linux	UNKNOWN STEP	2026-09-27T07:19:01.1661884Z   KOTORI_TEST_ARTIFACTS: /home/runner/work/Kotori/Kotori/test-artifacts
verify / linux	UNKNOWN STEP	2026-09-27T07:19:01.1662501Z   targets: 
verify / linux	UNKNOWN STEP	2026-09-27T07:19:01.1662719Z   components: rustfmt, clippy
verify / linux	UNKNOWN STEP	2026-09-27T07:19:01.1662978Z ##[endgroup]
verify / linux	UNKNOWN STEP	2026-09-27T07:19:01.1776976Z ##[end-action id=__dtolnay_rust-toolchain.flags;outcome=success;conclusion=success;duration_ms=20]
verify / linux	UNKNOWN STEP	2026-09-27T07:19:01.1779092Z ##[start-action display=Set $CARGO_HOME;id=__dtolnay_rust-toolchain.__run]
verify / linux	UNKNOWN STEP	2026-09-27T07:19:01.1796747Z ##[group]Run echo CARGO_HOME=${CARGO_HOME:-"$HOME/.cargo"} >> $GITHUB_ENV
verify / linux	UNKNOWN STEP	2026-09-27T07:19:01.1797237Z ^[[36;1mecho CARGO_HOME=${CARGO_HOME:-"$HOME/.cargo"} >> $GITHUB_ENV^[[0m
verify / linux	UNKNOWN STEP	2026-09-27T07:19:01.1853634Z shell: /usr/bin/bash --noprofile --norc -e -o pipefail {0}
verify / linux	UNKNOWN STEP	2026-09-27T07:19:01.1853973Z env:
verify / linux	UNKNOWN STEP	2026-09-27T07:19:01.1854166Z   CARGO_TERM_COLOR: always
verify / linux	UNKNOWN STEP	2026-09-27T07:19:01.1854514Z   KOTORI_TEST_ARTIFACTS: /home/runner/work/Kotori/Kotori/test-artifacts
verify / linux	UNKNOWN STEP	2026-09-27T07:19:01.1854895Z ##[endgroup]
verify / linux	UNKNOWN STEP	2026-09-27T07:19:01.1937363Z ##[end-action id=__dtolnay_rust-toolchain.__run;outcome=success;conclusion=success;duration_ms=15]
verify / linux	UNKNOWN STEP	2026-09-27T07:19:01.1939443Z ##[start-action display=Install rustup if needed;id=__dtolnay_rust-toolchain.__run_2]
verify / linux	UNKNOWN STEP	2026-09-27T07:19:01.1962997Z ##[group]Run if ! command -v rustup &>/dev/null; then
verify / linux	UNKNOWN STEP	2026-09-27T07:19:01.1963373Z ^[[36;1mif ! command -v rustup &>/dev/null; then^[[0m
verify / linux	UNKNOWN STEP	2026-09-27T07:19:01.1964161Z ^[[36;1m  curl --proto '=https' --tlsv1.2 --retry 10 --retry-connrefused --location --silent --show-error --fail https://sh.rustup.rs | sh -s -- --default-toolchain none -y^[[0m
verify / linux	UNKNOWN STEP	2026-09-27T07:19:01.1964925Z ^[[36;1m  echo "$CARGO_HOME/bin" >> $GITHUB_PATH^[[0m
verify / linux	UNKNOWN STEP	2026-09-27T07:19:01.1965218Z ^[[36;1mfi^[[0m
verify / linux	UNKNOWN STEP	2026-09-27T07:19:01.2022357Z shell: /usr/bin/bash --noprofile --norc -e -o pipefail {0}
verify / linux	UNKNOWN STEP	2026-09-27T07:19:01.2022726Z env:
verify / linux	UNKNOWN STEP	2026-09-27T07:19:01.2022927Z   CARGO_TERM_COLOR: always
verify / linux	UNKNOWN STEP	2026-09-27T07:19:01.2023292Z   KOTORI_TEST_ARTIFACTS: /home/runner/work/Kotori/Kotori/test-artifacts
verify / linux	UNKNOWN STEP	2026-09-27T07:19:01.2023684Z   CARGO_HOME: /home/runner/.cargo
verify / linux	UNKNOWN STEP	2026-09-27T07:19:01.2023941Z ##[endgroup]
verify / linux	UNKNOWN STEP	2026-09-27T07:19:01.2104759Z ##[end-action id=__dtolnay_rust-toolchain.__run_2;outcome=success;conclusion=success;duration_ms=16]
verify / linux	UNKNOWN STEP	2026-09-27T07:19:01.2106902Z ##[start-action display=Install rustup if needed on windows;id=__dtolnay_rust-toolchain.__run_3]
verify / linux	UNKNOWN STEP	2026-09-27T07:19:01.2113361Z ##[end-action id=__dtolnay_rust-toolchain.__run_3;outcome=skipped;conclusion=skipped;duration_ms=0]
verify / linux	UNKNOWN STEP	2026-09-27T07:19:01.2123851Z ##[start-action display=rustup toolchain install stable;id=__dtolnay_rust-toolchain.__run_4]
verify / linux	UNKNOWN STEP	2026-09-27T07:19:01.2140924Z ##[group]Run rustup toolchain install stable --component rustfmt --component clippy --profile minimal --no-self-update
verify / linux	UNKNOWN STEP	2026-09-27T07:19:01.2141739Z ^[[36;1mrustup toolchain install stable --component rustfmt --component clippy --profile minimal --no-self-update^[[0m
verify / linux	UNKNOWN STEP	2026-09-27T07:19:01.2198282Z shell: /usr/bin/bash --noprofile --norc -e -o pipefail {0}
verify / linux	UNKNOWN STEP	2026-09-27T07:19:01.2198620Z env:
verify / linux	UNKNOWN STEP	2026-09-27T07:19:01.2198813Z   CARGO_TERM_COLOR: always
verify / linux	UNKNOWN STEP	2026-09-27T07:19:01.2199154Z   KOTORI_TEST_ARTIFACTS: /home/runner/work/Kotori/Kotori/test-artifacts
verify / linux	UNKNOWN STEP	2026-09-27T07:19:01.2199547Z   CARGO_HOME: /home/runner/.cargo
verify / linux	UNKNOWN STEP	2026-09-27T07:19:01.2199819Z   RUSTUP_PERMIT_COPY_RENAME: 1
verify / linux	UNKNOWN STEP	2026-09-27T07:19:01.2200055Z ##[endgroup]
verify / linux	UNKNOWN STEP	2026-09-27T07:19:02.4180021Z info: syncing channel updates for stable-x86_64-unknown-linux-gnu
verify / linux	UNKNOWN STEP	2026-09-27T07:19:02.7073198Z info: latest update on 2026-09-03 for version 1.98.1 (48a229cea 2026-09-01)
verify / linux	UNKNOWN STEP	2026-09-27T07:19:02.7273524Z info: component clippy is up to date
verify / linux	UNKNOWN STEP	2026-09-27T07:19:02.7274713Z info: component rustfmt is up to date
verify / linux	UNKNOWN STEP	2026-09-27T07:19:02.7285547Z 
verify / linux	UNKNOWN STEP	2026-09-27T07:19:02.7369740Z   stable-x86_64-unknown-linux-gnu unchanged - rustc 1.98.1 (48a229cea 2026-09-01)
verify / linux	UNKNOWN STEP	2026-09-27T07:19:02.7370321Z 
verify / linux	UNKNOWN STEP	2026-09-27T07:19:02.7404545Z ##[end-action id=__dtolnay_rust-toolchain.__run_4;outcome=success;conclusion=success;duration_ms=1527]
verify / linux	UNKNOWN STEP	2026-09-27T07:19:02.7409847Z ##[start-action display=rustup default stable;id=__dtolnay_rust-toolchain.__run_5]
verify / linux	UNKNOWN STEP	2026-09-27T07:19:02.7426697Z ##[group]Run rustup default stable
verify / linux	UNKNOWN STEP	2026-09-27T07:19:02.7426996Z ^[[36;1mrustup default stable^[[0m
verify / linux	UNKNOWN STEP	2026-09-27T07:19:02.7488071Z shell: /usr/bin/bash --noprofile --norc -e -o pipefail {0}
verify / linux	UNKNOWN STEP	2026-09-27T07:19:02.7488410Z env:
verify / linux	UNKNOWN STEP	2026-09-27T07:19:02.7488607Z   CARGO_TERM_COLOR: always
verify / linux	UNKNOWN STEP	2026-09-27T07:19:02.7488956Z   KOTORI_TEST_ARTIFACTS: /home/runner/work/Kotori/Kotori/test-artifacts
verify / linux	UNKNOWN STEP	2026-09-27T07:19:02.7489341Z   CARGO_HOME: /home/runner/.cargo
verify / linux	UNKNOWN STEP	2026-09-27T07:19:02.7489589Z ##[endgroup]
verify / linux	UNKNOWN STEP	2026-09-27T07:19:02.7613102Z info: using existing install for stable-x86_64-unknown-linux-gnu
verify / linux	UNKNOWN STEP	2026-09-27T07:19:02.7623877Z info: default toolchain set to stable-x86_64-unknown-linux-gnu
verify / linux	UNKNOWN STEP	2026-09-27T07:19:02.7624182Z 
verify / linux	UNKNOWN STEP	2026-09-27T07:19:02.7706464Z   stable-x86_64-unknown-linux-gnu unchanged - rustc 1.98.1 (48a229cea 2026-09-01)
verify / linux	UNKNOWN STEP	2026-09-27T07:19:02.7706842Z 
verify / linux	UNKNOWN STEP	2026-09-27T07:19:02.7724070Z ##[end-action id=__dtolnay_rust-toolchain.__run_5;outcome=success;conclusion=success;duration_ms=31]
verify / linux	UNKNOWN STEP	2026-09-27T07:19:02.7726428Z ##[start-action display=Create cachekey;id=__dtolnay_rust-toolchain.rustc-version]
verify / linux	UNKNOWN STEP	2026-09-27T07:19:02.7744084Z ##[group]Run DATE=$(rustc +stable --version --verbose | sed -ne 's/^commit-date: \(20[0-9][0-9]\)-\([01][0-9]\)-\([0-3][0-9]\)$/\1\2\3/p')
verify / linux	UNKNOWN STEP	2026-09-27T07:19:02.7744954Z ^[[36;1mDATE=$(rustc +stable --version --verbose | sed -ne 's/^commit-date: \(20[0-9][0-9]\)-\([01][0-9]\)-\([0-3][0-9]\)$/\1\2\3/p')^[[0m
verify / linux	UNKNOWN STEP	2026-09-27T07:19:02.7745637Z ^[[36;1mHASH=$(rustc +stable --version --verbose | sed -ne 's/^commit-hash: //p')^[[0m
verify / linux	UNKNOWN STEP	2026-09-27T07:19:02.7746160Z ^[[36;1mecho "cachekey=$(echo $DATE$HASH | head -c12)" >> $GITHUB_OUTPUT^[[0m
verify / linux	UNKNOWN STEP	2026-09-27T07:19:02.7807705Z shell: /usr/bin/bash --noprofile --norc -e -o pipefail {0}
verify / linux	UNKNOWN STEP	2026-09-27T07:19:02.7808056Z env:
verify / linux	UNKNOWN STEP	2026-09-27T07:19:02.7808256Z   CARGO_TERM_COLOR: always
verify / linux	UNKNOWN STEP	2026-09-27T07:19:02.7808611Z   KOTORI_TEST_ARTIFACTS: /home/runner/work/Kotori/Kotori/test-artifacts
verify / linux	UNKNOWN STEP	2026-09-27T07:19:02.7809008Z   CARGO_HOME: /home/runner/.cargo
verify / linux	UNKNOWN STEP	2026-09-27T07:19:02.7809270Z ##[endgroup]
verify / linux	UNKNOWN STEP	2026-09-27T07:19:02.8430968Z ##[end-action id=__dtolnay_rust-toolchain.rustc-version;outcome=success;conclusion=success;duration_ms=70]
verify / linux	UNKNOWN STEP	2026-09-27T07:19:02.8435210Z ##[start-action display=Disable incremental compilation;id=__dtolnay_rust-toolchain.__run_6]
verify / linux	UNKNOWN STEP	2026-09-27T07:19:02.8462892Z ##[group]Run if [ -z "${CARGO_INCREMENTAL+set}" ]; then
verify / linux	UNKNOWN STEP	2026-09-27T07:19:02.8463579Z ^[[36;1mif [ -z "${CARGO_INCREMENTAL+set}" ]; then^[[0m
verify / linux	UNKNOWN STEP	2026-09-27T07:19:02.8464203Z ^[[36;1m  echo CARGO_INCREMENTAL=0 >> $GITHUB_ENV^[[0m
verify / linux	UNKNOWN STEP	2026-09-27T07:19:02.8464763Z ^[[36;1mfi^[[0m
verify / linux	UNKNOWN STEP	2026-09-27T07:19:02.8553467Z shell: /usr/bin/bash --noprofile --norc -e -o pipefail {0}
verify / linux	UNKNOWN STEP	2026-09-27T07:19:02.8554067Z env:
verify / linux	UNKNOWN STEP	2026-09-27T07:19:02.8554403Z   CARGO_TERM_COLOR: always
verify / linux	UNKNOWN STEP	2026-09-27T07:19:02.8555016Z   KOTORI_TEST_ARTIFACTS: /home/runner/work/Kotori/Kotori/test-artifacts
verify / linux	UNKNOWN STEP	2026-09-27T07:19:02.8555728Z   CARGO_HOME: /home/runner/.cargo
verify / linux	UNKNOWN STEP	2026-09-27T07:19:02.8556174Z ##[endgroup]
verify / linux	UNKNOWN STEP	2026-09-27T07:19:02.8651467Z ##[end-action id=__dtolnay_rust-toolchain.__run_6;outcome=success;conclusion=success;duration_ms=21]
verify / linux	UNKNOWN STEP	2026-09-27T07:19:02.8653901Z ##[start-action display=Enable colors in Cargo output;id=__dtolnay_rust-toolchain.__run_7]
verify / linux	UNKNOWN STEP	2026-09-27T07:19:02.8669028Z ##[group]Run if [ -z "${CARGO_TERM_COLOR+set}" ]; then
verify / linux	UNKNOWN STEP	2026-09-27T07:19:02.8669460Z ^[[36;1mif [ -z "${CARGO_TERM_COLOR+set}" ]; then^[[0m
verify / linux	UNKNOWN STEP	2026-09-27T07:19:02.8669797Z ^[[36;1m  echo CARGO_TERM_COLOR=always >> $GITHUB_ENV^[[0m
verify / linux	UNKNOWN STEP	2026-09-27T07:19:02.8670087Z ^[[36;1mfi^[[0m
verify / linux	UNKNOWN STEP	2026-09-27T07:19:02.8725765Z shell: /usr/bin/bash --noprofile --norc -e -o pipefail {0}
verify / linux	UNKNOWN STEP	2026-09-27T07:19:02.8726284Z env:
verify / linux	UNKNOWN STEP	2026-09-27T07:19:02.8726480Z   CARGO_TERM_COLOR: always
verify / linux	UNKNOWN STEP	2026-09-27T07:19:02.8726836Z   KOTORI_TEST_ARTIFACTS: /home/runner/work/Kotori/Kotori/test-artifacts
verify / linux	UNKNOWN STEP	2026-09-27T07:19:02.8727229Z   CARGO_HOME: /home/runner/.cargo
verify / linux	UNKNOWN STEP	2026-09-27T07:19:02.8727479Z   CARGO_INCREMENTAL: 0
verify / linux	UNKNOWN STEP	2026-09-27T07:19:02.8727699Z ##[endgroup]
verify / linux	UNKNOWN STEP	2026-09-27T07:19:02.8807097Z ##[end-action id=__dtolnay_rust-toolchain.__run_7;outcome=success;conclusion=success;duration_ms=15]
verify / linux	UNKNOWN STEP	2026-09-27T07:19:02.8809152Z ##[start-action display=Enable Cargo sparse registry;id=__dtolnay_rust-toolchain.__run_8]
verify / linux	UNKNOWN STEP	2026-09-27T07:19:02.8825330Z ##[group]Run # implemented in 1.66, stabilized in 1.68, made default in 1.70
verify / linux	UNKNOWN STEP	2026-09-27T07:19:02.8825870Z ^[[36;1m# implemented in 1.66, stabilized in 1.68, made default in 1.70^[[0m
verify / linux	UNKNOWN STEP	2026-09-27T07:19:02.8826610Z ^[[36;1mif [ -z "${CARGO_REGISTRIES_CRATES_IO_PROTOCOL+set}" -o -f "/home/runner/work/_temp"/.implicit_cargo_registries_crates_io_protocol ]; then^[[0m
verify / linux	UNKNOWN STEP	2026-09-27T07:19:02.8827549Z ^[[36;1m  if rustc +stable --version --verbose | grep -q '^release: 1\.6[89]\.'; then^[[0m
verify / linux	UNKNOWN STEP	2026-09-27T07:19:02.8828158Z ^[[36;1m    touch "/home/runner/work/_temp"/.implicit_cargo_registries_crates_io_protocol || true^[[0m
verify / linux	UNKNOWN STEP	2026-09-27T07:19:02.8828720Z ^[[36;1m    echo CARGO_REGISTRIES_CRATES_IO_PROTOCOL=sparse >> $GITHUB_ENV^[[0m
verify / linux	UNKNOWN STEP	2026-09-27T07:19:02.8829228Z ^[[36;1m  elif rustc +stable --version --verbose | grep -q '^release: 1\.6[67]\.'; then^[[0m
verify / linux	UNKNOWN STEP	2026-09-27T07:19:02.8829807Z ^[[36;1m    touch "/home/runner/work/_temp"/.implicit_cargo_registries_crates_io_protocol || true^[[0m
verify / linux	UNKNOWN STEP	2026-09-27T07:19:02.8830340Z ^[[36;1m    echo CARGO_REGISTRIES_CRATES_IO_PROTOCOL=git >> $GITHUB_ENV^[[0m
verify / linux	UNKNOWN STEP	2026-09-27T07:19:02.8830766Z ^[[36;1m  fi^[[0m
verify / linux	UNKNOWN STEP	2026-09-27T07:19:02.8830992Z ^[[36;1mfi^[[0m
verify / linux	UNKNOWN STEP	2026-09-27T07:19:02.8886021Z shell: /usr/bin/bash --noprofile --norc -e -o pipefail {0}
verify / linux	UNKNOWN STEP	2026-09-27T07:19:02.8886385Z env:
verify / linux	UNKNOWN STEP	2026-09-27T07:19:02.8886590Z   CARGO_TERM_COLOR: always
verify / linux	UNKNOWN STEP	2026-09-27T07:19:02.8886963Z   KOTORI_TEST_ARTIFACTS: /home/runner/work/Kotori/Kotori/test-artifacts
verify / linux	UNKNOWN STEP	2026-09-27T07:19:02.8887366Z   CARGO_HOME: /home/runner/.cargo
verify / linux	UNKNOWN STEP	2026-09-27T07:19:02.8887627Z   CARGO_INCREMENTAL: 0
verify / linux	UNKNOWN STEP	2026-09-27T07:19:02.8887842Z ##[endgroup]
verify / linux	UNKNOWN STEP	2026-09-27T07:19:02.9224478Z ##[end-action id=__dtolnay_rust-toolchain.__run_8;outcome=success;conclusion=success;duration_ms=41]
verify / linux	UNKNOWN STEP	2026-09-27T07:19:02.9226960Z ##[start-action display=Work around spurious network errors in curl 8.0;id=__dtolnay_rust-toolchain.__run_9]
verify / linux	UNKNOWN STEP	2026-09-27T07:19:02.9244925Z ##[group]Run # https://rust-lang.zulipchat.com/#narrow/stream/246057-t-cargo/topic/timeout.20investigation
verify / linux	UNKNOWN STEP	2026-09-27T07:19:02.9245842Z ^[[36;1m# https://rust-lang.zulipchat.com/#narrow/stream/246057-t-cargo/topic/timeout.20investigation^[[0m
verify / linux	UNKNOWN STEP	2026-09-27T07:19:02.9246665Z ^[[36;1mif rustc +stable --version --verbose | grep -q '^release: 1\.7[01]\.'; then^[[0m
verify / linux	UNKNOWN STEP	2026-09-27T07:19:02.9247231Z ^[[36;1m  echo CARGO_HTTP_MULTIPLEXING=false >> $GITHUB_ENV^[[0m
verify / linux	UNKNOWN STEP	2026-09-27T07:19:02.9247700Z ^[[36;1mfi^[[0m
verify / linux	UNKNOWN STEP	2026-09-27T07:19:02.9309438Z shell: /usr/bin/bash --noprofile --norc -e -o pipefail {0}
verify / linux	UNKNOWN STEP	2026-09-27T07:19:02.9309912Z env:
verify / linux	UNKNOWN STEP	2026-09-27T07:19:02.9310200Z   CARGO_TERM_COLOR: always
verify / linux	UNKNOWN STEP	2026-09-27T07:19:02.9310693Z   KOTORI_TEST_ARTIFACTS: /home/runner/work/Kotori/Kotori/test-artifacts
verify / linux	UNKNOWN STEP	2026-09-27T07:19:02.9311171Z   CARGO_HOME: /home/runner/.cargo
verify / linux	UNKNOWN STEP	2026-09-27T07:19:02.9311620Z   CARGO_INCREMENTAL: 0
verify / linux	UNKNOWN STEP	2026-09-27T07:19:02.9311946Z ##[endgroup]
verify / linux	UNKNOWN STEP	2026-09-27T07:19:02.9539739Z ##[end-action id=__dtolnay_rust-toolchain.__run_9;outcome=success;conclusion=success;duration_ms=31]
verify / linux	UNKNOWN STEP	2026-09-27T07:19:02.9543857Z ##[start-action display=rustc +stable --version --verbose;id=__dtolnay_rust-toolchain.__run_10]
verify / linux	UNKNOWN STEP	2026-09-27T07:19:02.9560546Z ##[group]Run rustc +stable --version --verbose
verify / linux	UNKNOWN STEP	2026-09-27T07:19:02.9560894Z ^[[36;1mrustc +stable --version --verbose^[[0m
verify / linux	UNKNOWN STEP	2026-09-27T07:19:02.9622360Z shell: /usr/bin/bash --noprofile --norc -e -o pipefail {0}
verify / linux	UNKNOWN STEP	2026-09-27T07:19:02.9622778Z env:
verify / linux	UNKNOWN STEP	2026-09-27T07:19:02.9622980Z   CARGO_TERM_COLOR: always
verify / linux	UNKNOWN STEP	2026-09-27T07:19:02.9623356Z   KOTORI_TEST_ARTIFACTS: /home/runner/work/Kotori/Kotori/test-artifacts
verify / linux	UNKNOWN STEP	2026-09-27T07:19:02.9623929Z   CARGO_HOME: /home/runner/.cargo
verify / linux	UNKNOWN STEP	2026-09-27T07:19:02.9624179Z   CARGO_INCREMENTAL: 0
verify / linux	UNKNOWN STEP	2026-09-27T07:19:02.9624393Z ##[endgroup]
verify / linux	UNKNOWN STEP	2026-09-27T07:19:02.9814551Z rustc 1.98.1 (48a229cea 2026-09-01)
verify / linux	UNKNOWN STEP	2026-09-27T07:19:02.9815392Z binary: rustc
verify / linux	UNKNOWN STEP	2026-09-27T07:19:02.9816165Z commit-hash: 48a229ceaefd4985c50990b14116b6d856af0985
verify / linux	UNKNOWN STEP	2026-09-27T07:19:02.9816958Z commit-date: 2026-09-01
verify / linux	UNKNOWN STEP	2026-09-27T07:19:02.9817648Z host: x86_64-unknown-linux-gnu
verify / linux	UNKNOWN STEP	2026-09-27T07:19:02.9818324Z release: 1.98.1
verify / linux	UNKNOWN STEP	2026-09-27T07:19:02.9818946Z LLVM version: 22.1.8
verify / linux	UNKNOWN STEP	2026-09-27T07:19:02.9840083Z ##[end-action id=__dtolnay_rust-toolchain.__run_10;outcome=success;conclusion=success;duration_ms=29]
verify / linux	UNKNOWN STEP	2026-09-27T07:19:02.9946332Z ##[group]Run Swatinem/rust-cache@v2
verify / linux	UNKNOWN STEP	2026-09-27T07:19:02.9946642Z with:
verify / linux	UNKNOWN STEP	2026-09-27T07:19:02.9946855Z   prefix-key: v0-rust
verify / linux	UNKNOWN STEP	2026-09-27T07:19:02.9947087Z   add-job-id-key: true
verify / linux	UNKNOWN STEP	2026-09-27T07:19:02.9947335Z   add-rust-environment-hash-key: true
verify / linux	UNKNOWN STEP	2026-09-27T07:19:02.9947632Z   cache-targets: true
verify / linux	UNKNOWN STEP	2026-09-27T07:19:02.9947859Z   cache-all-crates: false
verify / linux	UNKNOWN STEP	2026-09-27T07:19:02.9948108Z   cache-workspace-crates: false
verify / linux	UNKNOWN STEP	2026-09-27T07:19:02.9948352Z   save-if: true
verify / linux	UNKNOWN STEP	2026-09-27T07:19:02.9948556Z   cache-provider: github
verify / linux	UNKNOWN STEP	2026-09-27T07:19:02.9948784Z   cache-bin: true
verify / linux	UNKNOWN STEP	2026-09-27T07:19:02.9948983Z   lookup-only: false
verify / linux	UNKNOWN STEP	2026-09-27T07:19:02.9949188Z   cmd-format: {0}
verify / linux	UNKNOWN STEP	2026-09-27T07:19:02.9949378Z env:
verify / linux	UNKNOWN STEP	2026-09-27T07:19:02.9949563Z   CARGO_TERM_COLOR: always
verify / linux	UNKNOWN STEP	2026-09-27T07:19:02.9949905Z   KOTORI_TEST_ARTIFACTS: /home/runner/work/Kotori/Kotori/test-artifacts
verify / linux	UNKNOWN STEP	2026-09-27T07:19:02.9950301Z   CARGO_HOME: /home/runner/.cargo
verify / linux	UNKNOWN STEP	2026-09-27T07:19:02.9950555Z   CARGO_INCREMENTAL: 0
verify / linux	UNKNOWN STEP	2026-09-27T07:19:02.9950800Z ##[endgroup]
verify / linux	UNKNOWN STEP	2026-09-27T07:19:04.5360893Z ##[group]Cache Configuration
verify / linux	UNKNOWN STEP	2026-09-27T07:19:04.5361555Z Cache Provider:
verify / linux	UNKNOWN STEP	2026-09-27T07:19:04.5362344Z     github
verify / linux	UNKNOWN STEP	2026-09-27T07:19:04.5362858Z Workspaces:
verify / linux	UNKNOWN STEP	2026-09-27T07:19:04.5363326Z     /home/runner/work/Kotori/Kotori
verify / linux	UNKNOWN STEP	2026-09-27T07:19:04.5363951Z Cache Paths:
verify / linux	UNKNOWN STEP	2026-09-27T07:19:04.5364430Z     /home/runner/.cargo/bin
verify / linux	UNKNOWN STEP	2026-09-27T07:19:04.5365021Z     /home/runner/.cargo/.crates.toml
verify / linux	UNKNOWN STEP	2026-09-27T07:19:04.5365772Z     /home/runner/.cargo/.crates2.json
verify / linux	UNKNOWN STEP	2026-09-27T07:19:04.5366318Z     /home/runner/.cargo/registry
verify / linux	UNKNOWN STEP	2026-09-27T07:19:04.5366823Z     /home/runner/.cargo/git
verify / linux	UNKNOWN STEP	2026-09-27T07:19:04.5367370Z     /home/runner/work/Kotori/Kotori/target
verify / linux	UNKNOWN STEP	2026-09-27T07:19:04.5368008Z Restore Key:
verify / linux	UNKNOWN STEP	2026-09-27T07:19:04.5368514Z     v0-rust-linux-Linux-x64-6ff13d87
verify / linux	UNKNOWN STEP	2026-09-27T07:19:04.5369138Z Cache Key:
verify / linux	UNKNOWN STEP	2026-09-27T07:19:04.5369637Z     v0-rust-linux-Linux-x64-6ff13d87-fbcba0e4
verify / linux	UNKNOWN STEP	2026-09-27T07:19:04.5370329Z .. Prefix:
verify / linux	UNKNOWN STEP	2026-09-27T07:19:04.5370810Z   - v0-rust-linux-Linux-x64
verify / linux	UNKNOWN STEP	2026-09-27T07:19:04.5371459Z .. Environment considered:
verify / linux	UNKNOWN STEP	2026-09-27T07:19:04.5372029Z   - Rust Versions:
verify / linux	UNKNOWN STEP	2026-09-27T07:19:04.5373014Z     - 1.98.1 x86_64-unknown-linux-gnu 48a229ceaefd4985c50990b14116b6d856af0985
verify / linux	UNKNOWN STEP	2026-09-27T07:19:04.5373838Z   - CARGO_HOME
verify / linux	UNKNOWN STEP	2026-09-27T07:19:04.5374266Z   - CARGO_INCREMENTAL
verify / linux	UNKNOWN STEP	2026-09-27T07:19:04.5374700Z   - CARGO_TERM_COLOR
verify / linux	UNKNOWN STEP	2026-09-27T07:19:04.5375113Z .. Lockfiles considered:
verify / linux	UNKNOWN STEP	2026-09-27T07:19:04.5375638Z   - /home/runner/work/Kotori/Kotori/.cargo/config.toml
verify / linux	UNKNOWN STEP	2026-09-27T07:19:04.5376380Z   - /home/runner/work/Kotori/Kotori/Cargo.lock
verify / linux	UNKNOWN STEP	2026-09-27T07:19:04.5377089Z   - /home/runner/work/Kotori/Kotori/Cargo.toml
verify / linux	UNKNOWN STEP	2026-09-27T07:19:04.5378051Z ##[endgroup]
verify / linux	UNKNOWN STEP	2026-09-27T07:19:04.5378414Z 
verify / linux	UNKNOWN STEP	2026-09-27T07:19:04.5378633Z ... Restoring cache ...
verify / linux	UNKNOWN STEP	2026-09-27T07:19:04.7326777Z Cache hit for: v0-rust-linux-Linux-x64-6ff13d87-fbcba0e4
verify / linux	UNKNOWN STEP	2026-09-27T07:19:05.9643398Z Received 16777216 of 1327599312 (1.3%), 16.0 MBs/sec
verify / linux	UNKNOWN STEP	2026-09-27T07:19:06.9620429Z Received 134217728 of 1327599312 (10.1%), 63.9 MBs/sec
verify / linux	UNKNOWN STEP	2026-09-27T07:19:07.9617009Z Received 272629760 of 1327599312 (20.5%), 86.6 MBs/sec
verify / linux	UNKNOWN STEP	2026-09-27T07:19:08.9618969Z Received 448790528 of 1327599312 (33.8%), 106.9 MBs/sec
verify / linux	UNKNOWN STEP	2026-09-27T07:19:09.9622431Z Received 624951296 of 1327599312 (47.1%), 119.2 MBs/sec
verify / linux	UNKNOWN STEP	2026-09-27T07:19:10.9628488Z Received 788529152 of 1327599312 (59.4%), 125.3 MBs/sec
verify / linux	UNKNOWN STEP	2026-09-27T07:19:11.9914397Z Received 939524096 of 1327599312 (70.8%), 127.4 MBs/sec
verify / linux	UNKNOWN STEP	2026-09-27T07:19:12.9920324Z Received 1082130432 of 1327599312 (81.5%), 128.5 MBs/sec
verify / linux	UNKNOWN STEP	2026-09-27T07:19:13.9953162Z Received 1262485504 of 1327599312 (95.1%), 133.3 MBs/sec
verify / linux	UNKNOWN STEP	2026-09-27T07:19:14.3385947Z Received 1327599312 of 1327599312 (100.0%), 135.0 MBs/sec
verify / linux	UNKNOWN STEP	2026-09-27T07:19:14.3389595Z Cache Size: ~1266 MB (1327599312 B)
verify / linux	UNKNOWN STEP	2026-09-27T07:19:14.3426198Z [command]/usr/bin/tar -xf /home/runner/work/_temp/4990f86e-bd49-4dcb-bb7c-740e1a5d9faa/cache.tzst -P -C /home/runner/work/Kotori/Kotori --use-compress-program unzstd
verify / linux	UNKNOWN STEP	2026-09-27T07:19:25.3415430Z Cache restored successfully
verify / linux	UNKNOWN STEP	2026-09-27T07:19:25.3970870Z Restored from cache key "v0-rust-linux-Linux-x64-6ff13d87-fbcba0e4" full match: true.
verify / linux	UNKNOWN STEP	2026-09-27T07:19:25.4137606Z ##[group]Run cargo fmt --all --check
verify / linux	UNKNOWN STEP	2026-09-27T07:19:25.4137962Z ^[[36;1mcargo fmt --all --check^[[0m
verify / linux	UNKNOWN STEP	2026-09-27T07:19:25.4200205Z shell: /usr/bin/bash -e {0}
verify / linux	UNKNOWN STEP	2026-09-27T07:19:25.4200473Z env:
verify / linux	UNKNOWN STEP	2026-09-27T07:19:25.4200695Z   CARGO_TERM_COLOR: always
verify / linux	UNKNOWN STEP	2026-09-27T07:19:25.4201056Z   KOTORI_TEST_ARTIFACTS: /home/runner/work/Kotori/Kotori/test-artifacts
verify / linux	UNKNOWN STEP	2026-09-27T07:19:25.4201449Z   CARGO_HOME: /home/runner/.cargo
verify / linux	UNKNOWN STEP	2026-09-27T07:19:25.4201707Z   CARGO_INCREMENTAL: 0
verify / linux	UNKNOWN STEP	2026-09-27T07:19:25.4201942Z   CACHE_ON_FAILURE: false
verify / linux	UNKNOWN STEP	2026-09-27T07:19:25.4202475Z ##[endgroup]
verify / linux	UNKNOWN STEP	2026-09-27T07:19:29.3818552Z ##[group]Run bash scripts/check-file-size.sh
verify / linux	UNKNOWN STEP	2026-09-27T07:19:29.3819232Z ^[[36;1mbash scripts/check-file-size.sh^[[0m
verify / linux	UNKNOWN STEP	2026-09-27T07:19:29.3890419Z shell: /usr/bin/bash -e {0}
verify / linux	UNKNOWN STEP	2026-09-27T07:19:29.3890686Z env:
verify / linux	UNKNOWN STEP	2026-09-27T07:19:29.3890899Z   CARGO_TERM_COLOR: always
verify / linux	UNKNOWN STEP	2026-09-27T07:19:29.3891287Z   KOTORI_TEST_ARTIFACTS: /home/runner/work/Kotori/Kotori/test-artifacts
verify / linux	UNKNOWN STEP	2026-09-27T07:19:29.3891690Z   CARGO_HOME: /home/runner/.cargo
verify / linux	UNKNOWN STEP	2026-09-27T07:19:29.3891962Z   CARGO_INCREMENTAL: 0
verify / linux	UNKNOWN STEP	2026-09-27T07:19:29.3892482Z   CACHE_ON_FAILURE: false
verify / linux	UNKNOWN STEP	2026-09-27T07:19:29.3892726Z ##[endgroup]
verify / linux	UNKNOWN STEP	2026-09-27T07:19:29.8539742Z 超过硬线 600 行的源文件：0 个（基线 0 个）；另有 0 个落在软线 500 行之上
verify / linux	UNKNOWN STEP	2026-09-27T07:19:29.8540211Z （一个都没有，硬线守住了）
verify / linux	UNKNOWN STEP	2026-09-27T07:19:29.8571910Z ##[group]Run cargo clippy --all-targets --locked -- -D warnings
verify / linux	UNKNOWN STEP	2026-09-27T07:19:29.8572693Z ^[[36;1mcargo clippy --all-targets --locked -- -D warnings^[[0m
verify / linux	UNKNOWN STEP	2026-09-27T07:19:29.8636367Z shell: /usr/bin/bash -e {0}
verify / linux	UNKNOWN STEP	2026-09-27T07:19:29.8636690Z env:
verify / linux	UNKNOWN STEP	2026-09-27T07:19:29.8636900Z   CARGO_TERM_COLOR: always
verify / linux	UNKNOWN STEP	2026-09-27T07:19:29.8637277Z   KOTORI_TEST_ARTIFACTS: /home/runner/work/Kotori/Kotori/test-artifacts
verify / linux	UNKNOWN STEP	2026-09-27T07:19:29.8637691Z   CARGO_HOME: /home/runner/.cargo
verify / linux	UNKNOWN STEP	2026-09-27T07:19:29.8637954Z   CARGO_INCREMENTAL: 0
verify / linux	UNKNOWN STEP	2026-09-27T07:19:29.8638191Z   CACHE_ON_FAILURE: false
verify / linux	UNKNOWN STEP	2026-09-27T07:19:29.8638421Z ##[endgroup]
verify / linux	UNKNOWN STEP	2026-09-27T07:19:31.0324579Z ^[[1m^[[92m    Updating^[[0m crates.io index
verify / linux	UNKNOWN STEP	2026-09-27T07:19:34.7270615Z ^[[1m^[[92m   Compiling^[[0m kotori v0.1.0 (/home/runner/work/Kotori/Kotori)
verify / linux	UNKNOWN STEP	2026-09-27T07:20:16.5514052Z ^[[1m^[[92m    Finished^[[0m `dev` profile [optimized + debuginfo] target(s) in 46.53s
verify / linux	UNKNOWN STEP	2026-09-27T07:20:16.6268148Z ##[group]Run scripts/test.sh
verify / linux	UNKNOWN STEP	2026-09-27T07:20:16.6268466Z ^[[36;1mscripts/test.sh^[[0m
verify / linux	UNKNOWN STEP	2026-09-27T07:20:16.6329763Z shell: /usr/bin/bash -e {0}
verify / linux	UNKNOWN STEP	2026-09-27T07:20:16.6330024Z env:
verify / linux	UNKNOWN STEP	2026-09-27T07:20:16.6330225Z   CARGO_TERM_COLOR: always
verify / linux	UNKNOWN STEP	2026-09-27T07:20:16.6330598Z   KOTORI_TEST_ARTIFACTS: /home/runner/work/Kotori/Kotori/test-artifacts
verify / linux	UNKNOWN STEP	2026-09-27T07:20:16.6330992Z   CARGO_HOME: /home/runner/.cargo
verify / linux	UNKNOWN STEP	2026-09-27T07:20:16.6331247Z   CARGO_INCREMENTAL: 0
verify / linux	UNKNOWN STEP	2026-09-27T07:20:16.6331475Z   CACHE_ON_FAILURE: false
verify / linux	UNKNOWN STEP	2026-09-27T07:20:16.6331703Z ##[endgroup]
verify / linux	UNKNOWN STEP	2026-09-27T07:20:17.0284233Z ^[[1m^[[92m   Compiling^[[0m kotori v0.1.0 (/home/runner/work/Kotori/Kotori)
verify / linux	UNKNOWN STEP	2026-09-27T07:24:28.8294943Z ^[[1m^[[92m    Finished^[[0m `test` profile [optimized + debuginfo] target(s) in 4m 12s
verify / linux	UNKNOWN STEP	2026-09-27T07:24:28.8553531Z ^[[1m^[[92m     Running^[[0m unittests src/main.rs (target/debug/deps/kotori-7f624b4dfe063160)
verify / linux	UNKNOWN STEP	2026-09-27T07:24:28.8669064Z 
verify / linux	UNKNOWN STEP	2026-09-27T07:24:28.8669500Z running 535 tests
verify / linux	UNKNOWN STEP	2026-09-27T07:24:28.8683744Z test config::lock::tests::the_lock_lives_beside_the_config ... ok
verify / linux	UNKNOWN STEP	2026-09-27T07:24:28.8684985Z test config::lock::tests::a_second_writer_is_locked_out_until_the_first_one_finishes ... ok
verify / linux	UNKNOWN STEP	2026-09-27T07:24:28.8685945Z test config::paths::tests::a_config_next_to_the_binary_wins_over_the_default ... ok
verify / linux	UNKNOWN STEP	2026-09-27T07:24:28.8693832Z test config::paths::tests::a_portable_config_keeps_its_data_next_to_itself ... ok
verify / linux	UNKNOWN STEP	2026-09-27T07:24:28.8695016Z test config::paths::tests::a_malformed_config_is_backed_up_by_load_at ... ok
verify / linux	UNKNOWN STEP	2026-09-27T07:24:28.8696249Z test config::paths::tests::a_leftover_temp_file_does_not_disturb_the_config ... ok
verify / linux	UNKNOWN STEP	2026-09-27T07:24:28.8697308Z test config::paths::tests::portable_means_the_config_sits_next_to_the_binary ... ok
verify / linux	UNKNOWN STEP	2026-09-27T07:24:28.8698391Z test config::paths::tests::an_unreadable_config_is_an_error_not_a_fresh_start ... ok
verify / linux	UNKNOWN STEP	2026-09-27T07:24:28.8699342Z test config::paths::tests::no_exe_information_falls_back_to_the_default ... ok
verify / linux	UNKNOWN STEP	2026-09-27T07:24:28.8700576Z test config::profile::tests::a_hand_written_separator_is_rejected ... ok
verify / linux	UNKNOWN STEP	2026-09-27T07:24:28.8701388Z test config::profile::tests::algorithm_labels_round_trip ... ok
verify / linux	UNKNOWN STEP	2026-09-27T07:24:28.8702593Z test config::paths::tests::without_a_beside_binary_config_the_default_directory_is_used ... ok
verify / linux	UNKNOWN STEP	2026-09-27T07:24:28.8704267Z test config::profile::tests::an_empty_game_resolution_leaves_the_size_to_gamescope ... ok
verify / linux	UNKNOWN STEP	2026-09-27T07:24:28.8705457Z test config::profile::tests::an_empty_profile_gets_the_screen_and_a_filled_one_overrides_it ... ok
verify / linux	UNKNOWN STEP	2026-09-27T07:24:28.8706482Z test config::profile::tests::free_form_is_about_the_arguments_being_there ... ok
verify / linux	UNKNOWN STEP	2026-09-27T07:24:28.8707287Z test config::profile::tests::normalize_clamps_sharpness_only ... ok
verify / linux	UNKNOWN STEP	2026-09-27T07:24:28.8708097Z test config::profile::tests::profile_validation_bounds_the_scaling_ratio ... ok
verify / linux	UNKNOWN STEP	2026-09-27T07:24:28.8709016Z test config::profile::tests::profile_validation_rejects_impossible_values ... ok
verify / linux	UNKNOWN STEP	2026-09-27T07:24:28.8710641Z test config::profile::tests::sharpness_is_clamped_and_rebuilt ... ok
verify / linux	UNKNOWN STEP	2026-09-27T07:24:28.8711609Z test config::sync::tests::a_sync_config_that_still_carries_encryption_still_loads ... ok
verify / linux	UNKNOWN STEP	2026-09-27T07:24:28.8712923Z test config::sync::tests::a_sync_config_without_an_engine_key_gets_the_current_default ... ok
verify / linux	UNKNOWN STEP	2026-09-27T07:24:28.8713976Z test config::sync::tests::a_sync_config_without_binary_paths_finds_the_programs_itself ... ok
verify / linux	UNKNOWN STEP	2026-09-27T07:24:28.8715101Z test config::tests::a_config_that_still_carries_follow_window_still_loads ... ok
verify / linux	UNKNOWN STEP	2026-09-27T07:24:28.8716294Z test config::tests::a_hand_written_game_entry_needs_only_a_name_and_an_exe ... ok
verify / linux	UNKNOWN STEP	2026-09-27T07:24:28.8716805Z test config::sync::tests::the_engine_survives_a_round_trip ... ok
verify / linux	UNKNOWN STEP	2026-09-27T07:24:28.8724200Z test config::tests::as_str_matches_what_serde_writes ... ok
verify / linux	UNKNOWN STEP	2026-09-27T07:24:28.8725270Z test config::tests::a_sync_config_that_still_carries_encryption_still_loads ... ok
verify / linux	UNKNOWN STEP	2026-09-27T07:24:28.8726950Z test config::tests::auto_watch_defaults_on_and_still_answers_to_its_old_name ... ok
verify / linux	UNKNOWN STEP	2026-09-27T07:24:28.8729359Z test config::tests::corrupt_config_is_backed_up ... ok
verify / linux	UNKNOWN STEP	2026-09-27T07:24:28.8730139Z test config::tests::missing_file_falls_back_to_defaults ... ok
verify / linux	UNKNOWN STEP	2026-09-27T07:24:28.8731875Z test config::tests::one_entry_missing_its_exe_does_not_take_the_whole_file_down ... ok
verify / linux	UNKNOWN STEP	2026-09-27T07:24:28.8745448Z test config::tests::partial_game_config_uses_serde_defaults ... ok
verify / linux	UNKNOWN STEP	2026-09-27T07:24:28.8746417Z test config::tests::config_round_trips_through_toml ... ok
verify / linux	UNKNOWN STEP	2026-09-27T07:24:28.8747540Z test config::tests::legacy_lanczos_config_no_longer_parses ... ok
verify / linux	UNKNOWN STEP	2026-09-27T07:24:28.8748868Z test daemon::protocol::tests::a_patch_key_the_daemon_does_not_know_is_rejected ... ok
verify / linux	UNKNOWN STEP	2026-09-27T07:24:28.8750408Z test config::tests::the_auto_watch_default_flips_old_configs_once_and_only_once ... ok
verify / linux	UNKNOWN STEP	2026-09-27T07:24:28.8751373Z test config::tests::the_watched_process_name_falls_back_to_the_exe_file_name ... ok
verify / linux	UNKNOWN STEP	2026-09-27T07:24:28.8752390Z test daemon::protocol::tests::an_absent_key_leaves_its_field_alone ... ok
verify / linux	UNKNOWN STEP	2026-09-27T07:24:28.9082072Z test daemon::sync_rpc::tests::resolve::resolve_can_bind_an_existing_cloud_identity ... ok
verify / linux	UNKNOWN STEP	2026-09-27T07:24:28.9094268Z test daemon::sync_rpc::tests::resolve::repeating_the_same_pair_is_idempotent ... ok
verify / linux	UNKNOWN STEP	2026-09-27T07:24:28.9099900Z test daemon::sync_rpc::tests::cloud_sync_cannot_be_switched_on_without_a_save_location ... ok
verify / linux	UNKNOWN STEP	2026-09-27T07:24:28.9117630Z test daemon::sync_rpc::tests::resolve::resolve_rejects_an_unknown_choice_without_mutating_the_binding ... ok
verify / linux	UNKNOWN STEP	2026-09-27T07:24:28.9120843Z test daemon::sync_rpc::tests::resolve::resolve_pair_without_an_identity_creates_a_new_binding_decision ... ok
verify / linux	UNKNOWN STEP	2026-09-27T07:24:28.9156907Z test daemon::sync_rpc::tests::resolve::switching_one_game_off_stops_its_automatic_sync_only ... ok
verify / linux	UNKNOWN STEP	2026-09-27T07:24:28.9229499Z test daemon::sync_rpc::tests::settings_are_validated_before_they_are_stored ... ok
verify / linux	UNKNOWN STEP	2026-09-27T07:24:28.9240551Z test daemon::sync_rpc::tests::resolve::the_pre_launch_self_check_asks_once_and_remembers_the_answer ... ok
verify / linux	UNKNOWN STEP	2026-09-27T07:24:28.9242015Z test daemon::sync_rpc::tests::status_explains_what_is_missing_instead_of_failing ... ok
verify / linux	UNKNOWN STEP	2026-09-27T07:24:28.9288177Z test daemon::sync_rpc::tests::the_machine_identity_is_created_once_and_persisted ... ok
verify / linux	UNKNOWN STEP	2026-09-27T07:24:28.9322081Z test daemon::sync_rpc::tests_credentials::a_launch_never_fails_because_sync_is_broken ... ok
verify / linux	UNKNOWN STEP	2026-09-27T07:24:28.9347130Z test daemon::sync_rpc::tests_credentials::a_launch_with_sync_off_does_not_touch_the_network ... ok
verify / linux	UNKNOWN STEP	2026-09-27T07:24:28.9430610Z test daemon::sync_rpc::tests::status_never_returns_a_secret_value ... ok
verify / linux	UNKNOWN STEP	2026-09-27T07:24:28.9435059Z test daemon::sync_rpc::tests_credentials::a_short_master_password_is_refused_with_a_reason ... ok
verify / linux	UNKNOWN STEP	2026-09-27T07:24:28.9436696Z test daemon::sync_rpc::tests_credentials::an_explicitly_given_store_is_never_replaced_behind_the_caller ... ok
verify / linux	UNKNOWN STEP	2026-09-27T07:24:28.9632730Z test daemon::sync_rpc::tests_credentials::credentials_go_into_the_keyring_and_can_be_cleared ... ok
verify / linux	UNKNOWN STEP	2026-09-27T07:24:28.9634591Z test daemon::sync_rpc::tests_credentials::every_sync_config_key_is_accepted_by_the_settings_patch ... ok
verify / linux	UNKNOWN STEP	2026-09-27T07:24:28.9663293Z test daemon::sync_rpc::tests_credentials::kopia_password_can_be_stored_and_cleared ... ok
verify / linux	UNKNOWN STEP	2026-09-27T07:24:28.9839013Z test config::paths::tests::a_reader_never_sees_a_half_written_config ... ok
verify / linux	UNKNOWN STEP	2026-09-27T07:24:28.9848629Z test daemon::sync_rpc::tests_credentials::the_store_never_changes_under_a_running_daemon ... ok
verify / linux	UNKNOWN STEP	2026-09-27T07:24:28.9876502Z test daemon::tests::a_write_rereads_the_file_so_a_cli_add_is_not_overwritten ... ok
verify / linux	UNKNOWN STEP	2026-09-27T07:24:28.9898254Z test daemon::tests::config_source::a_failed_credential_move_leaves_the_config_source_unchanged ... ok
verify / linux	UNKNOWN STEP	2026-09-27T07:24:28.9903824Z test daemon::sync_rpc::tests_credentials::the_master_file_can_be_deleted_even_while_it_is_locked ... ok
verify / linux	UNKNOWN STEP	2026-09-27T07:24:28.9936458Z test daemon::tests::config_source::switching_the_config_source_moves_it_and_makes_the_portable_one_step_aside ... ok
verify / linux	UNKNOWN STEP	2026-09-27T07:24:28.9938504Z test daemon::tests::config_source::switching_the_config_source_takes_the_credentials_along ... ok
verify / linux	UNKNOWN STEP	2026-09-27T07:24:28.9939683Z test daemon::tests::every_game_config_key_is_either_patchable_or_a_known_exception ... ok
verify / linux	UNKNOWN STEP	2026-09-27T07:24:28.9944251Z test daemon::tests::game_list_exposes_the_full_scale_profile ... ok
verify / linux	UNKNOWN STEP	2026-09-27T07:24:28.9962897Z test daemon::tests::games_are_sorted_by_name ... ok
verify / linux	UNKNOWN STEP	2026-09-27T07:24:28.9964050Z test daemon::tests::config_source::switching_to_the_source_already_in_use_changes_nothing ... ok
verify / linux	UNKNOWN STEP	2026-09-27T07:24:28.9965378Z test daemon::tests::games_with_the_same_name_still_have_one_order ... ok
verify / linux	UNKNOWN STEP	2026-09-27T07:24:28.9966382Z test daemon::tests::missing_params_are_invalid_params ... ok
verify / linux	UNKNOWN STEP	2026-09-27T07:24:28.9967334Z test daemon::tests::malformed_json_is_a_parse_error ... ok
verify / linux	UNKNOWN STEP	2026-09-27T07:24:28.9989169Z test daemon::tests::mounts::a_path_that_is_not_here_is_still_refused_without_a_reference ... ok
verify / linux	UNKNOWN STEP	2026-09-27T07:24:29.0000772Z test daemon::tests::mounts::a_null_reference_turns_it_off_and_is_not_filled_back_in ... ok
verify / linux	UNKNOWN STEP	2026-09-27T07:24:29.0014803Z test daemon::tests::mounts::a_reference_that_escapes_its_disk_is_refused ... ok
verify / linux	UNKNOWN STEP	2026-09-27T07:24:29.0022892Z test daemon::tests::mounts::a_reference_lets_a_path_that_is_not_mounted_here_through ... ok
verify / linux	UNKNOWN STEP	2026-09-27T07:24:29.0043542Z test daemon::tests::mounts::an_explicit_reference_is_stored_and_the_absolute_path_gives_way ... ok
verify / linux	UNKNOWN STEP	2026-09-27T07:24:29.0046941Z test daemon::tests::mounts::creating_a_game_with_a_reference_does_not_need_the_file_to_be_here ... ok
verify / linux	UNKNOWN STEP	2026-09-27T07:24:29.0057524Z test daemon::tests::mounts::creating_a_game_without_a_reference_still_needs_a_real_exe ... ok
verify / linux	UNKNOWN STEP	2026-09-27T07:24:29.0059422Z test daemon::tests::mounts::infer_says_nothing_about_a_path_that_is_not_there ... ok
verify / linux	UNKNOWN STEP	2026-09-27T07:24:29.0060604Z test daemon::tests::shutdown_reply_is_flagged ... ok
verify / linux	UNKNOWN STEP	2026-09-27T07:24:29.0062754Z test daemon::tests::status_on_unknown_session_lists_nothing_new ... ok
verify / linux	UNKNOWN STEP	2026-09-27T07:24:29.0066900Z test daemon::tests::status_reports_no_sessions_initially ... ok
verify / linux	UNKNOWN STEP	2026-09-27T07:24:29.0067726Z test daemon::tests::unknown_method_is_reported_as_method_not_found ... ok
verify / linux	UNKNOWN STEP	2026-09-27T07:24:29.0068712Z test desktop::kde::tests::kwin_accepts_our_scripts ... ignored, needs a live KDE session
verify / linux	UNKNOWN STEP	2026-09-27T07:24:29.0171914Z test daemon::tests::wrong_jsonrpc_version_is_rejected ... ok
verify / linux	UNKNOWN STEP	2026-09-27T07:24:29.0172932Z test display::tests::a_probe_that_answers_hands_back_its_output ... ok
verify / linux	UNKNOWN STEP	2026-09-27T07:24:29.0174076Z test display::tests::kde_follows_current_mode_id ... ok
verify / linux	UNKNOWN STEP	2026-09-27T07:24:29.0175261Z test display::tests::kde_numeric_mode_ids_and_missing_keys_are_tolerated ... ok
verify / linux	UNKNOWN STEP	2026-09-27T07:24:29.0179782Z test display::tests::kde_prefers_primary_and_skips_unusable_outputs ... ok
verify / linux	UNKNOWN STEP	2026-09-27T07:24:29.0181992Z test display::tests::kde_unknown_mode_id_falls_back_to_output_size ... ok
verify / linux	UNKNOWN STEP	2026-09-27T07:24:29.0183397Z test display::tests::kde_uses_device_pixels_not_logical_size ... ok
verify / linux	UNKNOWN STEP	2026-09-27T07:24:29.0184205Z test display::tests::kde_without_outputs_returns_none ... ok
verify / linux	UNKNOWN STEP	2026-09-27T07:24:29.0185014Z test display::tests::kde_without_priority_falls_back_to_largest ... ok
verify / linux	UNKNOWN STEP	2026-09-27T07:24:29.0185895Z test display::tests::out_of_range_current_mode_falls_back_to_first ... ok
verify / linux	UNKNOWN STEP	2026-09-27T07:24:29.0186717Z test display::tests::output_without_modes_is_skipped ... ok
verify / linux	UNKNOWN STEP	2026-09-27T07:24:29.0187391Z test display::tests::parses_resolution_specs ... ok
verify / linux	UNKNOWN STEP	2026-09-27T07:24:29.0188113Z test display::tests::picks_largest_output_deterministically ... ok
verify / linux	UNKNOWN STEP	2026-09-27T07:24:29.0188860Z test display::tests::uses_current_mode_not_logical_size ... ok
verify / linux	UNKNOWN STEP	2026-09-27T07:24:29.0194656Z test game::tests::a_second_entry_with_the_same_name_gets_a_numeric_suffix ... ok
verify / linux	UNKNOWN STEP	2026-09-27T07:24:29.0195637Z test game::tests::an_exe_already_used_by_another_entry_is_reported_by_name ... ok
verify / linux	UNKNOWN STEP	2026-09-27T07:24:29.0198121Z test game::tests::an_uninstaller_is_not_the_game_even_when_it_is_called_uninstaller ... ok
verify / linux	UNKNOWN STEP	2026-09-27T07:24:29.0215577Z test game::tests::directories_whose_ids_collide_are_all_added_not_swallowed ... ok
verify / linux	UNKNOWN STEP	2026-09-27T07:24:29.0217051Z test daemon::sync_rpc::tests_credentials::a_master_password_seals_the_credentials_and_survives_a_restart ... ok
verify / linux	UNKNOWN STEP	2026-09-27T07:24:29.0218284Z test game::tests::game_ids_are_stable_and_filesystem_safe ... ok
verify / linux	UNKNOWN STEP	2026-09-27T07:24:29.0219090Z test game::tests::falls_back_to_an_exe_when_only_helpers_exist ... ok
verify / linux	UNKNOWN STEP	2026-09-27T07:24:29.0219805Z test game::tests::helpers_are_recognised_by_prefix_too ... ok
verify / linux	UNKNOWN STEP	2026-09-27T07:24:29.0221644Z test game::tests::no_executables_means_no_candidate ... ok
verify / linux	UNKNOWN STEP	2026-09-27T07:24:29.0223339Z test game::tests::prefers_the_chinese_localised_executable ... ok
verify / linux	UNKNOWN STEP	2026-09-27T07:24:29.0232895Z test game::tests::scan_counts_the_scanned_directory_itself ... ok
verify / linux	UNKNOWN STEP	2026-09-27T07:24:29.0234256Z test game::tests::scan_counts_subdirectories_and_the_root_itself ... ok
verify / linux	UNKNOWN STEP	2026-09-27T07:24:29.0235174Z test game::tests::scan_of_missing_directory_is_an_error ... ok
verify / linux	UNKNOWN STEP	2026-09-27T07:24:29.0241039Z test game::tests::scan_of_a_file_is_an_error_too ... ok
verify / linux	UNKNOWN STEP	2026-09-27T07:24:29.0245428Z test game::tests::self_and_subdirectory_hits_stay_two_distinct_entries ... ok
verify / linux	UNKNOWN STEP	2026-09-27T07:24:29.0246412Z test game::tests::skips_installers_and_tools ... ok
verify / linux	UNKNOWN STEP	2026-09-27T07:24:29.0247627Z test mount::tests::a_disk_mounted_at_two_points_resolves_to_the_shorter_one ... ok
verify / linux	UNKNOWN STEP	2026-09-27T07:24:29.0248730Z test mount::tests::a_nested_mount_only_claims_paths_under_its_own_point ... ok
verify / linux	UNKNOWN STEP	2026-09-27T07:24:29.0249864Z test mount::tests::btrfs_subvol_layout_keeps_the_subvol_root_in_references ... ok
verify / linux	UNKNOWN STEP	2026-09-27T07:24:29.0250904Z test game::tests::the_executable_named_like_its_directory_beats_a_lookalike ... ok
verify / linux	UNKNOWN STEP	2026-09-27T07:24:29.0252015Z test mount::tests::escape_sequences_are_decoded ... ok
verify / linux	UNKNOWN STEP	2026-09-27T07:24:29.0252951Z test mount::tests::escaped_root_and_point_are_both_decoded ... ok
verify / linux	UNKNOWN STEP	2026-09-27T07:24:29.0253767Z test mount::tests::infer_refuses_paths_without_a_known_disk ... ok
verify / linux	UNKNOWN STEP	2026-09-27T07:24:29.0254480Z test mount::tests::nested_mount_wins_over_the_parent ... ok
verify / linux	UNKNOWN STEP	2026-09-27T07:24:29.0255151Z test mount::tests::parse_reads_root_and_mountpoint ... ok
verify / linux	UNKNOWN STEP	2026-09-27T07:24:29.0255946Z test mount::tests::references_with_traversal_or_absolute_parts_are_rejected ... ok
verify / linux	UNKNOWN STEP	2026-09-27T07:24:29.0256818Z test mount::tests::resolve_reports_a_disk_that_is_not_mounted ... ok
verify / linux	UNKNOWN STEP	2026-09-27T07:24:29.0257676Z test mount::tests::the_same_disk_remounting_elsewhere_keeps_references_working ... ok
verify / linux	UNKNOWN STEP	2026-09-27T07:24:29.0258580Z test mount::tests::tree_rooted_mount_keeps_its_root_in_references ... ok
verify / linux	UNKNOWN STEP	2026-09-27T07:24:29.0259389Z test mount::tests::two_devices_with_the_same_uuid_are_refused ... ok
verify / linux	UNKNOWN STEP	2026-09-27T07:24:29.0260153Z test picker::tests::a_localhost_host_is_not_part_of_the_path ... ok
verify / linux	UNKNOWN STEP	2026-09-27T07:24:29.0260929Z test picker::tests::a_plain_file_uri_becomes_the_path_behind_it ... ok
verify / linux	UNKNOWN STEP	2026-09-27T07:24:29.0261660Z test picker::tests::a_request_says_what_it_wants ... ok
verify / linux	UNKNOWN STEP	2026-09-27T07:24:29.0263305Z test picker::tests::anything_that_is_not_a_local_file_is_refused ... ok
verify / linux	UNKNOWN STEP	2026-09-27T07:24:29.0264301Z test picker::tests::cancelling_a_dialog_is_not_a_failure ... ok
verify / linux	UNKNOWN STEP	2026-09-27T07:24:29.0265022Z test picker::tests::non_ascii_names_come_back_readable ... ok
verify / linux	UNKNOWN STEP	2026-09-27T07:24:29.0266965Z test platform::tests::a_required_dependency_that_answers_badly_is_not_reported_as_missing ... ok
verify / linux	UNKNOWN STEP	2026-09-27T07:24:29.0268438Z test platform::tests::a_missing_optional_dependency_does_not_make_the_report_fail ... ok
verify / linux	UNKNOWN STEP	2026-09-27T07:24:29.0269605Z test platform::tests::a_version_line_becomes_one_plain_line ... ok
verify / linux	UNKNOWN STEP	2026-09-27T07:24:29.0270688Z test platform::tests::an_older_gamescope_is_degraded_not_ready ... ok
verify / linux	UNKNOWN STEP	2026-09-27T07:24:29.0271936Z test platform::tests::kopia_is_an_alternative_not_a_requirement ... ok
verify / linux	UNKNOWN STEP	2026-09-27T07:24:29.0273316Z test platform::tests::os_release_is_read_without_assuming_quotes_and_order ... ok
verify / linux	UNKNOWN STEP	2026-09-27T07:24:29.0274361Z test platform::tests::the_gamescope_version_is_read_out_of_a_noisy_line ... ok
verify / linux	UNKNOWN STEP	2026-09-27T07:24:29.0275467Z test platform::tests::the_install_command_follows_the_distro ... ok
verify / linux	UNKNOWN STEP	2026-09-27T07:24:29.0276589Z test platform::tests::the_wire_shape_is_what_the_settings_page_reads ... ok
verify / linux	UNKNOWN STEP	2026-09-27T07:24:29.0277827Z test process::tests::comm_truncation_counts_bytes_not_characters ... ok
verify / linux	UNKNOWN STEP	2026-09-27T07:24:29.0278627Z test process::tests::command_line_paths_become_unix_paths ... ok
verify / linux	UNKNOWN STEP	2026-09-27T07:24:29.0279449Z test process::tests::descendants_come_from_one_pass_and_keep_their_names ... ok
verify / linux	UNKNOWN STEP	2026-09-27T07:24:29.0280447Z test process::tests::does_not_match_unrelated_processes ... ok
verify / linux	UNKNOWN STEP	2026-09-27T07:24:29.0280849Z test process::tests::matches_truncated_comm_names ... ok
verify / linux	UNKNOWN STEP	2026-09-27T07:24:29.0281325Z test process::tests::matches_wine_style_processes ... ok
verify / linux	UNKNOWN STEP	2026-09-27T07:24:29.0281886Z test process::tests::normalizes_windows_and_unix_paths ... ok
verify / linux	UNKNOWN STEP	2026-09-27T07:24:29.0282858Z test process::tests::plumbing_is_told_apart_from_a_game ... ok
verify / linux	UNKNOWN STEP	2026-09-27T07:24:29.0309119Z test process::tests::a_process_reports_its_own_exe_path ... ok
verify / linux	UNKNOWN STEP	2026-09-27T07:24:29.0360418Z test process::tests::the_exe_path_decides_which_game_is_running ... ok
verify / linux	UNKNOWN STEP	2026-09-27T07:24:29.0361856Z test process::tests::the_pickable_list_keeps_game_shaped_processes_only ... ok
verify / linux	UNKNOWN STEP	2026-09-27T07:24:29.0387230Z test process::tests::waiting_for_a_missing_process_returns_immediately ... ok
verify / linux	UNKNOWN STEP	2026-09-27T07:24:29.0471376Z test process::unix::tests::finds_descendants_and_calls_the_game_one_a_game ... ok
verify / linux	UNKNOWN STEP	2026-09-27T07:24:29.0472911Z test rpc::tests::a_missing_endpoint_is_reported_as_a_connection_error ... ok
verify / linux	UNKNOWN STEP	2026-09-27T07:24:29.0482819Z test rpc::tests::malformed_empty_and_error_responses_are_reported ... ok
verify / linux	UNKNOWN STEP	2026-09-27T07:24:29.0483996Z test scale::action::tests::a_profile_ratio_lands_on_its_ladder_step ... ok
verify / linux	UNKNOWN STEP	2026-09-27T07:24:29.0485226Z test scale::action::tests::one_key_flips_between_the_configured_ratio_and_one_to_one ... ok
verify / linux	UNKNOWN STEP	2026-09-27T07:24:29.0486404Z test scale::action::tests::profile_ratio_is_the_one_the_launch_arguments_encode ... ok
verify / linux	UNKNOWN STEP	2026-09-27T07:24:29.0487402Z test scale::action::tests::the_ladder_starts_at_one_and_stops_at_its_ends ... ok
verify / linux	UNKNOWN STEP	2026-09-27T07:24:29.0488707Z test scale::args::tests::a_brand_new_profile_launches_as_a_resizable_window ... ok
verify / linux	UNKNOWN STEP	2026-09-27T07:24:29.0489663Z test scale::args::tests::a_scaling_ratio_wins_over_an_explicit_size ... ok
verify / linux	UNKNOWN STEP	2026-09-27T07:24:29.0490560Z test scale::args::tests::an_empty_profile_opens_at_the_screen_size ... ok
verify / linux	UNKNOWN STEP	2026-09-27T07:24:29.0491442Z test scale::args::tests::an_explicit_size_overrides_the_screen ... ok
verify / linux	UNKNOWN STEP	2026-09-27T07:24:29.0492639Z test scale::args::tests::free_form_arguments_replace_everything_kotori_would_have_built ... ok
verify / linux	UNKNOWN STEP	2026-09-27T07:24:29.0493613Z test scale::args::tests::fsr_uses_the_316_scaler_model ... ok
verify / linux	UNKNOWN STEP	2026-09-27T07:24:29.0494405Z test scale::args::tests::game_command_follows_the_separator_last ... ok
verify / linux	UNKNOWN STEP	2026-09-27T07:24:29.0495308Z test scale::args::tests::integer_scaling_uses_nearest_neighbour ... ok
verify / linux	UNKNOWN STEP	2026-09-27T07:24:29.0496203Z test scale::args::tests::never_emits_the_legacy_mouse_sensitivity_flag ... ok
verify / linux	UNKNOWN STEP	2026-09-27T07:24:29.0497066Z test scale::args::tests::nis_and_bilinear_pick_their_filters ... ok
verify / linux	UNKNOWN STEP	2026-09-27T07:24:29.0497920Z test scale::args::tests::only_an_explicit_game_resolution_emits_w_and_h ... ok
verify / linux	UNKNOWN STEP	2026-09-27T07:24:29.0502091Z test scale::args::tests::optional_flags_are_only_emitted_when_requested ... ok
verify / linux	UNKNOWN STEP	2026-09-27T07:24:29.0503509Z test scale::args::tests::sharpness_polarity_matches_gamescope ... ok
verify / linux	UNKNOWN STEP	2026-09-27T07:24:29.0504720Z test scale::gamescope::tests::an_action_named_for_one_session_ignores_the_others ... ok
verify / linux	UNKNOWN STEP	2026-09-27T07:24:29.0505688Z test scale::teardown::tests::a_missing_process_has_no_wait_channel ... ok
verify / linux	UNKNOWN STEP	2026-09-27T07:24:29.0506582Z test scale::teardown::tests::a_prefix_another_session_still_uses_is_left_alone ... ok
verify / linux	UNKNOWN STEP	2026-09-27T07:24:29.0507496Z test process::unix::tests::finds_this_test_binary_and_a_spawned_process ... ok
verify / linux	UNKNOWN STEP	2026-09-27T07:24:29.0508383Z test scale::teardown::tests::only_a_wait4_park_counts_as_a_stuck_teardown ... ok
verify / linux	UNKNOWN STEP	2026-09-27T07:24:29.0557070Z test scale::teardown::tests::killing_nothing_is_also_harmless ... ok
verify / linux	UNKNOWN STEP	2026-09-27T07:24:29.0557964Z test scale::x11::probe::tests::a_tiny_or_unrelated_class_is_not_a_match ... ok
verify / linux	UNKNOWN STEP	2026-09-27T07:24:29.0558853Z test scale::x11::probe::tests::a_zero_sized_window_is_not_a_resolution ... ok
verify / linux	UNKNOWN STEP	2026-09-27T07:24:29.0560238Z test scale::x11::probe::tests::an_exe_name_is_recognised_with_or_without_its_extension ... ok
verify / linux	UNKNOWN STEP	2026-09-27T07:24:29.0561597Z test scale::teardown::tests::terminating_nothing_is_instant_and_harmless ... ok
verify / linux	UNKNOWN STEP	2026-09-27T07:24:29.0562786Z test scale::x11::probe::tests::the_biggest_window_wins ... ok
verify / linux	UNKNOWN STEP	2026-09-27T07:24:29.0563845Z test scale::x11::probe::tests::wm_class_splits_on_nuls_and_drops_the_empty_ones ... ok
verify / linux	UNKNOWN STEP	2026-09-27T07:24:29.0564829Z test scale::x11::x11_tests::a_missing_socket_directory_is_not_an_error ... ok
verify / linux	UNKNOWN STEP	2026-09-27T07:24:29.0566349Z test scale::x11::x11_tests::nearest_and_bilinear_pick_a_scaler_too ... ok
verify / linux	UNKNOWN STEP	2026-09-27T07:24:29.0567194Z test scale::x11::x11_tests::an_empty_socket_directory_finds_nothing ... ok
verify / linux	UNKNOWN STEP	2026-09-27T07:24:29.0567957Z test scale::x11::x11_tests::runtime_settings_match_the_launch_arguments ... ok
verify / linux	UNKNOWN STEP	2026-09-27T07:24:29.0568848Z test scale::x11::x11_tests::sharpness_stops_at_gamescopes_limits ... ok
verify / linux	UNKNOWN STEP	2026-09-27T07:24:29.0569888Z test scale::x11::x11_tests::toggling_fsr_twice_comes_back_to_where_it_started ... ok
verify / linux	UNKNOWN STEP	2026-09-27T07:24:29.0574696Z test scale::x11::x11_tests::toggling_nis_is_the_same_shape ... ok
verify / linux	UNKNOWN STEP	2026-09-27T07:24:29.0575456Z test scale::x11::x11_tests::socket_names_are_read_and_sorted ... ok
verify / linux	UNKNOWN STEP	2026-09-27T07:24:29.0575962Z test scale::x11::x11_tests::unknown_filter_values_are_reported_not_guessed ... ok
verify / linux	UNKNOWN STEP	2026-09-27T07:24:29.0576590Z test secrets::encrypted::encrypted_tests::a_missing_file_reads_as_locked_rather_than_corrupt ... ok
verify / linux	UNKNOWN STEP	2026-09-27T07:24:29.0594323Z test secrets::encrypted::encrypted_tests::a_short_password_is_refused_before_anything_is_written ... ok
verify / linux	UNKNOWN STEP	2026-09-27T07:24:29.0821691Z test secrets::encrypted::encrypted_tests::a_round_trip_keeps_every_value_exactly ... ok
verify / linux	UNKNOWN STEP	2026-09-27T07:24:29.1041210Z test secrets::encrypted::encrypted_tests::a_wrong_password_is_refused_and_leaves_the_store_locked ... ok
verify / linux	UNKNOWN STEP	2026-09-27T07:24:29.1043395Z test secrets::encrypted::encrypted_tests::hex_round_trips_and_rejects_nonsense ... ok
verify / linux	UNKNOWN STEP	2026-09-27T07:24:29.1053187Z test secrets::encrypted::encrypted_tests::every_write_uses_a_fresh_nonce ... ok
verify / linux	UNKNOWN STEP	2026-09-27T07:24:29.1542057Z test secrets::encrypted::encrypted_tests::locking_forgets_the_key_but_not_the_data ... ok
verify / linux	UNKNOWN STEP	2026-09-27T07:24:29.1766496Z test secrets::encrypted::encrypted_tests::rekeying_replaces_the_password ... ok
verify / linux	UNKNOWN STEP	2026-09-27T07:24:29.1953559Z test secrets::encrypted::encrypted_tests::the_file_contains_no_sign_of_the_secrets ... ok
verify / linux	UNKNOWN STEP	2026-09-27T07:24:29.2060007Z test secrets::encrypted::encrypted_tests::tampering_with_the_parameters_or_the_payload_is_detected ... ok
verify / linux	UNKNOWN STEP	2026-09-27T07:24:29.2063337Z test secrets::plain::tests::a_corrupt_file_is_an_error_not_an_empty_store ... ok
verify / linux	UNKNOWN STEP	2026-09-27T07:24:29.2075784Z test secrets::plain::tests::a_round_trip_keeps_every_value_exactly ... ok
verify / linux	UNKNOWN STEP	2026-09-27T07:24:29.2082887Z test secrets::plain::tests::the_file_is_private_from_the_moment_it_exists ... ok
verify / linux	UNKNOWN STEP	2026-09-27T07:24:29.2105571Z test display::tests::a_probe_that_never_answers_is_killed_and_read_as_no_answer ... ok
verify / linux	UNKNOWN STEP	2026-09-27T07:24:29.2115400Z test secrets::tests::a_healthy_backend_answers_the_probe_without_finding_anything ... ok
verify / linux	UNKNOWN STEP	2026-09-27T07:24:29.2133772Z test secrets::tests::a_machine_without_a_keyring_falls_back_to_a_private_plain_file ... ok
verify / linux	UNKNOWN STEP	2026-09-27T07:24:29.2135435Z test secrets::tests::a_machine_without_a_keyring_keeps_secrets_in_memory_only ... ok
verify / linux	UNKNOWN STEP	2026-09-27T07:24:29.2147180Z test secrets::tests::a_portable_config_never_reaches_for_the_system_keyring ... ok
verify / linux	UNKNOWN STEP	2026-09-27T07:24:29.2159168Z test secrets::tests::a_keyring_that_shows_up_takes_over_the_plaintext_file ... ok
verify / linux	UNKNOWN STEP	2026-09-27T07:24:29.2194218Z test secrets::tests::a_running_keyring_wins_over_the_plaintext_file ... ok
verify / linux	UNKNOWN STEP	2026-09-27T07:24:29.2228355Z test secrets::tests::an_installed_but_dead_backend_is_not_mistaken_for_a_working_one ... ok
verify / linux	UNKNOWN STEP	2026-09-27T07:24:29.2229550Z test secrets::tests::every_hint_has_something_to_say ... ok
verify / linux	UNKNOWN STEP	2026-09-27T07:24:29.2231086Z test secrets::tests::missing_backend_is_reported_instead_of_falling_back_to_plaintext ... ok
verify / linux	UNKNOWN STEP	2026-09-27T07:24:29.2302583Z test secrets::tests::round_trips_a_secret_through_the_keyring ... ok
verify / linux	UNKNOWN STEP	2026-09-27T07:24:29.2364158Z test secrets::tests::secrets_are_stored_under_distinct_accounts ... ok
verify / linux	UNKNOWN STEP	2026-09-27T07:24:29.2365440Z test secrets::tests::system_detection_reports_what_is_on_this_machine ... ok
verify / linux	UNKNOWN STEP	2026-09-27T07:24:29.2366553Z test secrets::tests::the_store_describes_itself_honestly ... ok
verify / linux	UNKNOWN STEP	2026-09-27T07:24:29.2367728Z test sync::archive::tests::a_manifest_from_a_newer_kotori_is_refused_rather_than_guessed ... ok
verify / linux	UNKNOWN STEP	2026-09-27T07:24:29.2369178Z test secrets::encrypted::encrypted_tests::writing_replaces_the_contents_without_losing_the_password ... ok
verify / linux	UNKNOWN STEP	2026-09-27T07:24:29.2377960Z test sync::archive::tests::a_manual_restore_lays_the_whole_package_back_down ... ok
verify / linux	UNKNOWN STEP	2026-09-27T07:24:29.2378900Z test sync::archive::tests::a_member_over_the_file_limit_is_refused ... ok
verify / linux	UNKNOWN STEP	2026-09-27T07:24:29.2388056Z test sync::archive::tests::a_package_over_the_total_byte_limit_is_refused ... ok
verify / linux	UNKNOWN STEP	2026-09-27T07:24:29.2390268Z test sync::archive::tests::a_package_that_tries_to_escape_its_directory_is_refused ... ok
verify / linux	UNKNOWN STEP	2026-09-27T07:24:29.2397759Z test sync::archive::tests::a_package_with_too_many_members_is_refused ... ok
verify / linux	UNKNOWN STEP	2026-09-27T07:24:29.2405736Z test sync::archive::tests::an_automatic_pull_never_overwrites_a_newer_local_save ... ok
verify / linux	UNKNOWN STEP	2026-09-27T07:24:29.2407131Z test sync::archive::tests::a_packed_save_comes_back_with_its_contents_and_its_times ... ok
verify / linux	UNKNOWN STEP	2026-09-27T07:24:29.2409833Z test sync::archive::tests::packing_reports_locations_that_are_not_on_this_machine ... ok
verify / linux	UNKNOWN STEP	2026-09-27T07:24:29.2411092Z test sync::archive::tests::exclusions_still_work_without_rclone ... ok
verify / linux	UNKNOWN STEP	2026-09-27T07:24:29.2412489Z test sync::cloud::cloud_tests::a_fingerprint_finds_the_identity_it_belongs_to ... ok
verify / linux	UNKNOWN STEP	2026-09-27T07:24:29.2413913Z test sync::cloud::cloud_tests::an_identity_card_round_trips_and_tolerates_missing_optional_fields ... ok
verify / linux	UNKNOWN STEP	2026-09-27T07:24:29.2415286Z test sync::cloud::cloud_tests::an_identity_keeps_one_entry_per_machine_and_only_appends ... ok
verify / linux	UNKNOWN STEP	2026-09-27T07:24:29.2416336Z test sync::archive::tests::the_same_file_written_twice_is_compared_by_size ... ok
verify / linux	UNKNOWN STEP	2026-09-27T07:24:29.2417599Z test sync::cloud::cloud_tests::an_identity_survives_the_round_trip_into_a_manifest ... ok
verify / linux	UNKNOWN STEP	2026-09-27T07:24:29.2418819Z test sync::cloud::cloud_tests::directory_listings_become_usable_names ... ok
verify / linux	UNKNOWN STEP	2026-09-27T07:24:29.2420001Z test sync::cloud::cloud_tests::only_the_same_identity_may_touch_local_saves ... ok
verify / linux	UNKNOWN STEP	2026-09-27T07:24:29.2421333Z test sync::engine::diagnostics::tests::rclone_failures_are_explained_in_terms_of_what_to_check ... ok
verify / linux	UNKNOWN STEP	2026-09-27T07:24:29.2423145Z test sync::engine::kopia::kopia_tests::kopia_failures_are_explained_and_deprecation_noise_is_dropped ... ok
verify / linux	UNKNOWN STEP	2026-09-27T07:24:29.2424692Z test sync::engine::kopia::kopia_tests::a_changed_endpoint_is_a_different_connection ... ok
verify / linux	UNKNOWN STEP	2026-09-27T07:24:29.2426064Z test sync::engine::kopia::kopia_tests::the_default_password_is_the_one_every_machine_shares ... ok
verify / linux	UNKNOWN STEP	2026-09-27T07:24:29.2427514Z test sync::engine::kopia_args::tests::a_snapshot_is_marked_with_our_own_version_name_and_a_game_tag ... ok
verify / linux	UNKNOWN STEP	2026-09-27T07:24:29.2429021Z test sync::engine::kopia_args::tests::creating_and_connecting_differ_only_in_the_subcommand ... ok
verify / linux	UNKNOWN STEP	2026-09-27T07:24:29.2430367Z test sync::engine::kopia_args::tests::deleting_a_snapshot_says_it_out_loud ... ok
verify / linux	UNKNOWN STEP	2026-09-27T07:24:29.2431622Z test sync::engine::kopia_args::tests::listing_asks_for_every_machine_not_just_this_one ... ok
verify / linux	UNKNOWN STEP	2026-09-27T07:24:29.2433483Z test sync::engine::kopia_args::tests::the_identity_snapshot_is_marked_as_identity_and_never_looks_like_a_version ... ok
verify / linux	UNKNOWN STEP	2026-09-27T07:24:29.2435117Z test sync::engine::kopia_args::tests::the_repository_lives_beside_the_rclone_packages_never_on_top_of_them ... ok
verify / linux	UNKNOWN STEP	2026-09-27T07:24:29.2436544Z test sync::engine::kopia_parse::tests::broken_json_is_reported_not_swallowed ... ok
verify / linux	UNKNOWN STEP	2026-09-27T07:24:29.2438062Z test sync::engine::kopia_parse::tests::cloud_games_come_from_the_game_tag_and_identity_snapshots_are_not_versions ... ok
verify / linux	UNKNOWN STEP	2026-09-27T07:24:29.2439365Z test sync::engine::kopia_parse::tests::every_identity_snapshot_of_one_game_is_found_not_just_the_newest ... ok
verify / linux	UNKNOWN STEP	2026-09-27T07:24:29.2440683Z test sync::engine::kopia_parse::tests::identity_snapshots_are_never_counted_as_versions ... ok
verify / linux	UNKNOWN STEP	2026-09-27T07:24:29.2443491Z test sync::engine::kopia_parse::tests::only_snapshots_we_named_ourselves_are_ours ... ok
verify / linux	UNKNOWN STEP	2026-09-27T07:24:29.2446377Z test sync::engine::tests::a_real_kopia_repository_is_visible_from_another_machine ... ignored, 需要真 kopia：设 KOTORI_KOPIA 指向它再跑 --ignored
verify / linux	UNKNOWN STEP	2026-09-27T07:24:29.2448754Z test sync::engine::tests::a_real_kopia_repository_keeps_the_identity_card_beside_the_saves ... ignored, 需要真 kopia：设 KOTORI_KOPIA 指向它再跑 --ignored
verify / linux	UNKNOWN STEP	2026-09-27T07:24:29.2450667Z test sync::engine::tests::a_real_kopia_repository_keeps_two_games_apart ... ignored, 需要真 kopia：设 KOTORI_KOPIA 指向它再跑 --ignored
verify / linux	UNKNOWN STEP	2026-09-27T07:24:29.2452602Z test sync::engine::tests::a_real_kopia_repository_round_trips_a_save ... ignored, 需要真 kopia：设 KOTORI_KOPIA 指向它再跑 --ignored
verify / linux	UNKNOWN STEP	2026-09-27T07:24:29.2454014Z test sync::engine::kopia_parse::tests::version_infos_carry_the_size_and_the_moment_of_each_version ... ok
verify / linux	UNKNOWN STEP	2026-09-27T07:24:29.2455493Z test sync::engine::tests::the_backend_is_whichever_engine_the_settings_name ... ok
verify / linux	UNKNOWN STEP	2026-09-27T07:24:29.2456541Z test sync::executables::tests::a_directory_or_a_file_both_point_at_the_program ... ok
verify / linux	UNKNOWN STEP	2026-09-27T07:24:29.2457569Z test sync::executables::tests::a_configured_path_with_nothing_in_it_says_so ... ok
verify / linux	UNKNOWN STEP	2026-09-27T07:24:29.2458497Z test sync::executables::tests::a_windows_style_name_is_found_too ... ok
verify / linux	UNKNOWN STEP	2026-09-27T07:24:29.2459349Z test sync::executables::tests::an_empty_setting_is_not_a_location ... ok
verify / linux	UNKNOWN STEP	2026-09-27T07:24:29.2460372Z test sync::executables::tests::a_program_beside_kotori_is_found_with_or_without_the_exe_suffix ... ok
verify / linux	UNKNOWN STEP	2026-09-27T07:24:29.2461466Z test sync::fingerprint::tests::a_file_that_cannot_be_read_has_no_fingerprint ... ok
verify / linux	UNKNOWN STEP	2026-09-27T07:24:29.2462588Z test sync::executables::tests::nothing_beside_kotori_means_none ... ok
verify / linux	UNKNOWN STEP	2026-09-27T07:24:29.2463554Z test sync::fingerprint::tests::the_fingerprint_says_what_it_is_and_how_big ... ok
verify / linux	UNKNOWN STEP	2026-09-27T07:24:29.2464692Z test sync::fingerprint::tests::filling_missing_fingerprints_touches_only_the_ones_without_one ... ok
verify / linux	UNKNOWN STEP	2026-09-27T07:24:29.2466233Z test sync::index::index_tests::a_bundle_merges_its_deltas_and_remembers_what_it_swallowed ... ok
verify / linux	UNKNOWN STEP	2026-09-27T07:24:29.2467059Z test sync::index::index_tests::a_delta_is_a_whole_index_without_any_merge_history ... ok
verify / linux	UNKNOWN STEP	2026-09-27T07:24:29.2467661Z test sync::index::index_tests::a_fingerprint_finds_its_entry_and_says_how_many_it_found ... ok
verify / linux	UNKNOWN STEP	2026-09-27T07:24:29.2468456Z test sync::index::index_tests::a_later_write_does_not_erase_the_other_machines_record ... ok
verify / linux	UNKNOWN STEP	2026-09-27T07:24:29.2469665Z test sync::index::index_tests::a_multibyte_delta_name_is_rejected_instead_of_panicking ... ok
verify / linux	UNKNOWN STEP	2026-09-27T07:24:29.2470529Z test sync::index::index_tests::absorbing_deltas_reports_what_it_swallowed ... ok
verify / linux	UNKNOWN STEP	2026-09-27T07:24:29.2471045Z test sync::index::index_tests::an_unknown_format_version_is_not_guessed_at ... ok
verify / linux	UNKNOWN STEP	2026-09-27T07:24:29.2471652Z test sync::index::index_tests::every_timestamp_is_the_same_width_so_string_order_is_time_order ... ok
verify / linux	UNKNOWN STEP	2026-09-27T07:24:29.2472710Z test sync::index::index_tests::merging_keeps_one_entry_per_identity_and_lets_the_newer_one_win ... ok
verify / linux	UNKNOWN STEP	2026-09-27T07:24:29.2473863Z test sync::index::index_tests::only_our_own_format_counts_as_supported ... ok
verify / linux	UNKNOWN STEP	2026-09-27T07:24:29.2474823Z test secrets::tests::an_encrypted_file_wins_over_a_running_keyring ... ok
verify / linux	UNKNOWN STEP	2026-09-27T07:24:29.2475811Z test sync::index_cache::tests::a_cache_holding_a_future_index_format_is_not_served ... ok
verify / linux	UNKNOWN STEP	2026-09-27T07:24:29.2476854Z test sync::index_cache::tests::a_cached_index_round_trips_with_its_signature ... ok
verify / linux	UNKNOWN STEP	2026-09-27T07:24:29.2479373Z test sync::index_cache::tests::a_broken_or_unknown_cache_is_treated_as_missing ... ok
verify / linux	UNKNOWN STEP	2026-09-27T07:24:29.2480699Z test sync::index_cache::tests::an_empty_cloud_is_remembered_too ... ok
verify / linux	UNKNOWN STEP	2026-09-27T07:24:29.2481963Z test sync::index_cache::tests::another_target_never_reads_this_target_s_cache ... ok
verify / linux	UNKNOWN STEP	2026-09-27T07:24:29.2483641Z test sync::matching::tests::any_of_the_fingerprints_counts_as_a_hit ... ok
verify / linux	UNKNOWN STEP	2026-09-27T07:24:29.2484901Z test sync::matching::tests::owners_count_identities_not_machines ... ok
verify / linux	UNKNOWN STEP	2026-09-27T07:24:29.2486107Z test sync::matching::tests::shared_parents_counts_the_overlap ... ok
verify / linux	UNKNOWN STEP	2026-09-27T07:24:29.2487284Z test sync::matching::tests::the_strongest_likeness_wins ... ok
verify / linux	UNKNOWN STEP	2026-09-27T07:24:29.2488573Z test sync::pairing::tests::a_likeness_that_is_not_a_fingerprint_always_asks ... ok
verify / linux	UNKNOWN STEP	2026-09-27T07:24:29.2489616Z test sync::pairing::tests::a_local_game_already_claimed_elsewhere_is_not_stolen ... ok
verify / linux	UNKNOWN STEP	2026-09-27T07:24:29.2490835Z test sync::pairing::tests::a_rejected_pairing_is_never_suggested_again ... ok
verify / linux	UNKNOWN STEP	2026-09-27T07:24:29.2491961Z test sync::pairing::tests::an_identity_already_bound_stays_bound ... ok
verify / linux	UNKNOWN STEP	2026-09-27T07:24:29.2493661Z test sync::pairing::tests::one_fingerprint_hit_binds_itself_and_two_ask ... ok
verify / linux	UNKNOWN STEP	2026-09-27T07:24:29.2494917Z test sync::pairing::tests::one_identity_seen_by_two_machines_is_still_one_identity ... ok
verify / linux	UNKNOWN STEP	2026-09-27T07:24:29.2496063Z test sync::rclone_args::tests::a_transfer_is_one_object_each_way ... ok
verify / linux	UNKNOWN STEP	2026-09-27T07:24:29.2497172Z test sync::rclone_args::tests::listing_asks_for_files_only_and_deleting_names_one_object ... ok
verify / linux	UNKNOWN STEP	2026-09-27T07:24:29.2497765Z test sync::rclone_env::tests::an_endpoint_override_reaches_rclone_verbatim ... ok
verify / linux	UNKNOWN STEP	2026-09-27T07:24:29.2498339Z test sync::rclone_env::tests::credentials_travel_in_the_environment_not_a_file ... ok
verify / linux	UNKNOWN STEP	2026-09-27T07:24:29.2498891Z test sync::remote_paths::tests::a_parent_dir_is_the_second_to_last_segment ... ok
verify / linux	UNKNOWN STEP	2026-09-27T07:24:29.2499408Z test sync::remote_paths::tests::remote_paths_are_built_from_the_prefix ... ok
verify / linux	UNKNOWN STEP	2026-09-27T07:24:29.2499895Z test sync::remote_paths::tests::save_keys_are_stable_and_readable ... ok
verify / linux	UNKNOWN STEP	2026-09-27T07:24:29.2701261Z test sync::fingerprint::tests::the_two_megabyte_boundary_does_not_double_count_bytes ... ok
verify / linux	UNKNOWN STEP	2026-09-27T07:24:29.4423257Z test sync::runner::identity::tests::a_first_upload_mints_one_identity_and_writes_the_card ... ok
verify / linux	UNKNOWN STEP	2026-09-27T07:24:29.4589957Z test sync::runner::identity::tests::a_directory_taken_by_another_identity_gets_a_suffix_not_a_second_helping ... ok
verify / linux	UNKNOWN STEP	2026-09-27T07:24:29.4612912Z test sync::runner::identity::tests::a_claimed_identity_is_sticky_even_when_the_fingerprint_changes ... ok
verify / linux	UNKNOWN STEP	2026-09-27T07:24:29.4614418Z test sync::runner::index_tests::a_delta_name_that_carries_a_slash_never_lands_in_the_bucket ... ok
verify / linux	UNKNOWN STEP	2026-09-27T07:24:29.4756320Z test sync::runner::identity::tests::a_second_machine_adopts_the_identity_its_fingerprint_points_at ... ok
verify / linux	UNKNOWN STEP	2026-09-27T07:24:29.4902876Z test sync::runner::index_tests::an_index_that_was_never_written_reads_as_nothing_at_all ... ok
verify / linux	UNKNOWN STEP	2026-09-27T07:24:29.4911428Z test sync::runner::index_tests::a_stray_object_in_the_log_directory_is_never_read ... ok
verify / linux	UNKNOWN STEP	2026-09-27T07:24:29.4913737Z test sync::runner::index_tests::the_bundle_view_is_the_union_of_the_snapshot_and_its_deltas ... ok
verify / linux	UNKNOWN STEP	2026-09-27T07:24:29.5080095Z test sync::runner::index_tests::a_corrupt_index_is_treated_as_missing_and_can_be_rebuilt ... ok
verify / linux	UNKNOWN STEP	2026-09-27T07:24:29.5155970Z test sync::runner::index_tests::one_machine_writes_the_index_and_another_reads_it_without_touching_any_card ... ok
verify / linux	UNKNOWN STEP	2026-09-27T07:24:29.5194393Z test sync::runner::pull::tests::a_game_the_cloud_has_never_seen_is_not_an_error ... ok
verify / linux	UNKNOWN STEP	2026-09-27T07:24:29.5267077Z test sync::runner::pull::tests::a_location_the_package_does_not_cover_is_reported_separately ... ok
verify / linux	UNKNOWN STEP	2026-09-27T07:24:29.5313997Z test daemon::sync_rpc::tests::sync_status_does_not_hold_the_config_lock_across_its_await ... ok
verify / linux	UNKNOWN STEP	2026-09-27T07:24:29.5343517Z test sync::runner::index_tests::the_union_keeps_what_each_machine_knows_about_the_same_game ... ok
verify / linux	UNKNOWN STEP	2026-09-27T07:24:29.5354328Z test sync::runner::pull::tests::a_package_that_cannot_be_fetched_says_so_instead_of_pretending_there_is_none ... ok
verify / linux	UNKNOWN STEP	2026-09-27T07:24:29.5412054Z test sync::runner::pull::tests::a_pull_before_this_machine_claimed_an_identity_is_skipped ... ok
verify / linux	UNKNOWN STEP	2026-09-27T07:24:29.5437098Z test sync::runner::pull::tests::a_pull_from_another_identity_touches_nothing ... ok
verify / linux	UNKNOWN STEP	2026-09-27T07:24:29.5452834Z test sync::runner::pull::tests::a_pull_brings_back_files_the_cloud_has_newer_versions_of ... ok
verify / linux	UNKNOWN STEP	2026-09-27T07:24:29.5483207Z test sync::runner::restore::tests::a_bogus_version_name_is_refused_before_anything_is_touched ... ok
verify / linux	UNKNOWN STEP	2026-09-27T07:24:29.5504088Z test sync::runner::pull::tests::a_pull_refuses_a_package_without_any_identity ... ok
verify / linux	UNKNOWN STEP	2026-09-27T07:24:29.5518647Z test sync::runner::pull::tests::a_pull_takes_the_newest_package_and_leaves_newer_local_files_alone ... ok
verify / linux	UNKNOWN STEP	2026-09-27T07:24:29.5568567Z test sync::runner::restore::tests::restoring_another_identity_is_refused_and_touches_nothing ... ok
verify / linux	UNKNOWN STEP	2026-09-27T07:24:29.5570454Z test sync::runner::restore::tests::extra_local_files_are_listed_and_never_deleted ... ok
verify / linux	UNKNOWN STEP	2026-09-27T07:24:29.5588312Z test sync::runner::restore::tests::restoring_lays_the_package_down_over_whatever_is_local ... ok
verify / linux	UNKNOWN STEP	2026-09-27T07:24:29.5659157Z test sync::runner::restore::tests::retention_only_ever_deletes_our_own_old_packages ... ok
verify / linux	UNKNOWN STEP	2026-09-27T07:24:29.5675673Z test sync::runner::staging::tests::stale_stage_directories_are_swept_and_others_are_left_alone ... ok
verify / linux	UNKNOWN STEP	2026-09-27T07:24:29.5677299Z test sync::runner::staging::tests::sweeping_a_directory_that_was_never_created_is_not_an_error ... ok
verify / linux	UNKNOWN STEP	2026-09-27T07:24:29.5723220Z test sync::runner::restore::tests::retention_keeps_everything_unless_the_user_asked_otherwise ... ok
verify / linux	UNKNOWN STEP	2026-09-27T07:24:29.5743686Z test sync::runner::restore::tests::restoring_without_a_version_takes_the_newest_package ... ok
verify / linux	UNKNOWN STEP	2026-09-27T07:24:29.5745179Z test sync::runner::tests::a_missing_endpoint_means_rclone_picks_one ... ok
verify / linux	UNKNOWN STEP	2026-09-27T07:24:29.5746306Z test sync::runner::tests::a_disabled_sync_config_is_refused ... ok
verify / linux	UNKNOWN STEP	2026-09-27T07:24:29.5747520Z test sync::runner::tests::missing_credentials_stop_the_run_before_rclone_is_started ... ok
verify / linux	UNKNOWN STEP	2026-09-27T07:24:29.5748851Z test sync::runner::tests::credentials_reach_rclone_through_the_environment_only ... ok
verify / linux	UNKNOWN STEP	2026-09-27T07:24:29.5791936Z test sync::runner::upload::tests::a_failed_transfer_is_named_and_leaves_the_old_packages_alone ... ok
verify / linux	UNKNOWN STEP	2026-09-27T07:24:29.5819206Z test sync::runner::tests::the_scratch_directory_is_cleaned_up_even_after_a_failure ... ok
verify / linux	UNKNOWN STEP	2026-09-27T07:24:29.5820813Z test sync::runner::upload::tests::a_location_that_does_not_exist_locally_is_reported_not_ignored ... ok
verify / linux	UNKNOWN STEP	2026-09-27T07:24:29.5837452Z test sync::runner::tests::the_newest_package_is_the_largest_name ... ok
verify / linux	UNKNOWN STEP	2026-09-27T07:24:29.5845404Z test sync::runner::index_tests::two_machines_writing_at_once_never_lose_an_entry ... ok
verify / linux	UNKNOWN STEP	2026-09-27T07:24:29.5864632Z test sync::save_targets::tests::save_locations_resolve_to_this_machines_directories ... ok
verify / linux	UNKNOWN STEP	2026-09-27T07:24:29.5877985Z test sync::save_targets::tests::syncing_the_filesystem_root_is_refused ... ok
verify / linux	UNKNOWN STEP	2026-09-27T07:24:29.5879210Z test sync::save_targets::tests::two_locations_sharing_a_cloud_key_are_refused ... ok
verify / linux	UNKNOWN STEP	2026-09-27T07:24:29.5880553Z test sync::selfcheck::tests::a_confirmation_without_an_identity_does_not_count ... ok
verify / linux	UNKNOWN STEP	2026-09-27T07:24:29.5881987Z test sync::selfcheck::tests::a_confirmed_game_is_not_scanned_again ... ok
verify / linux	UNKNOWN STEP	2026-09-27T07:24:29.5883952Z test sync::selfcheck::tests::a_fingerprint_hit_wins_over_an_unrelated_conclusion ... ok
verify / linux	UNKNOWN STEP	2026-09-27T07:24:29.5885288Z test sync::selfcheck::tests::a_game_that_answered_new_is_not_asked_again_nor_scanned ... ok
verify / linux	UNKNOWN STEP	2026-09-27T07:24:29.5886590Z test sync::selfcheck::tests::a_game_whose_switch_is_off_is_never_asked_about ... ok
verify / linux	UNKNOWN STEP	2026-09-27T07:24:29.5887845Z test sync::selfcheck::tests::a_game_without_a_fingerprint_is_asked_instead_of_guessed ... ok
verify / linux	UNKNOWN STEP	2026-09-27T07:24:29.5889241Z test sync::selfcheck::tests::another_target_makes_the_conclusion_stale_and_the_fingerprint_decides ... ok
verify / linux	UNKNOWN STEP	2026-09-27T07:24:29.5890678Z test sync::selfcheck::tests::many_hits_ask_once_and_carry_the_best_one ... ok
verify / linux	UNKNOWN STEP	2026-09-27T07:24:29.5891761Z test sync::selfcheck::tests::no_target_means_nothing_to_do ... ok
verify / linux	UNKNOWN STEP	2026-09-27T07:24:29.5893329Z test sync::selfcheck::tests::re_enabling_a_game_that_was_switched_off_creates_a_new_identity_silently ... ok
verify / linux	UNKNOWN STEP	2026-09-27T07:24:29.5894942Z test sync::signature::tests::a_conclusion_round_trips_and_keeps_its_kind ... ok
verify / linux	UNKNOWN STEP	2026-09-27T07:24:29.5896165Z test sync::signature::tests::a_target_without_a_bucket_has_no_signature ... ok
verify / linux	UNKNOWN STEP	2026-09-27T07:24:29.5897417Z test sync::signature::tests::engine_bucket_and_prefix_are_all_part_of_the_target ... ok
verify / linux	UNKNOWN STEP	2026-09-27T07:24:29.5898796Z test sync::signature::tests::the_same_target_written_differently_has_the_same_signature ... ok
verify / linux	UNKNOWN STEP	2026-09-27T07:24:29.5900089Z test sync::snapshots::tests::a_stamp_turns_into_the_moment_it_names ... ok
verify / linux	UNKNOWN STEP	2026-09-27T07:24:29.5901274Z test sync::snapshots::tests::retention_ignores_anything_that_is_not_a_snapshot ... ok
verify / linux	UNKNOWN STEP	2026-09-27T07:24:29.5903001Z test sync::snapshots::tests::retention_keeps_everything_by_default ... ok
verify / linux	UNKNOWN STEP	2026-09-27T07:24:29.5904286Z test sync::snapshots::tests::retention_removes_only_the_oldest_snapshots ... ok
verify / linux	UNKNOWN STEP	2026-09-27T07:24:29.5905638Z test sync::snapshots::tests::two_uploads_in_the_same_second_are_still_ordered ... ok
verify / linux	UNKNOWN STEP	2026-09-27T07:24:29.5906960Z test sync::runner::upload::tests::upload_sends_the_whole_game_as_one_package ... ok
verify / linux	UNKNOWN STEP	2026-09-27T07:24:29.5908625Z test sync::runner::upload::tests::one_missing_location_does_not_hold_back_the_others ... ok
verify / linux	UNKNOWN STEP	2026-09-27T07:24:29.5909867Z test sync::snapshots::tests::version_stamps_sort_chronologically ... ok
verify / linux	UNKNOWN STEP	2026-09-27T07:24:29.5911005Z test sync::validate::tests::refuses_incomplete_settings ... ok
verify / linux	UNKNOWN STEP	2026-09-27T07:24:29.5912098Z test sync::versions::tests::lsjson_becomes_versions_with_their_sizes ... ok
verify / linux	UNKNOWN STEP	2026-09-27T07:24:29.5913731Z test sync::versions::tests::strangers_in_the_bucket_are_never_shown_as_versions ... ok
verify / linux	UNKNOWN STEP	2026-09-27T07:24:29.5914932Z test ui::app::tests::a_late_save_never_touches_another_games_draft ... ok
verify / linux	UNKNOWN STEP	2026-09-27T07:24:29.5916128Z test ui::app::tests::a_late_status_reply_never_eats_what_the_user_typed ... ok
verify / linux	UNKNOWN STEP	2026-09-27T07:24:29.5917376Z test ui::app::tests::a_service_that_is_alive_again_clears_the_stopped_flag ... ok
verify / linux	UNKNOWN STEP	2026-09-27T07:24:29.5918647Z test ui::app::tests::an_inferred_mount_lands_in_the_add_form ... ok
verify / linux	UNKNOWN STEP	2026-09-27T07:24:29.5919757Z test ui::app::tests::an_inferred_mount_lands_in_the_draft_without_saving ... ok
verify / linux	UNKNOWN STEP	2026-09-27T07:24:29.5920991Z test ui::app::tests::an_unsaved_path_edit_is_dropped_when_leaving_the_page ... ok
verify / linux	UNKNOWN STEP	2026-09-27T07:24:29.5922556Z test ui::app::tests::picking_an_engine_submits_it_in_the_same_click ... ok
verify / linux	UNKNOWN STEP	2026-09-27T07:24:29.5923761Z test ui::app::tests::saving_consumes_the_secrets_it_was_given_and_no_more ... ok
verify / linux	UNKNOWN STEP	2026-09-27T07:24:29.5925043Z test ui::app::tests::stopping_the_service_by_hand_is_not_undone_by_the_ui ... ok
verify / linux	UNKNOWN STEP	2026-09-27T07:24:29.5926289Z test ui::app::tests::switching_games_mid_save_still_persists_the_new_edits ... ok
verify / linux	UNKNOWN STEP	2026-09-27T07:24:29.5927524Z test ui::app::tests::switching_the_engine_leaves_unsaved_edits_alone ... ok
verify / linux	UNKNOWN STEP	2026-09-27T07:24:29.5928774Z test ui::app::tests::the_path_button_sends_the_path_group ... ok
verify / linux	UNKNOWN STEP	2026-09-27T07:24:29.5929815Z test ui::app::tests::the_latest_edit_is_the_one_that_gets_saved ... ok
verify / linux	UNKNOWN STEP	2026-09-27T07:24:29.5931024Z test ui::app::tests_detail::a_late_wine_status_reply_does_not_clobber_a_typed_prefix ... ok
verify / linux	UNKNOWN STEP	2026-09-27T07:24:29.5932641Z test ui::app::tests::the_run_button_stops_a_running_game_instead_of_launching_it_again ... ok
verify / linux	UNKNOWN STEP	2026-09-27T07:24:29.5933961Z test ui::app::tests_detail::a_pick_request_says_what_kind_of_thing_it_wants ... ok
verify / linux	UNKNOWN STEP	2026-09-27T07:24:29.5935295Z test ui::app::tests_detail::a_picked_path_lands_on_its_own_field_and_asks_where_the_disk_is ... ok
verify / linux	UNKNOWN STEP	2026-09-27T07:24:29.5936805Z test ui::app::tests_detail::an_empty_name_and_dir_are_filled_in_from_the_exe_on_submit ... ok
verify / linux	UNKNOWN STEP	2026-09-27T07:24:29.5938123Z test ui::app::tests_detail::browsing_for_an_exe_fills_the_dir_and_the_name_too ... ok
verify / linux	UNKNOWN STEP	2026-09-27T07:24:29.5939374Z test ui::app::tests_detail::browsing_is_refused_when_the_machine_has_no_dialog ... ok
verify / linux	UNKNOWN STEP	2026-09-27T07:24:29.5940649Z test ui::app::tests_detail::deleting_a_credential_takes_effect_at_once_and_says_so ... ok
verify / linux	UNKNOWN STEP	2026-09-27T07:24:29.5941984Z test ui::app::tests_detail::deleting_the_master_file_needs_the_confirmation_it_asked_for ... ok
verify / linux	UNKNOWN STEP	2026-09-27T07:24:29.5944134Z test ui::app::tests_detail::nothing_is_saved_while_only_memory_is_available ... ok
verify / linux	UNKNOWN STEP	2026-09-27T07:24:29.5945496Z test ui::app::tests_detail::testing_the_connection_says_something_right_away ... ok
verify / linux	UNKNOWN STEP	2026-09-27T07:24:29.5946695Z test ui::app::tests_detail::reset_goes_back_to_the_stored_settings ... ok
verify / linux	UNKNOWN STEP	2026-09-27T07:24:29.5947855Z test ui::app::tests_detail::the_followed_process_name_is_part_of_the_draft ... ok
verify / linux	UNKNOWN STEP	2026-09-27T07:24:29.5949091Z test ui::backend::tests::an_unrelated_failure_is_not_a_graphics_failure ... ok
verify / linux	UNKNOWN STEP	2026-09-27T07:24:29.5950414Z test ui::app::tests_detail::the_save_message_names_the_store_that_actually_holds_the_credentials ... ok
verify / linux	UNKNOWN STEP	2026-09-27T07:24:29.5951722Z test ui::backend::tests::the_opengl_failure_we_actually_hit_is_recognised ... ok
verify / linux	UNKNOWN STEP	2026-09-27T07:24:29.5953155Z test ui::model::add::tests::a_hand_picked_row_wins_over_the_fingerprint_hit ... ok
verify / linux	UNKNOWN STEP	2026-09-27T07:24:29.5954244Z test ui::model::add::tests::a_late_answer_is_thrown_away ... ok
verify / linux	UNKNOWN STEP	2026-09-27T07:24:29.5955476Z test ui::model::add::tests::a_missing_index_and_an_empty_cloud_say_different_things ... ok
verify / linux	UNKNOWN STEP	2026-09-27T07:24:29.5956940Z test ui::model::add::tests::a_single_hit_is_chosen_for_the_user ... ok
verify / linux	UNKNOWN STEP	2026-09-27T07:24:29.5957989Z test ui::model::add::tests::declining_means_no_binding_until_the_user_changes_their_mind ... ok
verify / linux	UNKNOWN STEP	2026-09-27T07:24:29.5958713Z test ui::model::add::tests::resetting_clears_everything ... ok
verify / linux	UNKNOWN STEP	2026-09-27T07:24:29.5959669Z test ui::model::add::tests::picking_by_hand_binds_even_when_the_fingerprint_matched_nothing ... ok
verify / linux	UNKNOWN STEP	2026-09-27T07:24:29.5961047Z test ui::model::add::tests::the_decline_button_only_makes_sense_when_there_is_a_candidate ... ok
verify / linux	UNKNOWN STEP	2026-09-27T07:24:29.5962874Z test ui::model::add::tests::several_hits_are_never_guessed ... ok
verify / linux	UNKNOWN STEP	2026-09-27T07:24:29.5963668Z test ui::model::add::tests::typing_waits_and_only_the_last_edit_asks ... ok
verify / linux	UNKNOWN STEP	2026-09-27T07:24:29.5964206Z test ui::model::cloud::cloud_tests::a_failed_delete_changes_nothing ... ok
verify / linux	UNKNOWN STEP	2026-09-27T07:24:29.5965096Z test ui::model::cloud::cloud_tests::a_late_reply_never_lands_under_the_wrong_game ... ok
verify / linux	UNKNOWN STEP	2026-09-27T07:24:29.5965973Z test ui::model::cloud::cloud_tests::a_new_board_is_quiet_and_not_red ... ok
verify / linux	UNKNOWN STEP	2026-09-27T07:24:29.5966777Z test ui::model::cloud::cloud_tests::a_version_deleted_one_level_down_is_reflected_here ... ok
verify / linux	UNKNOWN STEP	2026-09-27T07:24:29.5967950Z test ui::model::cloud::cloud_tests::each_row_says_how_many_versions_and_where_the_machine_stands ... ok
verify / linux	UNKNOWN STEP	2026-09-27T07:24:29.5969102Z test ui::model::cloud::cloud_tests::refreshing_closes_whatever_was_open ... ok
verify / linux	UNKNOWN STEP	2026-09-27T07:24:29.5970091Z test ui::model::cloud::cloud_tests::search_matches_the_name_the_key_and_the_exe_path ... ok
verify / linux	UNKNOWN STEP	2026-09-27T07:24:29.5971107Z test ui::model::cloud::cloud_tests::sizes_are_written_the_way_people_read_them ... ok
verify / linux	UNKNOWN STEP	2026-09-27T07:24:29.5972060Z test ui::model::cloud::cloud_tests::the_reply_says_when_this_list_was_fetched ... ok
verify / linux	UNKNOWN STEP	2026-09-27T07:24:29.5973269Z test ui::model::cloud::cloud_tests::the_two_whole_game_deletes_fix_the_local_table_too ... ok
verify / linux	UNKNOWN STEP	2026-09-27T07:24:29.5974285Z test ui::model::cloud_label::tests::a_missing_name_falls_back_to_the_short_id ... ok
verify / linux	UNKNOWN STEP	2026-09-27T07:24:29.5975286Z test sync::runner::upload::tests::retention_only_ever_deletes_our_own_old_packages ... ok
verify / linux	UNKNOWN STEP	2026-09-27T07:24:29.5976324Z test ui::model::cloud_label::tests::the_summary_lists_what_the_index_knows ... ok
verify / linux	UNKNOWN STEP	2026-09-27T07:24:29.5977159Z test ui::model::cloud_pick::tests::an_empty_list_never_looks_like_an_empty_cloud ... ok
verify / linux	UNKNOWN STEP	2026-09-27T07:24:29.5977721Z test ui::model::cloud_pick::tests::opening_again_starts_from_a_clean_slate ... ok
verify / linux	UNKNOWN STEP	2026-09-27T07:24:29.5978436Z test ui::model::cloud_pick::tests::picking_goes_by_cloud_id_and_closes_the_sheet ... ok
verify / linux	UNKNOWN STEP	2026-09-27T07:24:29.5979485Z test ui::model::cloud_pick::tests::the_query_filters_the_snapshot_and_says_what_it_hid ... ok
verify / linux	UNKNOWN STEP	2026-09-27T07:24:29.5980592Z test ui::model::cloud_version::tests::a_failed_delete_keeps_the_page_open_and_says_why ... ok
verify / linux	UNKNOWN STEP	2026-09-27T07:24:29.5981852Z test ui::model::cloud_version::tests::a_successful_delete_closes_the_page_and_hands_the_version_back ... ok
verify / linux	UNKNOWN STEP	2026-09-27T07:24:29.5983599Z test ui::model::confirm::tests::each_action_says_what_it_does_and_to_whom ... ok
verify / linux	UNKNOWN STEP	2026-09-27T07:24:29.5984580Z test ui::model::cloud_version::tests::deleting_waits_for_the_second_click ... ok
verify / linux	UNKNOWN STEP	2026-09-27T07:24:29.5985649Z test ui::model::cloud_version::tests::opening_a_version_clears_whatever_the_last_one_left_behind ... ok
verify / linux	UNKNOWN STEP	2026-09-27T07:24:29.5987232Z test ui::model::confirm::tests::the_count_line_disappears_when_there_is_nothing_to_count ... ok
verify / linux	UNKNOWN STEP	2026-09-27T07:24:29.5988598Z test ui::model::game::tests::a_mount_needs_a_disk_and_may_have_an_empty_relative ... ok
verify / linux	UNKNOWN STEP	2026-09-27T07:24:29.5989861Z test ui::model::game::tests::draft_seeds_exe_and_detects_changes ... ok
verify / linux	UNKNOWN STEP	2026-09-27T07:24:29.5991074Z test ui::model::game::tests::the_path_group_notices_a_reference_edit_only ... ok
verify / linux	UNKNOWN STEP	2026-09-27T07:24:29.5992497Z test ui::model::picker::tests::picking_uses_the_filtered_index ... ok
verify / linux	UNKNOWN STEP	2026-09-27T07:24:29.5993685Z test ui::model::picker::tests::opening_again_starts_from_a_clean_slate ... ok
verify / linux	UNKNOWN STEP	2026-09-27T07:24:29.5994939Z test ui::model::sync::tests::switching_the_engine_names_the_one_that_becomes_invisible ... ok
verify / linux	UNKNOWN STEP	2026-09-27T07:24:29.5996467Z test ui::model::picker::tests::the_query_matches_every_clue_and_says_what_it_hid ... ok
verify / linux	UNKNOWN STEP	2026-09-27T07:24:29.5997705Z test ui::model::sync::tests::the_form_patches_exactly_the_keys_the_config_has ... ok
verify / linux	UNKNOWN STEP	2026-09-27T07:24:29.5998812Z test ui::model::sync::tests::the_sync_form_seeds_from_settings_and_never_from_secrets ... ok
verify / linux	UNKNOWN STEP	2026-09-27T07:24:29.5999601Z test ui::model::versions::tests::a_replace_waits_for_the_second_click_and_can_be_called_off ... ok
verify / linux	UNKNOWN STEP	2026-09-27T07:24:29.6000479Z test ui::model::versions::tests::clearing_or_forgetting_empties_the_list_but_a_failure_changes_nothing ... ok
verify / linux	UNKNOWN STEP	2026-09-27T07:24:29.6001326Z test ui::model::versions::tests::confirming_hands_over_that_one_version_and_shows_the_outcome_here ... ok
verify / linux	UNKNOWN STEP	2026-09-27T07:24:29.6002088Z test ui::model::versions::tests::opening_clears_whatever_the_last_one_left_behind ... ok
verify / linux	UNKNOWN STEP	2026-09-27T07:24:29.6004438Z test ui::model::versions::tests::deleting_one_version_takes_exactly_that_row_out_of_the_list ... ok
verify / linux	UNKNOWN STEP	2026-09-27T07:24:29.6005377Z test ui::model::versions::tests::leaving_the_page_takes_the_dialog_with_it ... ok
verify / linux	UNKNOWN STEP	2026-09-27T07:24:29.6005903Z test ui::model::versions::tests::the_newest_version_is_listed_first ... ok
verify / linux	UNKNOWN STEP	2026-09-27T07:24:29.6006416Z test ui::parse::cloud::tests::a_match_reply_carries_the_key_the_binding_needs ... ok
verify / linux	UNKNOWN STEP	2026-09-27T07:24:29.6007068Z test ui::parse::cloud::tests::the_cloud_list_keeps_the_cloud_name_and_the_local_side_apart ... ok
verify / linux	UNKNOWN STEP	2026-09-27T07:24:29.6007643Z test ui::parse::cloud::tests::versions_come_back_with_their_size_and_time ... ok
verify / linux	UNKNOWN STEP	2026-09-27T07:24:29.6008211Z test ui::parse::environment::tests::a_missing_required_dependency_is_named_in_the_summary ... ok
verify / linux	UNKNOWN STEP	2026-09-27T07:24:29.6008809Z test ui::parse::environment::tests::an_unknown_state_is_read_as_missing_not_as_fine ... ok
verify / linux	UNKNOWN STEP	2026-09-27T07:24:29.6009339Z test ui::parse::games::tests::malformed_and_empty_response_are_errors ... ok
verify / linux	UNKNOWN STEP	2026-09-27T07:24:29.6009915Z test ui::parse::environment::tests::the_environment_report_keeps_its_wording_in_rust ... ok
verify / linux	UNKNOWN STEP	2026-09-27T07:24:29.6010476Z test ui::parse::games::tests::missing_optional_fields_fall_back_safely ... ok
verify / linux	UNKNOWN STEP	2026-09-27T07:24:29.6010940Z test ui::parse::games::tests::parses_the_full_scale_profile ... ok
verify / linux	UNKNOWN STEP	2026-09-27T07:24:29.6011413Z test ui::parse::games::tests::parses_watch_mode_and_save_paths_from_the_daemon ... ok
verify / linux	UNKNOWN STEP	2026-09-27T07:24:29.6011932Z test ui::parse::games::tests::open_then_save_preserves_stored_values ... ok
verify / linux	UNKNOWN STEP	2026-09-27T07:24:29.6013186Z test ui::parse::games::tests::search_matches_name_and_path_case_insensitively ... ok
verify / linux	UNKNOWN STEP	2026-09-27T07:24:29.6013799Z test ui::parse::games::tests::unit_variant_algorithms_survive_a_load_save_cycle ... ok
verify / linux	UNKNOWN STEP	2026-09-27T07:24:29.6014403Z test ui::parse::process::tests::a_process_list_becomes_rows_and_missing_paths_are_just_empty ... ok
verify / linux	UNKNOWN STEP	2026-09-27T07:24:29.6015023Z test ui::parse::process::tests::a_reply_without_the_key_is_an_error_not_an_empty_list ... ok
verify / linux	UNKNOWN STEP	2026-09-27T07:24:29.6015754Z test ui::parse::save_paths::tests::kind_placeholders_teach_each_format ... ok
verify / linux	UNKNOWN STEP	2026-09-27T07:24:29.6016252Z test ui::parse::reconnect::tests::retry_backoff_grows_then_caps ... ok
verify / linux	UNKNOWN STEP	2026-09-27T07:24:29.6016772Z test ui::parse::save_paths::tests::save_paths_round_trip_between_editor_and_daemon ... ok
verify / linux	UNKNOWN STEP	2026-09-27T07:24:29.6017297Z test ui::parse::scale::tests::non_numeric_resolution_is_rejected ... ok
verify / linux	UNKNOWN STEP	2026-09-27T07:24:29.6017775Z test ui::parse::scale::tests::unknown_algorithm_is_rejected_on_save ... ok
verify / linux	UNKNOWN STEP	2026-09-27T07:24:29.6018287Z test ui::parse::scale::tests::the_scaling_ratio_survives_an_open_and_save ... ok
verify / linux	UNKNOWN STEP	2026-09-27T07:24:29.6018779Z test ui::parse::sync::tests::sync_outcomes_are_summarised_for_a_human ... ok
verify / linux	UNKNOWN STEP	2026-09-27T07:24:29.6019217Z test ui::parse::sync::tests::parses_the_sync_status ... ok
verify / linux	UNKNOWN STEP	2026-09-27T07:24:29.6019666Z test ui::parse::sync::tests::the_credentials_section_counts_what_is_stored ... ok
verify / linux	UNKNOWN STEP	2026-09-27T07:24:29.6020107Z test ui::parse::wine::tests::parses_wine_status ... ok
verify / linux	UNKNOWN STEP	2026-09-27T07:24:29.6020567Z test ui::render::detail::tests::an_unknown_algorithm_falls_back_to_the_first_option ... ok
verify / linux	UNKNOWN STEP	2026-09-27T07:24:29.6021229Z test ui::render::games::tests::the_empty_library_says_why_it_is_empty ... ok
verify / linux	UNKNOWN STEP	2026-09-27T07:24:29.6021742Z test ui::render::detail::tests::the_stored_profile_is_what_the_page_resets_to ... ok
verify / linux	UNKNOWN STEP	2026-09-27T07:24:29.6022749Z test ui::render::games::tests::the_library_row_reports_a_live_session_and_the_auto_watch_flag_apart ... ok
verify / linux	UNKNOWN STEP	2026-09-27T07:24:29.6023360Z test ui::render::games::tests::the_ratio_column_shows_digits_and_nothing_else ... ok
verify / linux	UNKNOWN STEP	2026-09-27T07:24:29.6093015Z test ui::render::games::tests::the_subtitle_counts_what_is_shown_and_what_exists ... ok
verify / linux	UNKNOWN STEP	2026-09-27T07:24:29.6094061Z test sync::validate::tests::missing_secrets_are_reported_before_a_run ... ok
verify / linux	UNKNOWN STEP	2026-09-27T07:24:29.6963516Z test ui::render::hit_test::the_cloud_rows_open_their_detail_and_each_version_opens_its_own_page ... ok
verify / linux	UNKNOWN STEP	2026-09-27T07:24:29.7013311Z test ui::render::settings::tests::the_service_line_tells_stopped_by_hand_apart_from_not_running ... ok
verify / linux	UNKNOWN STEP	2026-09-27T07:24:29.7014462Z test ui::render::sync::tests::every_store_gets_its_own_index_and_its_own_name ... ok
verify / linux	UNKNOWN STEP	2026-09-27T07:24:29.7042943Z test ui::render::scroll_test::dragging_the_pointer_scrolls_the_list ... ok
verify / linux	UNKNOWN STEP	2026-09-27T07:24:29.7096063Z test ui::render::tests::the_connection_line_tells_retrying_apart_from_giving_up ... ok
verify / linux	UNKNOWN STEP	2026-09-27T07:24:29.7102963Z test ui::render::hit_test::a_click_lands_on_the_control_under_the_pointer ... ok
verify / linux	UNKNOWN STEP	2026-09-27T07:24:29.7217049Z test ui::render::window_test::cloud::the_ask_dialog_card_holds_its_content ... ok
verify / linux	UNKNOWN STEP	2026-09-27T07:24:29.7313196Z test ui::render::window_test::cloud::the_archive_management_page_renders_and_deletes_through_the_shared_dialog ... ok
verify / linux	UNKNOWN STEP	2026-09-27T07:24:29.7342990Z test ui::render::window_test::cloud::the_confirm_dialog_card_holds_its_content ... ok
verify / linux	UNKNOWN STEP	2026-09-27T07:24:29.7450012Z test ui::render::hit_test::the_identity_row_opens_the_versions_page_but_its_button_still_wins ... ok
verify / linux	UNKNOWN STEP	2026-09-27T07:24:29.7463394Z test ui::render::window_test::versions::a_failed_reading_says_why_on_this_page ... ok
verify / linux	UNKNOWN STEP	2026-09-27T07:24:29.7513272Z test ui::render::window_test::versions::a_failed_delete_leaves_the_list_alone_and_says_which_action_failed ... ok
verify / linux	UNKNOWN STEP	2026-09-27T07:24:29.7871983Z test ui::render::window_test::versions::an_unbound_game_says_it_has_no_identity ... ok
verify / linux	UNKNOWN STEP	2026-09-27T07:24:29.7908523Z test ui::render::window_test::versions::a_game_with_nothing_in_the_cloud_says_so_instead_of_listing_nothing ... ok
verify / linux	UNKNOWN STEP	2026-09-27T07:24:29.7973198Z test ui::render::window_test::versions::a_replace_asks_first_and_cancelling_leaves_nothing_behind ... ok
verify / linux	UNKNOWN STEP	2026-09-27T07:24:29.8383382Z test ui::render::window_test::versions::deleting_one_version_asks_first_then_drops_that_row ... ok
verify / linux	UNKNOWN STEP	2026-09-27T07:24:29.8430851Z test ui::render::window_test::versions::the_cleanup_block_hugs_its_own_title ... ok
verify / linux	UNKNOWN STEP	2026-09-27T07:24:29.8463094Z test ui::tasks::tests::a_relative_directory_without_a_disk_is_refused_locally ... ok
verify / linux	UNKNOWN STEP	2026-09-27T07:24:29.8464413Z test ui::tasks::tests::an_unresolved_empty_exe_does_not_block_saving ... ok
verify / linux	UNKNOWN STEP	2026-09-27T07:24:29.8493042Z test ui::tasks::tests::the_path_patch_carries_only_what_changed ... ok
verify / linux	UNKNOWN STEP	2026-09-27T07:24:29.8493979Z test ui::update::add::autofill_tests::exe_fills_dir_and_name_on_both_platforms ... ok
verify / linux	UNKNOWN STEP	2026-09-27T07:24:29.8523021Z test ui::wire::tests::no_breaks_deletes_instead_of_replacing ... ok
verify / linux	UNKNOWN STEP	2026-09-27T07:24:29.8523909Z test ui::wire::tests::one_line_leaves_no_line_breaks_behind ... ok
verify / linux	UNKNOWN STEP	2026-09-27T07:24:29.8552916Z test util::exec::tests::quiet_leaves_a_std_command_usable ... ok
verify / linux	UNKNOWN STEP	2026-09-27T07:24:29.8553916Z test util::exec::tests::quiet_leaves_a_tokio_command_usable ... ok
verify / linux	UNKNOWN STEP	2026-09-27T07:24:29.8554865Z test util::tests::the_same_file_under_two_spellings_is_one_file ... ok
verify / linux	UNKNOWN STEP	2026-09-27T07:24:29.8555895Z test wine::path_tests::a_path_outside_a_prefix_is_refused_with_a_way_out ... ok
verify / linux	UNKNOWN STEP	2026-09-27T07:24:29.8556993Z test wine::path_tests::a_picked_path_is_expressed_the_most_portable_way_first ... ok
verify / linux	UNKNOWN STEP	2026-09-27T07:24:29.8558100Z test wine::path_tests::a_picked_path_turns_into_the_written_form_and_back ... ok
verify / linux	UNKNOWN STEP	2026-09-27T07:24:29.8559927Z test wine::path_tests::a_real_windows_profile_path_becomes_a_token_too ... ok
verify / linux	UNKNOWN STEP	2026-09-27T07:24:29.8569239Z test ui::render::window_test::versions::the_two_whole_game_cleanups_share_the_same_dialog ... ok
verify / linux	UNKNOWN STEP	2026-09-27T07:24:29.8577737Z test wine::path_tests::infers_the_storage_kind_from_a_bare_path ... ok
verify / linux	UNKNOWN STEP	2026-09-27T07:24:29.8578803Z test wine::path_tests::absolute_paths_stay_put_and_expand_home ... ok
verify / linux	UNKNOWN STEP	2026-09-27T07:24:29.8579943Z test wine::path_tests::picks_the_current_user_directory_first ... ok
verify / linux	UNKNOWN STEP	2026-09-27T07:24:29.8582017Z test wine::path_tests::relative_paths_resolve_against_the_game_root ... ok
verify / linux	UNKNOWN STEP	2026-09-27T07:24:29.8583395Z test wine::path_tests::resolves_tokens_inside_the_prefix ... ok
verify / linux	UNKNOWN STEP	2026-09-27T07:24:29.8584478Z test wine::path_tests::resolves_literal_drive_paths_and_mixed_separators ... ok
verify / linux	UNKNOWN STEP	2026-09-27T07:24:29.8586384Z test wine::path_tests::save_path_accepts_both_config_forms ... ok
verify / linux	UNKNOWN STEP	2026-09-27T07:24:29.8587506Z test wine::path_tests::the_same_token_resolves_on_both_sides_of_a_dual_boot ... ok
verify / linux	UNKNOWN STEP	2026-09-27T07:24:29.8588699Z test wine::path_tests::typed_text_infers_its_kind_like_a_picked_path_would ... ok
verify / linux	UNKNOWN STEP	2026-09-27T07:24:29.8590828Z test wine::path_tests::unknown_tokens_are_reported_not_guessed ... ok
verify / linux	UNKNOWN STEP	2026-09-27T07:24:29.8591927Z test wine::path_tests::windows_only_accepts_portable_drive_paths ... ok
verify / linux	UNKNOWN STEP	2026-09-27T07:24:29.8612998Z test wine::tests::a_missing_wineserver_is_survivable ... ok
verify / linux	UNKNOWN STEP	2026-09-27T07:24:29.8631726Z test wine::tests::closing_a_prefix_names_that_prefix_to_wineserver ... ok
verify / linux	UNKNOWN STEP	2026-09-27T07:24:29.8643057Z test wine::tests::falls_back_to_the_default_prefix ... ok
verify / linux	UNKNOWN STEP	2026-09-27T07:24:29.8653039Z test wine::tests::per_game_prefix_beats_the_global_one ... ok
verify / linux	UNKNOWN STEP	2026-09-27T07:24:29.8654233Z test wine::tests::portable_prefix_inside_the_game_dir_wins_over_the_default ... ok
verify / linux	UNKNOWN STEP	2026-09-27T07:24:29.8655606Z test wine::tests::the_environment_prefix_is_used_when_nothing_else_is ... ok
verify / linux	UNKNOWN STEP	2026-09-27T07:24:29.8658584Z test wine_prefixes::tests::a_missing_file_just_means_nothing_was_recorded ... ok
verify / linux	UNKNOWN STEP	2026-09-27T07:24:29.8659776Z test wine_prefixes::tests::a_prefix_is_only_written_down_once ... ok
verify / linux	UNKNOWN STEP	2026-09-27T07:24:29.8660647Z test wine_prefixes::tests::an_empty_list_runs_no_helper_at_all ... ok
verify / linux	UNKNOWN STEP	2026-09-27T07:24:29.8681856Z test wine_prefixes::tests::the_sweep_closes_what_still_exists_and_skips_what_is_gone ... ok
verify / linux	UNKNOWN STEP	2026-09-27T07:24:29.8836925Z test ui::render::window_test::versions::the_versions_page_lists_the_cloud_copies_with_the_newest_first ... ok
verify / linux	UNKNOWN STEP	2026-09-27T07:24:29.9851640Z test ui::render::window_test::library_and_sync_pages_render_without_a_display ... ok
verify / linux	UNKNOWN STEP	2026-09-27T07:24:31.8624057Z test wine::tests::a_wineserver_that_never_answers_does_not_hold_up_the_teardown ... ok
verify / linux	UNKNOWN STEP	2026-09-27T07:24:31.8624708Z 
verify / linux	UNKNOWN STEP	2026-09-27T07:24:31.8625257Z test result: ok. 530 passed; 0 failed; 5 ignored; 0 measured; 0 filtered out; finished in 3.00s
verify / linux	UNKNOWN STEP	2026-09-27T07:24:31.8625753Z 
verify / linux	UNKNOWN STEP	2026-09-27T07:24:31.8659462Z ^[[1m^[[92m     Running^[[0m tests/ipc_e2e/main.rs (target/debug/deps/ipc_e2e-ea6967c84e3692f4)
verify / linux	UNKNOWN STEP	2026-09-27T07:24:31.8675643Z 
verify / linux	UNKNOWN STEP	2026-09-27T07:24:31.8675900Z running 40 tests
verify / linux	UNKNOWN STEP	2026-09-27T07:24:32.3329252Z test cloud_delete::a_malformed_version_name_is_refused_before_any_network ... ok
verify / linux	UNKNOWN STEP	2026-09-27T07:24:32.3383979Z test cloud_delete::deleting_a_version_the_cloud_never_had_is_refused ... ok
verify / linux	UNKNOWN STEP	2026-09-27T07:24:32.4002324Z test daemon::a_second_daemon_refuses_to_steal_a_live_socket ... ok
verify / linux	UNKNOWN STEP	2026-09-27T07:24:32.4276856Z test cloud_delete::deleting_one_version_keeps_the_others_and_the_card ... ok
verify / linux	UNKNOWN STEP	2026-09-27T07:24:32.4287911Z test cloud_delete::clearing_the_versions_keeps_the_cloud_identity ... ok
verify / linux	UNKNOWN STEP	2026-09-27T07:24:32.4817670Z test daemon::second_daemon_replaces_a_stale_socket_file ... ok
verify / linux	UNKNOWN STEP	2026-09-27T07:24:32.4899350Z test fixture_contract::fake_rclone_preserves_bytes_and_escapes_json_names ... ok
verify / linux	UNKNOWN STEP	2026-09-27T07:24:32.5034473Z test daemon::daemon_ipc_end_to_end ... ok
verify / linux	UNKNOWN STEP	2026-09-27T07:24:32.5062480Z test fixture_contract::fake_rclone_rejects_unknown_commands_arguments_and_io_failures ... ok
verify / linux	UNKNOWN STEP	2026-09-27T07:24:32.5353163Z test fixture_contract::an_injected_upload_failure_is_visible_over_ipc_and_keeps_local_data ... ok
verify / linux	UNKNOWN STEP	2026-09-27T07:24:32.5593162Z test library::a_game_can_be_created_from_a_reference_alone ... ok
verify / linux	UNKNOWN STEP	2026-09-27T07:24:32.5613425Z test library::a_game_without_a_reference_still_needs_a_real_exe ... ok
verify / linux	UNKNOWN STEP	2026-09-27T07:24:32.5957114Z test library::library_entries_are_managed_over_ipc ... ok
verify / linux	UNKNOWN STEP	2026-09-27T07:24:32.6155584Z test library::scale_profile_is_patched_and_validated_over_ipc ... ok
verify / linux	UNKNOWN STEP	2026-09-27T07:24:32.6223458Z test library::updating_a_game_to_another_games_exe_is_refused ... ok
verify / linux	UNKNOWN STEP	2026-09-27T07:24:32.7247405Z test cloud_delete::deleting_the_identity_takes_the_saves_with_it ... ok
verify / linux	UNKNOWN STEP	2026-09-27T07:24:33.0097765Z test pairing::rejecting_a_pairing_sticks ... ok
verify / linux	UNKNOWN STEP	2026-09-27T07:24:33.0336655Z test pairing::changing_the_exe_updates_the_fingerprint_but_not_the_cloud_identity ... ok
verify / linux	UNKNOWN STEP	2026-09-27T07:24:33.0418639Z test pairing::a_second_machine_pairs_by_fingerprint_and_follows_the_same_directory ... ok
verify / linux	UNKNOWN STEP	2026-09-27T07:24:33.3707456Z test session::direct_launch_rejects_a_game_that_exits_immediately ... ok
verify / linux	UNKNOWN STEP	2026-09-27T07:24:33.3992591Z test session::launch_builds_the_expected_gamescope_command ... ok
verify / linux	UNKNOWN STEP	2026-09-27T07:24:33.4714932Z test sync::a_configured_program_directory_is_where_the_daemon_looks ... ok
verify / linux	UNKNOWN STEP	2026-09-27T07:24:33.7398102Z test session::manual_add_and_wine_settings_over_ipc ... ok
verify / linux	UNKNOWN STEP	2026-09-27T07:24:33.7621958Z test sync::cloud_sync_uploads_keeps_versions_and_restores_over_ipc ... ok
verify / linux	UNKNOWN STEP	2026-09-27T07:24:33.8035337Z test sync::every_sync_setting_can_actually_be_changed ... ok
verify / linux	UNKNOWN STEP	2026-09-27T07:24:33.8656891Z test sync::setting_only_the_engine_leaves_the_other_settings_alone ... ok
verify / linux	UNKNOWN STEP	2026-09-27T07:24:33.8958577Z test pairing::the_pre_launch_check_asks_once_and_the_answer_sticks ... ok
verify / linux	UNKNOWN STEP	2026-09-27T07:24:34.1508622Z test sync_cloud::a_second_machine_sees_what_the_first_one_uploaded ... ok
verify / linux	UNKNOWN STEP	2026-09-27T07:24:34.3778657Z test sync_cloud::uploading_claims_a_cloud_identity_and_keeps_it ... ok
verify / linux	UNKNOWN STEP	2026-09-27T07:24:34.4660210Z test sync_index::a_failed_refresh_keeps_the_old_cache_and_reports_the_error ... ok
verify / linux	UNKNOWN STEP	2026-09-27T07:24:34.6510578Z test sync_cloud::a_mismatched_identity_stops_both_pull_and_restore ... ok
verify / linux	UNKNOWN STEP	2026-09-27T07:24:34.7634142Z test sync_index::adding_a_game_asks_the_index_whether_the_cloud_already_has_it ... ok
verify / linux	UNKNOWN STEP	2026-09-27T07:24:34.9826106Z test sync_index::the_cloud_list_comes_from_one_index_not_from_every_card ... ok
verify / linux	UNKNOWN STEP	2026-09-27T07:24:35.0670327Z test sync_index::the_cloud_list_is_read_from_a_local_cache_after_the_first_fetch ... ok
verify / linux	UNKNOWN STEP	2026-09-27T07:24:35.3248617Z test sync_index::changing_the_sync_target_refreshes_but_retention_does_not ... ok
verify / linux	UNKNOWN STEP	2026-09-27T07:24:35.3836597Z test watch::one_process_is_claimed_by_a_single_game ... FAILED
verify / linux	UNKNOWN STEP	2026-09-27T07:24:35.4484856Z test watch::the_process_list_offers_usable_candidates_only ... ok
verify / linux	UNKNOWN STEP	2026-09-27T07:24:40.1201062Z test session::direct_launch_session_ends_when_the_game_exits ... ok
verify / linux	UNKNOWN STEP	2026-09-27T07:24:42.9475472Z test sync::save_sync_follows_the_game_lifecycle ... ok
verify / linux	UNKNOWN STEP	2026-09-27T07:24:55.1540663Z test watch::auto_watch_follows_a_game_kotori_did_not_launch ... ok
verify / linux	UNKNOWN STEP	2026-09-27T07:24:55.1541231Z 
verify / linux	UNKNOWN STEP	2026-09-27T07:24:55.1541424Z failures:
verify / linux	UNKNOWN STEP	2026-09-27T07:24:55.1541618Z 
verify / linux	UNKNOWN STEP	2026-09-27T07:24:55.1541903Z ---- watch::one_process_is_claimed_by_a_single_game stdout ----
verify / linux	UNKNOWN STEP	2026-09-27T07:24:55.1542623Z 
verify / linux	UNKNOWN STEP	2026-09-27T07:24:55.1543096Z thread 'watch::one_process_is_claimed_by_a_single_game' (8759) panicked at tests/ipc_e2e/watch.rs:155:5:
verify / linux	UNKNOWN STEP	2026-09-27T07:24:55.1544453Z assertion `left == right` failed: {"error":{"code":-32000,"message":"可执行文件已经属于「First」：同一个 exe 只能建一条档案（两条档案会让云端的版本历史分家、观测同一个进程时分不清谁在跑）"},"id":1,"jsonrpc":"2.0"}
verify / linux	UNKNOWN STEP	2026-09-27T07:24:55.1545130Z   left: Null
verify / linux	UNKNOWN STEP	2026-09-27T07:24:55.1545348Z  right: true
verify / linux	UNKNOWN STEP	2026-09-27T07:24:55.1545703Z note: run with `RUST_BACKTRACE=1` environment variable to display a backtrace
verify / linux	UNKNOWN STEP	2026-09-27T07:24:55.1546159Z --- daemon log ---
verify / linux	UNKNOWN STEP	2026-09-27T07:24:55.1546655Z ^[[2m2026-09-27T07:24:35.330066Z^[[0m ^[[32m INFO^[[0m ^[[2mkotori^[[0m^[[2m:^[[0m Starting daemon mode
verify / linux	UNKNOWN STEP	2026-09-27T07:24:55.1560772Z ^[[2m2026-09-27T07:24:35.330335Z^[[0m ^[[32m INFO^[[0m ^[[2mkotori::secrets::keyring^[[0m^[[2m:^[[0m 没有运行中的系统密钥环，凭据存到明文文件 /tmp/kt-e2e-claim-7d5f56236c294e079603ed211e39ad64/credentials.json（权限 0600）
verify / linux	UNKNOWN STEP	2026-09-27T07:24:55.1563475Z ^[[2m2026-09-27T07:24:35.330422Z^[[0m ^[[32m INFO^[[0m ^[[2mkotori::daemon^[[0m^[[2m:^[[0m daemon listening on /tmp/kt-e2e-claim-7d5f56236c294e079603ed211e39ad64/kotori.sock
verify / linux	UNKNOWN STEP	2026-09-27T07:24:55.1565092Z ^[[2m2026-09-27T07:24:35.377656Z^[[0m ^[[32m INFO^[[0m ^[[2mkotori::daemon::game_write^[[0m^[[2m:^[[0m game.create: first
verify / linux	UNKNOWN STEP	2026-09-27T07:24:55.1566342Z ^[[2m2026-09-27T07:24:35.379740Z^[[0m ^[[32m INFO^[[0m ^[[2mkotori::daemon::game_write^[[0m^[[2m:^[[0m game.create: second
verify / linux	UNKNOWN STEP	2026-09-27T07:24:55.1566957Z 
verify / linux	UNKNOWN STEP	2026-09-27T07:24:55.1567301Z 测试现场保留在 /tmp/kt-e2e-claim-7d5f56236c294e079603ed211e39ad64
verify / linux	UNKNOWN STEP	2026-09-27T07:24:55.1567682Z 
verify / linux	UNKNOWN STEP	2026-09-27T07:24:55.1567687Z 
verify / linux	UNKNOWN STEP	2026-09-27T07:24:55.1567815Z failures:
verify / linux	UNKNOWN STEP	2026-09-27T07:24:55.1568185Z     watch::one_process_is_claimed_by_a_single_game
verify / linux	UNKNOWN STEP	2026-09-27T07:24:55.1568528Z 
verify / linux	UNKNOWN STEP	2026-09-27T07:24:55.1568972Z test result: FAILED. 39 passed; 1 failed; 0 ignored; 0 measured; 0 filtered out; finished in 23.29s
verify / linux	UNKNOWN STEP	2026-09-27T07:24:55.1569573Z 
verify / linux	UNKNOWN STEP	2026-09-27T07:24:55.1569932Z ^[[1m^[[91merror^[[0m: test failed, to rerun pass `--test ipc_e2e`
verify / linux	UNKNOWN STEP	2026-09-27T07:24:55.1625266Z ##[error]Process completed with exit code 101.
verify / linux	UNKNOWN STEP	2026-09-27T07:24:55.1707678Z ##[group]Run actions/upload-artifact@v4
verify / linux	UNKNOWN STEP	2026-09-27T07:24:55.1707985Z with:
verify / linux	UNKNOWN STEP	2026-09-27T07:24:55.1708208Z   name: test-artifacts-linux-x86_64
verify / linux	UNKNOWN STEP	2026-09-27T07:24:55.1708538Z   path: /home/runner/work/Kotori/Kotori/test-artifacts
verify / linux	UNKNOWN STEP	2026-09-27T07:24:55.1708871Z   if-no-files-found: warn
verify / linux	UNKNOWN STEP	2026-09-27T07:24:55.1709118Z   compression-level: 6
verify / linux	UNKNOWN STEP	2026-09-27T07:24:55.1709355Z   overwrite: false
verify / linux	UNKNOWN STEP	2026-09-27T07:24:55.1709579Z   include-hidden-files: false
verify / linux	UNKNOWN STEP	2026-09-27T07:24:55.1709818Z env:
verify / linux	UNKNOWN STEP	2026-09-27T07:24:55.1710011Z   CARGO_TERM_COLOR: always
verify / linux	UNKNOWN STEP	2026-09-27T07:24:55.1710355Z   KOTORI_TEST_ARTIFACTS: /home/runner/work/Kotori/Kotori/test-artifacts
verify / linux	UNKNOWN STEP	2026-09-27T07:24:55.1710761Z   CARGO_HOME: /home/runner/.cargo
verify / linux	UNKNOWN STEP	2026-09-27T07:24:55.1711017Z   CARGO_INCREMENTAL: 0
verify / linux	UNKNOWN STEP	2026-09-27T07:24:55.1711256Z   CACHE_ON_FAILURE: false
verify / linux	UNKNOWN STEP	2026-09-27T07:24:55.1711486Z ##[endgroup]
verify / linux	UNKNOWN STEP	2026-09-27T07:24:55.5200538Z (node:8911) [DEP0040] DeprecationWarning: The `punycode` module is deprecated. Please use a userland alternative instead.
verify / linux	UNKNOWN STEP	2026-09-27T07:24:55.5201922Z (Use `node --trace-deprecation ...` to show where the warning was created)
verify / linux	UNKNOWN STEP	2026-09-27T07:24:55.5338951Z With the provided path, there will be 9 files uploaded
verify / linux	UNKNOWN STEP	2026-09-27T07:24:55.5343117Z Artifact name is valid!
verify / linux	UNKNOWN STEP	2026-09-27T07:24:55.5344226Z Root directory input is valid!
verify / linux	UNKNOWN STEP	2026-09-27T07:24:55.9039399Z Beginning upload of artifact content to blob storage
verify / linux	UNKNOWN STEP	2026-09-27T07:24:55.9481154Z (node:8911) [DEP0169] DeprecationWarning: `url.parse()` behavior is not standardized and prone to errors that have security implications. Use the WHATWG URL API instead. CVEs are not issued for `url.parse()` vulnerabilities.
verify / linux	UNKNOWN STEP	2026-09-27T07:24:56.2163060Z Uploaded bytes 15603
verify / linux	UNKNOWN STEP	2026-09-27T07:24:56.3012326Z Finished uploading artifact content to blob storage!
verify / linux	UNKNOWN STEP	2026-09-27T07:24:56.3013546Z SHA256 digest of uploaded artifact zip is 80e85b622b1621d1e5849bb99241d8218b3c783b2ea7b87fc14d7ab6039784cd
verify / linux	UNKNOWN STEP	2026-09-27T07:24:56.3015477Z Finalizing artifact upload
verify / linux	UNKNOWN STEP	2026-09-27T07:24:56.5376323Z Artifact test-artifacts-linux-x86_64.zip successfully finalized. Artifact ID 10926208457
verify / linux	UNKNOWN STEP	2026-09-27T07:24:56.5377849Z Artifact test-artifacts-linux-x86_64 has been successfully uploaded! Final size is 15603 bytes. Artifact ID is 10926208457
verify / linux	UNKNOWN STEP	2026-09-27T07:24:56.5384209Z Artifact download URL: https://github.com/Pianzh/Kotori/actions/runs/36302706604/artifacts/10926208457
verify / linux	UNKNOWN STEP	2026-09-27T07:24:56.5600342Z Post job cleanup.
verify / linux	UNKNOWN STEP	2026-09-27T07:24:56.6468006Z [command]/usr/bin/git version
verify / linux	UNKNOWN STEP	2026-09-27T07:24:56.6516111Z git version 2.55.0
verify / linux	UNKNOWN STEP	2026-09-27T07:24:56.6552924Z Temporarily overriding HOME='/home/runner/work/_temp/1a72f92d-f893-4746-ad5b-4d0fabf4a9a3' before making global git config changes
verify / linux	UNKNOWN STEP	2026-09-27T07:24:56.6554519Z Adding repository directory to the temporary git global config as a safe directory
verify / linux	UNKNOWN STEP	2026-09-27T07:24:56.6559194Z [command]/usr/bin/git config --global --add safe.directory /home/runner/work/Kotori/Kotori
verify / linux	UNKNOWN STEP	2026-09-27T07:24:56.6598102Z [command]/usr/bin/git config --local --name-only --get-regexp core\.sshCommand
verify / linux	UNKNOWN STEP	2026-09-27T07:24:56.6633188Z [command]/usr/bin/git submodule foreach --recursive sh -c "git config --local --name-only --get-regexp 'core\.sshCommand' && git config --local --unset-all 'core.sshCommand' || :"
verify / linux	UNKNOWN STEP	2026-09-27T07:24:56.6912904Z [command]/usr/bin/git config --local --name-only --get-regexp http\.https\:\/\/github\.com\/\.extraheader
verify / linux	UNKNOWN STEP	2026-09-27T07:24:56.6942938Z http.https://github.com/.extraheader
verify / linux	UNKNOWN STEP	2026-09-27T07:24:56.6956031Z [command]/usr/bin/git config --local --unset-all http.https://github.com/.extraheader
verify / linux	UNKNOWN STEP	2026-09-27T07:24:56.7003507Z [command]/usr/bin/git submodule foreach --recursive sh -c "git config --local --name-only --get-regexp 'http\.https\:\/\/github\.com\/\.extraheader' && git config --local --unset-all 'http.https://github.com/.extraheader' || :"
verify / linux	UNKNOWN STEP	2026-09-27T07:24:56.7253621Z [command]/usr/bin/git config --local --name-only --get-regexp ^includeIf\.gitdir:
verify / linux	UNKNOWN STEP	2026-09-27T07:24:56.7295598Z [command]/usr/bin/git submodule foreach --recursive git config --local --show-origin --name-only --get-regexp remote.origin.url
verify / linux	UNKNOWN STEP	2026-09-27T07:24:56.7707043Z Cleaning up orphan processes
verify / linux	UNKNOWN STEP	2026-09-27T07:24:56.8147048Z Terminate orphan process: pid (4031) (sleep)
verify / linux	UNKNOWN STEP	2026-09-27T07:24:56.8155623Z ##[warning]Node.js 20 is deprecated. The following actions target Node.js 20 but are being forced to run on Node.js 24: actions/checkout@v4, actions/upload-artifact@v4. For more information see: https://github.blog/changelog/2025-09-19-deprecation-of-node-20-on-github-actions-runners/
