verify / linux	UNKNOWN STEP	﻿2026-09-27T07:43:02.6168340Z Current runner version: '2.337.0'
verify / linux	UNKNOWN STEP	2026-09-27T07:43:02.6204098Z ##[group]Runner Image Provisioner
verify / linux	UNKNOWN STEP	2026-09-27T07:43:02.6205563Z Hosted Compute Agent
verify / linux	UNKNOWN STEP	2026-09-27T07:43:02.6206587Z Version: 20260828.587
verify / linux	UNKNOWN STEP	2026-09-27T07:43:02.6207957Z Commit: abac92662cab4cc7352de4f9f9d2e2419aad9c29
verify / linux	UNKNOWN STEP	2026-09-27T07:43:02.6209360Z Build Date: 2026-08-28T16:44:25Z
verify / linux	UNKNOWN STEP	2026-09-27T07:43:02.6210731Z Worker ID: {24fd2bf7-ba03-4703-b2cf-e241d1dd021d}
verify / linux	UNKNOWN STEP	2026-09-27T07:43:02.6212152Z Azure Region: eastus2
verify / linux	UNKNOWN STEP	2026-09-27T07:43:02.6213173Z ##[endgroup]
verify / linux	UNKNOWN STEP	2026-09-27T07:43:02.6215797Z ##[group]Operating System
verify / linux	UNKNOWN STEP	2026-09-27T07:43:02.6216964Z Ubuntu
verify / linux	UNKNOWN STEP	2026-09-27T07:43:02.6218408Z 24.04.5
verify / linux	UNKNOWN STEP	2026-09-27T07:43:02.6219531Z LTS
verify / linux	UNKNOWN STEP	2026-09-27T07:43:02.6220450Z ##[endgroup]
verify / linux	UNKNOWN STEP	2026-09-27T07:43:02.6221555Z ##[group]Runner Image
verify / linux	UNKNOWN STEP	2026-09-27T07:43:02.6222721Z Image: ubuntu-24.04
verify / linux	UNKNOWN STEP	2026-09-27T07:43:02.6224085Z Version: 20260920.314.1
verify / linux	UNKNOWN STEP	2026-09-27T07:43:02.6226469Z Included Software: https://github.com/actions/runner-images/blob/ubuntu24/20260920.314/images/ubuntu/Ubuntu2404-Readme.md
verify / linux	UNKNOWN STEP	2026-09-27T07:43:02.6229395Z Image Release: https://github.com/actions/runner-images/releases/tag/ubuntu24%2F20260920.314
verify / linux	UNKNOWN STEP	2026-09-27T07:43:02.6231139Z ##[endgroup]
verify / linux	UNKNOWN STEP	2026-09-27T07:43:02.6233259Z ##[group]GITHUB_TOKEN Permissions
verify / linux	UNKNOWN STEP	2026-09-27T07:43:02.6236418Z Contents: read
verify / linux	UNKNOWN STEP	2026-09-27T07:43:02.6237531Z Metadata: read
verify / linux	UNKNOWN STEP	2026-09-27T07:43:02.6238596Z Packages: read
verify / linux	UNKNOWN STEP	2026-09-27T07:43:02.6239619Z ##[endgroup]
verify / linux	UNKNOWN STEP	2026-09-27T07:43:02.6242962Z Secret source: Actions
verify / linux	UNKNOWN STEP	2026-09-27T07:43:02.6244832Z Cache mode: write
verify / linux	UNKNOWN STEP	2026-09-27T07:43:02.6246148Z Prepare workflow directory
verify / linux	UNKNOWN STEP	2026-09-27T07:43:02.6966861Z Prepare all required actions
verify / linux	UNKNOWN STEP	2026-09-27T07:43:02.7016946Z Getting action download info
verify / linux	UNKNOWN STEP	2026-09-27T07:43:02.8918037Z Download action repository 'actions/checkout@v4' (SHA:11d5960a326750d5838078e36cf38b85af677262)
verify / linux	UNKNOWN STEP	2026-09-27T07:43:02.9868629Z Download action repository 'dtolnay/rust-toolchain@stable' (SHA:6bed0761d98439e5a578e2877258200ad565ba87)
verify / linux	UNKNOWN STEP	2026-09-27T07:43:03.0776847Z Download action repository 'Swatinem/rust-cache@v2' (SHA:6323deb102c322ba6fcbdcafc7e3dddab59af2b6)
verify / linux	UNKNOWN STEP	2026-09-27T07:43:03.2871203Z Download action repository 'actions/upload-artifact@v4' (SHA:ea165f8d65b6e75b540449e92b4886f43607fa02)
verify / linux	UNKNOWN STEP	2026-09-27T07:43:03.5287898Z Uses: Pianzh/Kotori/.github/workflows/verify.yml@refs/heads/chore/windows-dead-code (4e288a0e68fc4249038ca7621bcf0d04849356c2)
verify / linux	UNKNOWN STEP	2026-09-27T07:43:03.5292597Z ##[group] Inputs
verify / linux	UNKNOWN STEP	2026-09-27T07:43:03.5293131Z   kopia-version: 0.23.1
verify / linux	UNKNOWN STEP	2026-09-27T07:43:03.5293850Z ##[endgroup]
verify / linux	UNKNOWN STEP	2026-09-27T07:43:03.5294314Z Complete job name: verify / linux
verify / linux	UNKNOWN STEP	2026-09-27T07:43:03.6061856Z ##[group]Run actions/checkout@v4
verify / linux	UNKNOWN STEP	2026-09-27T07:43:03.6062791Z with:
verify / linux	UNKNOWN STEP	2026-09-27T07:43:03.6063234Z   repository: Pianzh/Kotori
verify / linux	UNKNOWN STEP	2026-09-27T07:43:03.6067478Z   token: ***
verify / linux	UNKNOWN STEP	2026-09-27T07:43:03.6067936Z   ssh-strict: true
verify / linux	UNKNOWN STEP	2026-09-27T07:43:03.6068383Z   ssh-user: git
verify / linux	UNKNOWN STEP	2026-09-27T07:43:03.6068826Z   persist-credentials: true
verify / linux	UNKNOWN STEP	2026-09-27T07:43:03.6069310Z   clean: true
verify / linux	UNKNOWN STEP	2026-09-27T07:43:03.6069745Z   sparse-checkout-cone-mode: true
verify / linux	UNKNOWN STEP	2026-09-27T07:43:03.6070267Z   fetch-depth: 1
verify / linux	UNKNOWN STEP	2026-09-27T07:43:03.6070717Z   fetch-tags: false
verify / linux	UNKNOWN STEP	2026-09-27T07:43:03.6071151Z   show-progress: true
verify / linux	UNKNOWN STEP	2026-09-27T07:43:03.6071590Z   lfs: false
verify / linux	UNKNOWN STEP	2026-09-27T07:43:03.6071988Z   submodules: false
verify / linux	UNKNOWN STEP	2026-09-27T07:43:03.6072429Z   set-safe-directory: true
verify / linux	UNKNOWN STEP	2026-09-27T07:43:03.6072966Z   allow-unsafe-pr-checkout: false
verify / linux	UNKNOWN STEP	2026-09-27T07:43:03.6074119Z env:
verify / linux	UNKNOWN STEP	2026-09-27T07:43:03.6074562Z   CARGO_TERM_COLOR: always
verify / linux	UNKNOWN STEP	2026-09-27T07:43:03.6075240Z   KOTORI_TEST_ARTIFACTS: /home/runner/work/Kotori/Kotori/test-artifacts
verify / linux	UNKNOWN STEP	2026-09-27T07:43:03.6075986Z ##[endgroup]
verify / linux	UNKNOWN STEP	2026-09-27T07:43:03.7201346Z Syncing repository: Pianzh/Kotori
verify / linux	UNKNOWN STEP	2026-09-27T07:43:03.7204355Z ##[group]Getting Git version info
verify / linux	UNKNOWN STEP	2026-09-27T07:43:03.7205583Z Working directory is '/home/runner/work/Kotori/Kotori'
verify / linux	UNKNOWN STEP	2026-09-27T07:43:03.7207484Z [command]/usr/bin/git version
verify / linux	UNKNOWN STEP	2026-09-27T07:43:03.7331151Z git version 2.55.0
verify / linux	UNKNOWN STEP	2026-09-27T07:43:03.7363635Z ##[endgroup]
verify / linux	UNKNOWN STEP	2026-09-27T07:43:03.7372968Z Temporarily overriding HOME='/home/runner/work/_temp/7081557a-f3cf-40a2-ae49-a464df9e41c8' before making global git config changes
verify / linux	UNKNOWN STEP	2026-09-27T07:43:03.7376064Z Adding repository directory to the temporary git global config as a safe directory
verify / linux	UNKNOWN STEP	2026-09-27T07:43:03.7378611Z [command]/usr/bin/git config --global --add safe.directory /home/runner/work/Kotori/Kotori
verify / linux	UNKNOWN STEP	2026-09-27T07:43:03.7474556Z Deleting the contents of '/home/runner/work/Kotori/Kotori'
verify / linux	UNKNOWN STEP	2026-09-27T07:43:03.7476792Z ##[group]Initializing the repository
verify / linux	UNKNOWN STEP	2026-09-27T07:43:03.7478323Z [command]/usr/bin/git init /home/runner/work/Kotori/Kotori
verify / linux	UNKNOWN STEP	2026-09-27T07:43:03.7606113Z hint: Using 'master' as the name for the initial branch. This default branch name
verify / linux	UNKNOWN STEP	2026-09-27T07:43:03.7607985Z hint: will change to "main" in Git 3.0. To configure the initial branch name
verify / linux	UNKNOWN STEP	2026-09-27T07:43:03.7609535Z hint: to use in all of your new repositories, which will suppress this warning,
verify / linux	UNKNOWN STEP	2026-09-27T07:43:03.7610741Z hint: call:
verify / linux	UNKNOWN STEP	2026-09-27T07:43:03.7611374Z hint:
verify / linux	UNKNOWN STEP	2026-09-27T07:43:03.7612224Z hint: 	git config --global init.defaultBranch <name>
verify / linux	UNKNOWN STEP	2026-09-27T07:43:03.7613264Z hint:
verify / linux	UNKNOWN STEP	2026-09-27T07:43:03.7614469Z hint: Names commonly chosen instead of 'master' are 'main', 'trunk' and
verify / linux	UNKNOWN STEP	2026-09-27T07:43:03.7616047Z hint: 'development'. The just-created branch can be renamed via this command:
verify / linux	UNKNOWN STEP	2026-09-27T07:43:03.7617240Z hint:
verify / linux	UNKNOWN STEP	2026-09-27T07:43:03.7617888Z hint: 	git branch -m <name>
verify / linux	UNKNOWN STEP	2026-09-27T07:43:03.7618691Z hint:
verify / linux	UNKNOWN STEP	2026-09-27T07:43:03.7619796Z hint: Disable this message with "git config set advice.defaultBranchName false"
verify / linux	UNKNOWN STEP	2026-09-27T07:43:03.7621707Z Initialized empty Git repository in /home/runner/work/Kotori/Kotori/.git/
verify / linux	UNKNOWN STEP	2026-09-27T07:43:03.7624707Z [command]/usr/bin/git remote add origin https://github.com/Pianzh/Kotori
verify / linux	UNKNOWN STEP	2026-09-27T07:43:03.7680744Z ##[endgroup]
verify / linux	UNKNOWN STEP	2026-09-27T07:43:03.7682020Z ##[group]Disabling automatic garbage collection
verify / linux	UNKNOWN STEP	2026-09-27T07:43:03.7684523Z [command]/usr/bin/git config --local gc.auto 0
verify / linux	UNKNOWN STEP	2026-09-27T07:43:03.7718583Z ##[endgroup]
verify / linux	UNKNOWN STEP	2026-09-27T07:43:03.7719868Z ##[group]Setting up auth
verify / linux	UNKNOWN STEP	2026-09-27T07:43:03.7726020Z [command]/usr/bin/git config --local --name-only --get-regexp core\.sshCommand
verify / linux	UNKNOWN STEP	2026-09-27T07:43:03.7763722Z [command]/usr/bin/git submodule foreach --recursive sh -c "git config --local --name-only --get-regexp 'core\.sshCommand' && git config --local --unset-all 'core.sshCommand' || :"
verify / linux	UNKNOWN STEP	2026-09-27T07:43:03.8160729Z [command]/usr/bin/git config --local --name-only --get-regexp http\.https\:\/\/github\.com\/\.extraheader
verify / linux	UNKNOWN STEP	2026-09-27T07:43:03.8199638Z [command]/usr/bin/git submodule foreach --recursive sh -c "git config --local --name-only --get-regexp 'http\.https\:\/\/github\.com\/\.extraheader' && git config --local --unset-all 'http.https://github.com/.extraheader' || :"
verify / linux	UNKNOWN STEP	2026-09-27T07:43:03.8426690Z [command]/usr/bin/git config --local --name-only --get-regexp ^includeIf\.gitdir:
verify / linux	UNKNOWN STEP	2026-09-27T07:43:03.8463213Z [command]/usr/bin/git submodule foreach --recursive git config --local --show-origin --name-only --get-regexp remote.origin.url
verify / linux	UNKNOWN STEP	2026-09-27T07:43:03.8686738Z [command]/usr/bin/git config --local http.https://github.com/.extraheader AUTHORIZATION: basic ***
verify / linux	UNKNOWN STEP	2026-09-27T07:43:03.8726094Z ##[endgroup]
verify / linux	UNKNOWN STEP	2026-09-27T07:43:03.8727046Z ##[group]Fetching the repository
verify / linux	UNKNOWN STEP	2026-09-27T07:43:03.8735976Z [command]/usr/bin/git -c protocol.version=2 fetch --no-tags --prune --no-recurse-submodules --depth=1 origin +4e288a0e68fc4249038ca7621bcf0d04849356c2:refs/remotes/origin/chore/windows-dead-code
verify / linux	UNKNOWN STEP	2026-09-27T07:43:04.3469054Z From https://github.com/Pianzh/Kotori
verify / linux	UNKNOWN STEP	2026-09-27T07:43:04.3472858Z  * [new ref]         4e288a0e68fc4249038ca7621bcf0d04849356c2 -> origin/chore/windows-dead-code
verify / linux	UNKNOWN STEP	2026-09-27T07:43:04.3476716Z ##[endgroup]
verify / linux	UNKNOWN STEP	2026-09-27T07:43:04.3478044Z ##[group]Determining the checkout info
verify / linux	UNKNOWN STEP	2026-09-27T07:43:04.3479491Z ##[endgroup]
verify / linux	UNKNOWN STEP	2026-09-27T07:43:04.3483155Z [command]/usr/bin/git sparse-checkout disable
verify / linux	UNKNOWN STEP	2026-09-27T07:43:04.3540462Z [command]/usr/bin/git config --local --unset-all extensions.worktreeConfig
verify / linux	UNKNOWN STEP	2026-09-27T07:43:04.3572601Z ##[group]Checking out the ref
verify / linux	UNKNOWN STEP	2026-09-27T07:43:04.3577094Z [command]/usr/bin/git checkout --progress --force -B chore/windows-dead-code refs/remotes/origin/chore/windows-dead-code
verify / linux	UNKNOWN STEP	2026-09-27T07:43:04.3888961Z Switched to a new branch 'chore/windows-dead-code'
verify / linux	UNKNOWN STEP	2026-09-27T07:43:04.3896199Z branch 'chore/windows-dead-code' set up to track 'origin/chore/windows-dead-code'.
verify / linux	UNKNOWN STEP	2026-09-27T07:43:04.3901860Z ##[endgroup]
verify / linux	UNKNOWN STEP	2026-09-27T07:43:04.3944062Z [command]/usr/bin/git log -1 --format=%H
verify / linux	UNKNOWN STEP	2026-09-27T07:43:04.3970572Z 4e288a0e68fc4249038ca7621bcf0d04849356c2
verify / linux	UNKNOWN STEP	2026-09-27T07:43:04.4219515Z ##[group]Run sudo apt-get update
verify / linux	UNKNOWN STEP	2026-09-27T07:43:04.4220792Z ^[[36;1msudo apt-get update^[[0m
verify / linux	UNKNOWN STEP	2026-09-27T07:43:04.4222146Z ^[[36;1msudo apt-get install -y --no-install-recommends \^[[0m
verify / linux	UNKNOWN STEP	2026-09-27T07:43:04.4224316Z ^[[36;1m  libxcb-shape0-dev libxcb-xfixes0-dev libxkbcommon-dev \^[[0m
verify / linux	UNKNOWN STEP	2026-09-27T07:43:04.4226008Z ^[[36;1m  libfontconfig-dev libssl-dev rclone^[[0m
verify / linux	UNKNOWN STEP	2026-09-27T07:43:04.4523926Z shell: /usr/bin/bash -e {0}
verify / linux	UNKNOWN STEP	2026-09-27T07:43:04.4525004Z env:
verify / linux	UNKNOWN STEP	2026-09-27T07:43:04.4525824Z   CARGO_TERM_COLOR: always
verify / linux	UNKNOWN STEP	2026-09-27T07:43:04.4527312Z   KOTORI_TEST_ARTIFACTS: /home/runner/work/Kotori/Kotori/test-artifacts
verify / linux	UNKNOWN STEP	2026-09-27T07:43:04.4529027Z ##[endgroup]
verify / linux	UNKNOWN STEP	2026-09-27T07:43:04.5421796Z Get:1 file:/etc/apt/apt-mirrors.txt Mirrorlist [144 B]
verify / linux	UNKNOWN STEP	2026-09-27T07:43:04.5734675Z Hit:2 http://azure.archive.ubuntu.com/ubuntu noble InRelease
verify / linux	UNKNOWN STEP	2026-09-27T07:43:04.5753035Z Get:6 https://packages.microsoft.com/ubuntu/24.04/prod noble InRelease [3600 B]
verify / linux	UNKNOWN STEP	2026-09-27T07:43:04.5758393Z Get:3 http://azure.archive.ubuntu.com/ubuntu noble-updates InRelease [126 kB]
verify / linux	UNKNOWN STEP	2026-09-27T07:43:04.5786709Z Get:4 http://azure.archive.ubuntu.com/ubuntu noble-backports InRelease [126 kB]
verify / linux	UNKNOWN STEP	2026-09-27T07:43:04.5811235Z Get:5 http://azure.archive.ubuntu.com/ubuntu noble-security InRelease [126 kB]
verify / linux	UNKNOWN STEP	2026-09-27T07:43:04.7010799Z Get:7 https://packages.microsoft.com/ubuntu/24.04/prod noble/main arm64 Packages [446 kB]
verify / linux	UNKNOWN STEP	2026-09-27T07:43:04.7149007Z Get:8 https://packages.microsoft.com/ubuntu/24.04/prod noble/main amd64 Packages [498 kB]
verify / linux	UNKNOWN STEP	2026-09-27T07:43:04.7537832Z Get:9 http://azure.archive.ubuntu.com/ubuntu noble-updates/main amd64 Packages [1319 kB]
verify / linux	UNKNOWN STEP	2026-09-27T07:43:04.7618740Z Get:10 http://azure.archive.ubuntu.com/ubuntu noble-updates/main Translation-en [299 kB]
verify / linux	UNKNOWN STEP	2026-09-27T07:43:04.7660726Z Get:11 http://azure.archive.ubuntu.com/ubuntu noble-updates/main amd64 Components [181 kB]
verify / linux	UNKNOWN STEP	2026-09-27T07:43:04.7684469Z Get:12 http://azure.archive.ubuntu.com/ubuntu noble-updates/universe amd64 Packages [1697 kB]
verify / linux	UNKNOWN STEP	2026-09-27T07:43:04.7795163Z Get:13 http://azure.archive.ubuntu.com/ubuntu noble-updates/universe Translation-en [340 kB]
verify / linux	UNKNOWN STEP	2026-09-27T07:43:04.7855483Z Get:14 http://azure.archive.ubuntu.com/ubuntu noble-updates/universe amd64 Components [388 kB]
verify / linux	UNKNOWN STEP	2026-09-27T07:43:04.7893045Z Get:15 http://azure.archive.ubuntu.com/ubuntu noble-updates/restricted amd64 Packages [1654 kB]
verify / linux	UNKNOWN STEP	2026-09-27T07:43:04.8014749Z Get:16 http://azure.archive.ubuntu.com/ubuntu noble-updates/restricted Translation-en [377 kB]
verify / linux	UNKNOWN STEP	2026-09-27T07:43:04.8026350Z Get:17 http://azure.archive.ubuntu.com/ubuntu noble-updates/multiverse amd64 Components [940 B]
verify / linux	UNKNOWN STEP	2026-09-27T07:43:04.8176315Z Get:18 http://azure.archive.ubuntu.com/ubuntu noble-backports/main amd64 Packages [40.6 kB]
verify / linux	UNKNOWN STEP	2026-09-27T07:43:04.8615500Z Get:19 http://azure.archive.ubuntu.com/ubuntu noble-backports/main amd64 Components [5760 B]
verify / linux	UNKNOWN STEP	2026-09-27T07:43:04.8630959Z Get:20 http://azure.archive.ubuntu.com/ubuntu noble-backports/universe amd64 Packages [31.0 kB]
verify / linux	UNKNOWN STEP	2026-09-27T07:43:04.8695829Z Get:21 http://azure.archive.ubuntu.com/ubuntu noble-backports/universe Translation-en [18.6 kB]
verify / linux	UNKNOWN STEP	2026-09-27T07:43:04.8697401Z Get:22 http://azure.archive.ubuntu.com/ubuntu noble-backports/universe amd64 Components [12.6 kB]
verify / linux	UNKNOWN STEP	2026-09-27T07:43:04.8714337Z Get:23 http://azure.archive.ubuntu.com/ubuntu noble-security/main amd64 Packages [1053 kB]
verify / linux	UNKNOWN STEP	2026-09-27T07:43:04.8764350Z Get:24 http://azure.archive.ubuntu.com/ubuntu noble-security/main Translation-en [219 kB]
verify / linux	UNKNOWN STEP	2026-09-27T07:43:04.8781308Z Get:25 http://azure.archive.ubuntu.com/ubuntu noble-security/main amd64 Components [46.5 kB]
verify / linux	UNKNOWN STEP	2026-09-27T07:43:04.8791608Z Get:26 http://azure.archive.ubuntu.com/ubuntu noble-security/universe amd64 Packages [1220 kB]
verify / linux	UNKNOWN STEP	2026-09-27T07:43:04.8851979Z Get:27 http://azure.archive.ubuntu.com/ubuntu noble-security/universe Translation-en [245 kB]
verify / linux	UNKNOWN STEP	2026-09-27T07:43:04.8869356Z Get:28 http://azure.archive.ubuntu.com/ubuntu noble-security/universe amd64 Components [76.3 kB]
verify / linux	UNKNOWN STEP	2026-09-27T07:43:04.8884360Z Get:29 http://azure.archive.ubuntu.com/ubuntu noble-security/restricted amd64 Packages [1535 kB]
verify / linux	UNKNOWN STEP	2026-09-27T07:43:04.8950121Z Get:30 http://azure.archive.ubuntu.com/ubuntu noble-security/restricted Translation-en [353 kB]
verify / linux	UNKNOWN STEP	2026-09-27T07:43:09.0690448Z Fetched 12.4 MB in 1s (9243 kB/s)
verify / linux	UNKNOWN STEP	2026-09-27T07:43:09.8742842Z Reading package lists...
verify / linux	UNKNOWN STEP	2026-09-27T07:43:09.9056498Z Reading package lists...
verify / linux	UNKNOWN STEP	2026-09-27T07:43:10.0968769Z Building dependency tree...
verify / linux	UNKNOWN STEP	2026-09-27T07:43:10.0981093Z Reading state information...
verify / linux	UNKNOWN STEP	2026-09-27T07:43:10.2368114Z libssl-dev is already the newest version (3.0.13-0ubuntu3.15).
verify / linux	UNKNOWN STEP	2026-09-27T07:43:10.2369206Z The following additional packages will be installed:
verify / linux	UNKNOWN STEP	2026-09-27T07:43:10.2370694Z   libbrotli-dev libbz2-dev libfreetype-dev libpng-dev libpthread-stubs0-dev
verify / linux	UNKNOWN STEP	2026-09-27T07:43:10.2372320Z   libxau-dev libxcb-render0-dev libxcb-shape0 libxcb1-dev libxdmcp-dev
verify / linux	UNKNOWN STEP	2026-09-27T07:43:10.2373200Z   uuid-dev x11proto-dev xorg-sgml-doctools
verify / linux	UNKNOWN STEP	2026-09-27T07:43:10.2377898Z Suggested packages:
verify / linux	UNKNOWN STEP	2026-09-27T07:43:10.2378455Z   freetype2-doc libxcb-doc
verify / linux	UNKNOWN STEP	2026-09-27T07:43:10.2379023Z Recommended packages:
verify / linux	UNKNOWN STEP	2026-09-27T07:43:10.2379635Z   bzip2-doc libpng-tools
verify / linux	UNKNOWN STEP	2026-09-27T07:43:10.2787929Z The following NEW packages will be installed:
verify / linux	UNKNOWN STEP	2026-09-27T07:43:10.2789047Z   libbrotli-dev libbz2-dev libfontconfig-dev libfreetype-dev libpng-dev
verify / linux	UNKNOWN STEP	2026-09-27T07:43:10.2789994Z   libpthread-stubs0-dev libxau-dev libxcb-render0-dev libxcb-shape0
verify / linux	UNKNOWN STEP	2026-09-27T07:43:10.2790755Z   libxcb-shape0-dev libxcb-xfixes0-dev libxcb1-dev libxdmcp-dev
verify / linux	UNKNOWN STEP	2026-09-27T07:43:10.2792480Z   libxkbcommon-dev rclone uuid-dev x11proto-dev xorg-sgml-doctools
verify / linux	UNKNOWN STEP	2026-09-27T07:43:10.2964503Z 0 upgraded, 18 newly installed, 0 to remove and 32 not upgraded.
verify / linux	UNKNOWN STEP	2026-09-27T07:43:10.2965168Z Need to get 18.7 MB of archives.
verify / linux	UNKNOWN STEP	2026-09-27T07:43:10.2965664Z After this operation, 70.8 MB of additional disk space will be used.
verify / linux	UNKNOWN STEP	2026-09-27T07:43:10.2966427Z Get:1 file:/etc/apt/apt-mirrors.txt Mirrorlist [144 B]
verify / linux	UNKNOWN STEP	2026-09-27T07:43:10.3134958Z Get:2 http://azure.archive.ubuntu.com/ubuntu noble/main amd64 libbrotli-dev amd64 1.1.0-2build2 [353 kB]
verify / linux	UNKNOWN STEP	2026-09-27T07:43:10.3200911Z Get:3 http://azure.archive.ubuntu.com/ubuntu noble-updates/main amd64 libbz2-dev amd64 1.0.8-5.1ubuntu0.1 [33.6 kB]
verify / linux	UNKNOWN STEP	2026-09-27T07:43:10.3222575Z Get:4 http://azure.archive.ubuntu.com/ubuntu noble-updates/main amd64 libpng-dev amd64 1.6.43-5ubuntu0.6 [265 kB]
verify / linux	UNKNOWN STEP	2026-09-27T07:43:10.3264159Z Get:5 http://azure.archive.ubuntu.com/ubuntu noble-updates/main amd64 libfreetype-dev amd64 2.13.2+dfsg-1ubuntu0.1 [575 kB]
verify / linux	UNKNOWN STEP	2026-09-27T07:43:10.3329345Z Get:6 http://azure.archive.ubuntu.com/ubuntu noble-updates/main amd64 uuid-dev amd64 2.39.3-9ubuntu6.6 [33.5 kB]
verify / linux	UNKNOWN STEP	2026-09-27T07:43:10.3350445Z Get:7 http://azure.archive.ubuntu.com/ubuntu noble/main amd64 libfontconfig-dev amd64 2.15.0-1.1ubuntu2 [161 kB]
verify / linux	UNKNOWN STEP	2026-09-27T07:43:10.3380337Z Get:8 http://azure.archive.ubuntu.com/ubuntu noble/main amd64 libpthread-stubs0-dev amd64 0.4-1build3 [4746 B]
verify / linux	UNKNOWN STEP	2026-09-27T07:43:10.3396327Z Get:9 http://azure.archive.ubuntu.com/ubuntu noble/main amd64 xorg-sgml-doctools all 1:1.11-1.1 [10.9 kB]
verify / linux	UNKNOWN STEP	2026-09-27T07:43:10.3414346Z Get:10 http://azure.archive.ubuntu.com/ubuntu noble/main amd64 x11proto-dev all 2023.2-1 [602 kB]
verify / linux	UNKNOWN STEP	2026-09-27T07:43:10.3471784Z Get:11 http://azure.archive.ubuntu.com/ubuntu noble/main amd64 libxau-dev amd64 1:1.0.9-1build6 [9570 B]
verify / linux	UNKNOWN STEP	2026-09-27T07:43:10.3491419Z Get:12 http://azure.archive.ubuntu.com/ubuntu noble/main amd64 libxdmcp-dev amd64 1:1.1.3-0ubuntu6 [26.5 kB]
verify / linux	UNKNOWN STEP	2026-09-27T07:43:10.3509918Z Get:13 http://azure.archive.ubuntu.com/ubuntu noble/main amd64 libxcb1-dev amd64 1.15-1ubuntu2 [85.8 kB]
verify / linux	UNKNOWN STEP	2026-09-27T07:43:10.3532462Z Get:14 http://azure.archive.ubuntu.com/ubuntu noble/main amd64 libxcb-render0-dev amd64 1.15-1ubuntu2 [19.6 kB]
verify / linux	UNKNOWN STEP	2026-09-27T07:43:10.3549137Z Get:15 http://azure.archive.ubuntu.com/ubuntu noble/main amd64 libxcb-shape0 amd64 1.15-1ubuntu2 [6100 B]
verify / linux	UNKNOWN STEP	2026-09-27T07:43:10.3565175Z Get:16 http://azure.archive.ubuntu.com/ubuntu noble/main amd64 libxcb-shape0-dev amd64 1.15-1ubuntu2 [7310 B]
verify / linux	UNKNOWN STEP	2026-09-27T07:43:10.3582300Z Get:17 http://azure.archive.ubuntu.com/ubuntu noble/main amd64 libxcb-xfixes0-dev amd64 1.15-1ubuntu2 [12.6 kB]
verify / linux	UNKNOWN STEP	2026-09-27T07:43:10.3599360Z Get:18 http://azure.archive.ubuntu.com/ubuntu noble/main amd64 libxkbcommon-dev amd64 1.6.0-1build1 [56.3 kB]
verify / linux	UNKNOWN STEP	2026-09-27T07:43:10.3626563Z Get:19 http://azure.archive.ubuntu.com/ubuntu noble-updates/universe amd64 rclone amd64 1.60.1+dfsg-3ubuntu0.24.04.6 [16.5 MB]
verify / linux	UNKNOWN STEP	2026-09-27T07:43:10.7645361Z Fetched 18.7 MB in 0s (86.1 MB/s)
verify / linux	UNKNOWN STEP	2026-09-27T07:43:10.7882826Z Selecting previously unselected package libbrotli-dev:amd64.
verify / linux	UNKNOWN STEP	2026-09-27T07:43:10.8224155Z (Reading database ... 
verify / linux	UNKNOWN STEP	2026-09-27T07:43:10.8224567Z (Reading database ... 5%
verify / linux	UNKNOWN STEP	2026-09-27T07:43:10.8225182Z (Reading database ... 10%
verify / linux	UNKNOWN STEP	2026-09-27T07:43:10.8225890Z (Reading database ... 15%
verify / linux	UNKNOWN STEP	2026-09-27T07:43:10.8226285Z (Reading database ... 20%
verify / linux	UNKNOWN STEP	2026-09-27T07:43:10.8226643Z (Reading database ... 25%
verify / linux	UNKNOWN STEP	2026-09-27T07:43:10.8226985Z (Reading database ... 30%
verify / linux	UNKNOWN STEP	2026-09-27T07:43:10.8227321Z (Reading database ... 35%
verify / linux	UNKNOWN STEP	2026-09-27T07:43:10.8227710Z (Reading database ... 40%
verify / linux	UNKNOWN STEP	2026-09-27T07:43:10.8228099Z (Reading database ... 45%
verify / linux	UNKNOWN STEP	2026-09-27T07:43:10.8228728Z (Reading database ... 50%
verify / linux	UNKNOWN STEP	2026-09-27T07:43:10.8286713Z (Reading database ... 55%
verify / linux	UNKNOWN STEP	2026-09-27T07:43:10.9653682Z (Reading database ... 60%
verify / linux	UNKNOWN STEP	2026-09-27T07:43:11.2747781Z (Reading database ... 65%
verify / linux	UNKNOWN STEP	2026-09-27T07:43:11.4655161Z (Reading database ... 70%
verify / linux	UNKNOWN STEP	2026-09-27T07:43:11.6708952Z (Reading database ... 75%
verify / linux	UNKNOWN STEP	2026-09-27T07:43:11.8095077Z (Reading database ... 80%
verify / linux	UNKNOWN STEP	2026-09-27T07:43:12.0155690Z (Reading database ... 85%
verify / linux	UNKNOWN STEP	2026-09-27T07:43:12.2174061Z (Reading database ... 90%
verify / linux	UNKNOWN STEP	2026-09-27T07:43:12.3677784Z (Reading database ... 95%
verify / linux	UNKNOWN STEP	2026-09-27T07:43:12.3678643Z (Reading database ... 100%
verify / linux	UNKNOWN STEP	2026-09-27T07:43:12.3679564Z (Reading database ... 202190 files and directories currently installed.)
verify / linux	UNKNOWN STEP	2026-09-27T07:43:12.3722799Z Preparing to unpack .../00-libbrotli-dev_1.1.0-2build2_amd64.deb ...
verify / linux	UNKNOWN STEP	2026-09-27T07:43:12.3752871Z Unpacking libbrotli-dev:amd64 (1.1.0-2build2) ...
verify / linux	UNKNOWN STEP	2026-09-27T07:43:12.4135137Z Selecting previously unselected package libbz2-dev:amd64.
verify / linux	UNKNOWN STEP	2026-09-27T07:43:12.4259981Z Preparing to unpack .../01-libbz2-dev_1.0.8-5.1ubuntu0.1_amd64.deb ...
verify / linux	UNKNOWN STEP	2026-09-27T07:43:12.4267967Z Unpacking libbz2-dev:amd64 (1.0.8-5.1ubuntu0.1) ...
verify / linux	UNKNOWN STEP	2026-09-27T07:43:12.4460765Z Selecting previously unselected package libpng-dev:amd64.
verify / linux	UNKNOWN STEP	2026-09-27T07:43:12.4586327Z Preparing to unpack .../02-libpng-dev_1.6.43-5ubuntu0.6_amd64.deb ...
verify / linux	UNKNOWN STEP	2026-09-27T07:43:12.4595468Z Unpacking libpng-dev:amd64 (1.6.43-5ubuntu0.6) ...
verify / linux	UNKNOWN STEP	2026-09-27T07:43:12.5046215Z Selecting previously unselected package libfreetype-dev:amd64.
verify / linux	UNKNOWN STEP	2026-09-27T07:43:12.5170987Z Preparing to unpack .../03-libfreetype-dev_2.13.2+dfsg-1ubuntu0.1_amd64.deb ...
verify / linux	UNKNOWN STEP	2026-09-27T07:43:12.5179262Z Unpacking libfreetype-dev:amd64 (2.13.2+dfsg-1ubuntu0.1) ...
verify / linux	UNKNOWN STEP	2026-09-27T07:43:12.5509766Z Selecting previously unselected package uuid-dev:amd64.
verify / linux	UNKNOWN STEP	2026-09-27T07:43:12.5635860Z Preparing to unpack .../04-uuid-dev_2.39.3-9ubuntu6.6_amd64.deb ...
verify / linux	UNKNOWN STEP	2026-09-27T07:43:12.5644319Z Unpacking uuid-dev:amd64 (2.39.3-9ubuntu6.6) ...
verify / linux	UNKNOWN STEP	2026-09-27T07:43:12.5910834Z Selecting previously unselected package libfontconfig-dev:amd64.
verify / linux	UNKNOWN STEP	2026-09-27T07:43:12.6036962Z Preparing to unpack .../05-libfontconfig-dev_2.15.0-1.1ubuntu2_amd64.deb ...
verify / linux	UNKNOWN STEP	2026-09-27T07:43:12.6045950Z Unpacking libfontconfig-dev:amd64 (2.15.0-1.1ubuntu2) ...
verify / linux	UNKNOWN STEP	2026-09-27T07:43:12.6276162Z Selecting previously unselected package libpthread-stubs0-dev:amd64.
verify / linux	UNKNOWN STEP	2026-09-27T07:43:12.6400956Z Preparing to unpack .../06-libpthread-stubs0-dev_0.4-1build3_amd64.deb ...
verify / linux	UNKNOWN STEP	2026-09-27T07:43:12.6411200Z Unpacking libpthread-stubs0-dev:amd64 (0.4-1build3) ...
verify / linux	UNKNOWN STEP	2026-09-27T07:43:12.6594494Z Selecting previously unselected package xorg-sgml-doctools.
verify / linux	UNKNOWN STEP	2026-09-27T07:43:12.6719962Z Preparing to unpack .../07-xorg-sgml-doctools_1%3a1.11-1.1_all.deb ...
verify / linux	UNKNOWN STEP	2026-09-27T07:43:12.6727814Z Unpacking xorg-sgml-doctools (1:1.11-1.1) ...
verify / linux	UNKNOWN STEP	2026-09-27T07:43:12.7000852Z Selecting previously unselected package x11proto-dev.
verify / linux	UNKNOWN STEP	2026-09-27T07:43:12.7124948Z Preparing to unpack .../08-x11proto-dev_2023.2-1_all.deb ...
verify / linux	UNKNOWN STEP	2026-09-27T07:43:12.7133184Z Unpacking x11proto-dev (2023.2-1) ...
verify / linux	UNKNOWN STEP	2026-09-27T07:43:12.7676213Z Selecting previously unselected package libxau-dev:amd64.
verify / linux	UNKNOWN STEP	2026-09-27T07:43:12.7801758Z Preparing to unpack .../09-libxau-dev_1%3a1.0.9-1build6_amd64.deb ...
verify / linux	UNKNOWN STEP	2026-09-27T07:43:12.7811630Z Unpacking libxau-dev:amd64 (1:1.0.9-1build6) ...
verify / linux	UNKNOWN STEP	2026-09-27T07:43:12.8009778Z Selecting previously unselected package libxdmcp-dev:amd64.
verify / linux	UNKNOWN STEP	2026-09-27T07:43:12.8135173Z Preparing to unpack .../10-libxdmcp-dev_1%3a1.1.3-0ubuntu6_amd64.deb ...
verify / linux	UNKNOWN STEP	2026-09-27T07:43:12.8142882Z Unpacking libxdmcp-dev:amd64 (1:1.1.3-0ubuntu6) ...
verify / linux	UNKNOWN STEP	2026-09-27T07:43:12.8333007Z Selecting previously unselected package libxcb1-dev:amd64.
verify / linux	UNKNOWN STEP	2026-09-27T07:43:12.8457914Z Preparing to unpack .../11-libxcb1-dev_1.15-1ubuntu2_amd64.deb ...
verify / linux	UNKNOWN STEP	2026-09-27T07:43:12.8466078Z Unpacking libxcb1-dev:amd64 (1.15-1ubuntu2) ...
verify / linux	UNKNOWN STEP	2026-09-27T07:43:12.8693080Z Selecting previously unselected package libxcb-render0-dev:amd64.
verify / linux	UNKNOWN STEP	2026-09-27T07:43:12.8817006Z Preparing to unpack .../12-libxcb-render0-dev_1.15-1ubuntu2_amd64.deb ...
verify / linux	UNKNOWN STEP	2026-09-27T07:43:12.8826277Z Unpacking libxcb-render0-dev:amd64 (1.15-1ubuntu2) ...
verify / linux	UNKNOWN STEP	2026-09-27T07:43:12.9031464Z Selecting previously unselected package libxcb-shape0:amd64.
verify / linux	UNKNOWN STEP	2026-09-27T07:43:12.9154927Z Preparing to unpack .../13-libxcb-shape0_1.15-1ubuntu2_amd64.deb ...
verify / linux	UNKNOWN STEP	2026-09-27T07:43:12.9175998Z Unpacking libxcb-shape0:amd64 (1.15-1ubuntu2) ...
verify / linux	UNKNOWN STEP	2026-09-27T07:43:12.9357388Z Selecting previously unselected package libxcb-shape0-dev:amd64.
verify / linux	UNKNOWN STEP	2026-09-27T07:43:12.9480377Z Preparing to unpack .../14-libxcb-shape0-dev_1.15-1ubuntu2_amd64.deb ...
verify / linux	UNKNOWN STEP	2026-09-27T07:43:12.9489018Z Unpacking libxcb-shape0-dev:amd64 (1.15-1ubuntu2) ...
verify / linux	UNKNOWN STEP	2026-09-27T07:43:12.9673961Z Selecting previously unselected package libxcb-xfixes0-dev:amd64.
verify / linux	UNKNOWN STEP	2026-09-27T07:43:12.9795073Z Preparing to unpack .../15-libxcb-xfixes0-dev_1.15-1ubuntu2_amd64.deb ...
verify / linux	UNKNOWN STEP	2026-09-27T07:43:12.9802977Z Unpacking libxcb-xfixes0-dev:amd64 (1.15-1ubuntu2) ...
verify / linux	UNKNOWN STEP	2026-09-27T07:43:12.9989720Z Selecting previously unselected package libxkbcommon-dev:amd64.
verify / linux	UNKNOWN STEP	2026-09-27T07:43:13.0109840Z Preparing to unpack .../16-libxkbcommon-dev_1.6.0-1build1_amd64.deb ...
verify / linux	UNKNOWN STEP	2026-09-27T07:43:13.0118405Z Unpacking libxkbcommon-dev:amd64 (1.6.0-1build1) ...
verify / linux	UNKNOWN STEP	2026-09-27T07:43:13.0336358Z Selecting previously unselected package rclone.
verify / linux	UNKNOWN STEP	2026-09-27T07:43:13.0457164Z Preparing to unpack .../17-rclone_1.60.1+dfsg-3ubuntu0.24.04.6_amd64.deb ...
verify / linux	UNKNOWN STEP	2026-09-27T07:43:13.0465183Z Unpacking rclone (1.60.1+dfsg-3ubuntu0.24.04.6) ...
verify / linux	UNKNOWN STEP	2026-09-27T07:43:13.2837764Z Setting up rclone (1.60.1+dfsg-3ubuntu0.24.04.6) ...
verify / linux	UNKNOWN STEP	2026-09-27T07:43:13.2860037Z Setting up libxkbcommon-dev:amd64 (1.6.0-1build1) ...
verify / linux	UNKNOWN STEP	2026-09-27T07:43:13.2880317Z Setting up libpng-dev:amd64 (1.6.43-5ubuntu0.6) ...
verify / linux	UNKNOWN STEP	2026-09-27T07:43:13.2902953Z Setting up libxcb-shape0:amd64 (1.15-1ubuntu2) ...
verify / linux	UNKNOWN STEP	2026-09-27T07:43:13.2923058Z Setting up libpthread-stubs0-dev:amd64 (0.4-1build3) ...
verify / linux	UNKNOWN STEP	2026-09-27T07:43:13.2945270Z Setting up uuid-dev:amd64 (2.39.3-9ubuntu6.6) ...
verify / linux	UNKNOWN STEP	2026-09-27T07:43:13.2964784Z Setting up xorg-sgml-doctools (1:1.11-1.1) ...
verify / linux	UNKNOWN STEP	2026-09-27T07:43:13.2984908Z Setting up libbrotli-dev:amd64 (1.1.0-2build2) ...
verify / linux	UNKNOWN STEP	2026-09-27T07:43:13.3006531Z Setting up libbz2-dev:amd64 (1.0.8-5.1ubuntu0.1) ...
verify / linux	UNKNOWN STEP	2026-09-27T07:43:13.3026892Z Setting up libfreetype-dev:amd64 (2.13.2+dfsg-1ubuntu0.1) ...
verify / linux	UNKNOWN STEP	2026-09-27T07:43:13.3049674Z Setting up libfontconfig-dev:amd64 (2.15.0-1.1ubuntu2) ...
verify / linux	UNKNOWN STEP	2026-09-27T07:43:13.3092112Z Processing triggers for sgml-base (1.31) ...
verify / linux	UNKNOWN STEP	2026-09-27T07:43:13.3297352Z Setting up x11proto-dev (2023.2-1) ...
verify / linux	UNKNOWN STEP	2026-09-27T07:43:13.3320696Z Setting up libxau-dev:amd64 (1:1.0.9-1build6) ...
verify / linux	UNKNOWN STEP	2026-09-27T07:43:13.3342774Z Processing triggers for libc-bin (2.39-0ubuntu8.9) ...
verify / linux	UNKNOWN STEP	2026-09-27T07:43:13.3704830Z Processing triggers for man-db (2.12.0-4build2) ...
verify / linux	UNKNOWN STEP	2026-09-27T07:43:13.3727042Z Not building database; man-db/auto-update is not 'true'.
verify / linux	UNKNOWN STEP	2026-09-27T07:43:13.3737282Z Setting up libxdmcp-dev:amd64 (1:1.1.3-0ubuntu6) ...
verify / linux	UNKNOWN STEP	2026-09-27T07:43:13.3762899Z Setting up libxcb1-dev:amd64 (1.15-1ubuntu2) ...
verify / linux	UNKNOWN STEP	2026-09-27T07:43:13.3785267Z Setting up libxcb-render0-dev:amd64 (1.15-1ubuntu2) ...
verify / linux	UNKNOWN STEP	2026-09-27T07:43:13.3806628Z Setting up libxcb-shape0-dev:amd64 (1.15-1ubuntu2) ...
verify / linux	UNKNOWN STEP	2026-09-27T07:43:13.3828083Z Setting up libxcb-xfixes0-dev:amd64 (1.15-1ubuntu2) ...
verify / linux	UNKNOWN STEP	2026-09-27T07:43:14.0261586Z 
verify / linux	UNKNOWN STEP	2026-09-27T07:43:14.0262102Z Running kernel seems to be up-to-date.
verify / linux	UNKNOWN STEP	2026-09-27T07:43:14.0262534Z 
verify / linux	UNKNOWN STEP	2026-09-27T07:43:14.0262755Z No services need to be restarted.
verify / linux	UNKNOWN STEP	2026-09-27T07:43:14.0263128Z 
verify / linux	UNKNOWN STEP	2026-09-27T07:43:14.0263265Z No containers need to be restarted.
verify / linux	UNKNOWN STEP	2026-09-27T07:43:14.0263852Z 
verify / linux	UNKNOWN STEP	2026-09-27T07:43:14.0264021Z No user sessions are running outdated binaries.
verify / linux	UNKNOWN STEP	2026-09-27T07:43:14.0264298Z 
verify / linux	UNKNOWN STEP	2026-09-27T07:43:14.0264555Z No VM guests are running outdated hypervisor (qemu) binaries on this host.
verify / linux	UNKNOWN STEP	2026-09-27T07:43:14.8596953Z ##[group]Run dtolnay/rust-toolchain@stable
verify / linux	UNKNOWN STEP	2026-09-27T07:43:14.8597269Z with:
verify / linux	UNKNOWN STEP	2026-09-27T07:43:14.8597474Z   components: rustfmt, clippy
verify / linux	UNKNOWN STEP	2026-09-27T07:43:14.8597717Z   toolchain: stable
verify / linux	UNKNOWN STEP	2026-09-27T07:43:14.8597917Z env:
verify / linux	UNKNOWN STEP	2026-09-27T07:43:14.8598100Z   CARGO_TERM_COLOR: always
verify / linux	UNKNOWN STEP	2026-09-27T07:43:14.8598435Z   KOTORI_TEST_ARTIFACTS: /home/runner/work/Kotori/Kotori/test-artifacts
verify / linux	UNKNOWN STEP	2026-09-27T07:43:14.8598801Z ##[endgroup]
verify / linux	UNKNOWN STEP	2026-09-27T07:43:14.8667289Z ##[start-action display=Parse toolchain version;id=__dtolnay_rust-toolchain.parse]
verify / linux	UNKNOWN STEP	2026-09-27T07:43:14.8694965Z ##[group]Run if [[ -z $toolchain ]]; then
verify / linux	UNKNOWN STEP	2026-09-27T07:43:14.8695294Z ^[[36;1mif [[ -z $toolchain ]]; then^[[0m
verify / linux	UNKNOWN STEP	2026-09-27T07:43:14.8695837Z ^[[36;1m  # GitHub does not enforce `required: true` inputs itself. https://github.com/actions/runner/issues/1070^[[0m
verify / linux	UNKNOWN STEP	2026-09-27T07:43:14.8696400Z ^[[36;1m  echo "'toolchain' is a required input" >&2^[[0m
verify / linux	UNKNOWN STEP	2026-09-27T07:43:14.8696696Z ^[[36;1m  exit 1^[[0m
verify / linux	UNKNOWN STEP	2026-09-27T07:43:14.8697065Z ^[[36;1melif [[ $toolchain =~ ^stable' '[0-9]+' '(year|month|week|day)s?' 'ago$ ]]; then^[[0m
verify / linux	UNKNOWN STEP	2026-09-27T07:43:14.8697488Z ^[[36;1m  if [[ Linux == macOS ]]; then^[[0m
verify / linux	UNKNOWN STEP	2026-09-27T07:43:14.8698019Z ^[[36;1m    echo "toolchain=1.$((($(date -v-$(sed 's/stable \([0-9]*\) \(.\).*/\1\2/' <<< $toolchain) +%s)/60/60/24-16569)/7/6))" >> $GITHUB_OUTPUT^[[0m
verify / linux	UNKNOWN STEP	2026-09-27T07:43:14.8698537Z ^[[36;1m  else^[[0m
verify / linux	UNKNOWN STEP	2026-09-27T07:43:14.8698932Z ^[[36;1m    echo "toolchain=1.$((($(date --date "${toolchain#stable }" +%s)/60/60/24-16569)/7/6))" >> $GITHUB_OUTPUT^[[0m
verify / linux	UNKNOWN STEP	2026-09-27T07:43:14.8699392Z ^[[36;1m  fi^[[0m
verify / linux	UNKNOWN STEP	2026-09-27T07:43:14.8699692Z ^[[36;1melif [[ $toolchain =~ ^stable' 'minus' '[0-9]+' 'releases?$ ]]; then^[[0m
verify / linux	UNKNOWN STEP	2026-09-27T07:43:14.8700220Z ^[[36;1m  echo "toolchain=1.$((($(date +%s)/60/60/24-16569)/7/6-${toolchain//[^0-9]/}))" >> $GITHUB_OUTPUT^[[0m
verify / linux	UNKNOWN STEP	2026-09-27T07:43:14.8700681Z ^[[36;1melif [[ $toolchain =~ ^1\.[0-9]+$ ]]; then^[[0m
verify / linux	UNKNOWN STEP	2026-09-27T07:43:14.8701208Z ^[[36;1m  echo "toolchain=1.$((i=${toolchain#1.}, c=($(date +%s)/60/60/24-16569)/7/6, i+9*i*(10*i<=c)+90*i*(100*i<=c)))" >> $GITHUB_OUTPUT^[[0m
verify / linux	UNKNOWN STEP	2026-09-27T07:43:14.8701709Z ^[[36;1melse^[[0m
verify / linux	UNKNOWN STEP	2026-09-27T07:43:14.8701951Z ^[[36;1m  echo "toolchain=$toolchain" >> $GITHUB_OUTPUT^[[0m
verify / linux	UNKNOWN STEP	2026-09-27T07:43:14.8702245Z ^[[36;1mfi^[[0m
verify / linux	UNKNOWN STEP	2026-09-27T07:43:14.8769385Z shell: /usr/bin/bash --noprofile --norc -e -o pipefail {0}
verify / linux	UNKNOWN STEP	2026-09-27T07:43:14.8769726Z env:
verify / linux	UNKNOWN STEP	2026-09-27T07:43:14.8769921Z   CARGO_TERM_COLOR: always
verify / linux	UNKNOWN STEP	2026-09-27T07:43:14.8770269Z   KOTORI_TEST_ARTIFACTS: /home/runner/work/Kotori/Kotori/test-artifacts
verify / linux	UNKNOWN STEP	2026-09-27T07:43:14.8770638Z   toolchain: stable
verify / linux	UNKNOWN STEP	2026-09-27T07:43:14.8770838Z ##[endgroup]
verify / linux	UNKNOWN STEP	2026-09-27T07:43:14.8880157Z ##[end-action id=__dtolnay_rust-toolchain.parse;outcome=success;conclusion=success;duration_ms=21]
verify / linux	UNKNOWN STEP	2026-09-27T07:43:14.8893122Z ##[start-action display=Construct rustup command line;id=__dtolnay_rust-toolchain.flags]
verify / linux	UNKNOWN STEP	2026-09-27T07:43:14.8921072Z ##[group]Run echo "targets=$(for t in ${targets//,/ }; do echo -n ' --target' $t; done)" >> $GITHUB_OUTPUT
verify / linux	UNKNOWN STEP	2026-09-27T07:43:14.8921710Z ^[[36;1mecho "targets=$(for t in ${targets//,/ }; do echo -n ' --target' $t; done)" >> $GITHUB_OUTPUT^[[0m
verify / linux	UNKNOWN STEP	2026-09-27T07:43:14.8922535Z ^[[36;1mecho "components=$(for c in ${components//,/ }; do echo -n ' --component' $c; done)" >> $GITHUB_OUTPUT^[[0m
verify / linux	UNKNOWN STEP	2026-09-27T07:43:14.8923032Z ^[[36;1mecho "downgrade=" >> $GITHUB_OUTPUT^[[0m
verify / linux	UNKNOWN STEP	2026-09-27T07:43:14.8982082Z shell: /usr/bin/bash --noprofile --norc -e -o pipefail {0}
verify / linux	UNKNOWN STEP	2026-09-27T07:43:14.8982429Z env:
verify / linux	UNKNOWN STEP	2026-09-27T07:43:14.8982631Z   CARGO_TERM_COLOR: always
verify / linux	UNKNOWN STEP	2026-09-27T07:43:14.8982974Z   KOTORI_TEST_ARTIFACTS: /home/runner/work/Kotori/Kotori/test-artifacts
verify / linux	UNKNOWN STEP	2026-09-27T07:43:14.8983590Z   targets: 
verify / linux	UNKNOWN STEP	2026-09-27T07:43:14.8983806Z   components: rustfmt, clippy
verify / linux	UNKNOWN STEP	2026-09-27T07:43:14.8984047Z ##[endgroup]
verify / linux	UNKNOWN STEP	2026-09-27T07:43:14.9080204Z ##[end-action id=__dtolnay_rust-toolchain.flags;outcome=success;conclusion=success;duration_ms=18]
verify / linux	UNKNOWN STEP	2026-09-27T07:43:14.9082403Z ##[start-action display=Set $CARGO_HOME;id=__dtolnay_rust-toolchain.__run]
verify / linux	UNKNOWN STEP	2026-09-27T07:43:14.9123186Z ##[group]Run echo CARGO_HOME=${CARGO_HOME:-"$HOME/.cargo"} >> $GITHUB_ENV
verify / linux	UNKNOWN STEP	2026-09-27T07:43:14.9124019Z ^[[36;1mecho CARGO_HOME=${CARGO_HOME:-"$HOME/.cargo"} >> $GITHUB_ENV^[[0m
verify / linux	UNKNOWN STEP	2026-09-27T07:43:14.9186515Z shell: /usr/bin/bash --noprofile --norc -e -o pipefail {0}
verify / linux	UNKNOWN STEP	2026-09-27T07:43:14.9186852Z env:
verify / linux	UNKNOWN STEP	2026-09-27T07:43:14.9187046Z   CARGO_TERM_COLOR: always
verify / linux	UNKNOWN STEP	2026-09-27T07:43:14.9187381Z   KOTORI_TEST_ARTIFACTS: /home/runner/work/Kotori/Kotori/test-artifacts
verify / linux	UNKNOWN STEP	2026-09-27T07:43:14.9187744Z ##[endgroup]
verify / linux	UNKNOWN STEP	2026-09-27T07:43:14.9278240Z ##[end-action id=__dtolnay_rust-toolchain.__run;outcome=success;conclusion=success;duration_ms=19]
verify / linux	UNKNOWN STEP	2026-09-27T07:43:14.9280497Z ##[start-action display=Install rustup if needed;id=__dtolnay_rust-toolchain.__run_2]
verify / linux	UNKNOWN STEP	2026-09-27T07:43:14.9305779Z ##[group]Run if ! command -v rustup &>/dev/null; then
verify / linux	UNKNOWN STEP	2026-09-27T07:43:14.9306135Z ^[[36;1mif ! command -v rustup &>/dev/null; then^[[0m
verify / linux	UNKNOWN STEP	2026-09-27T07:43:14.9306898Z ^[[36;1m  curl --proto '=https' --tlsv1.2 --retry 10 --retry-connrefused --location --silent --show-error --fail https://sh.rustup.rs | sh -s -- --default-toolchain none -y^[[0m
verify / linux	UNKNOWN STEP	2026-09-27T07:43:14.9307657Z ^[[36;1m  echo "$CARGO_HOME/bin" >> $GITHUB_PATH^[[0m
verify / linux	UNKNOWN STEP	2026-09-27T07:43:14.9307943Z ^[[36;1mfi^[[0m
verify / linux	UNKNOWN STEP	2026-09-27T07:43:14.9368685Z shell: /usr/bin/bash --noprofile --norc -e -o pipefail {0}
verify / linux	UNKNOWN STEP	2026-09-27T07:43:14.9369033Z env:
verify / linux	UNKNOWN STEP	2026-09-27T07:43:14.9369225Z   CARGO_TERM_COLOR: always
verify / linux	UNKNOWN STEP	2026-09-27T07:43:14.9369593Z   KOTORI_TEST_ARTIFACTS: /home/runner/work/Kotori/Kotori/test-artifacts
verify / linux	UNKNOWN STEP	2026-09-27T07:43:14.9370018Z   CARGO_HOME: /home/runner/.cargo
verify / linux	UNKNOWN STEP	2026-09-27T07:43:14.9370259Z ##[endgroup]
verify / linux	UNKNOWN STEP	2026-09-27T07:43:14.9457262Z ##[end-action id=__dtolnay_rust-toolchain.__run_2;outcome=success;conclusion=success;duration_ms=17]
verify / linux	UNKNOWN STEP	2026-09-27T07:43:14.9459509Z ##[start-action display=Install rustup if needed on windows;id=__dtolnay_rust-toolchain.__run_3]
verify / linux	UNKNOWN STEP	2026-09-27T07:43:14.9466227Z ##[end-action id=__dtolnay_rust-toolchain.__run_3;outcome=skipped;conclusion=skipped;duration_ms=0]
verify / linux	UNKNOWN STEP	2026-09-27T07:43:14.9477690Z ##[start-action display=rustup toolchain install stable;id=__dtolnay_rust-toolchain.__run_4]
verify / linux	UNKNOWN STEP	2026-09-27T07:43:14.9497906Z ##[group]Run rustup toolchain install stable --component rustfmt --component clippy --profile minimal --no-self-update
verify / linux	UNKNOWN STEP	2026-09-27T07:43:14.9498714Z ^[[36;1mrustup toolchain install stable --component rustfmt --component clippy --profile minimal --no-self-update^[[0m
verify / linux	UNKNOWN STEP	2026-09-27T07:43:14.9559695Z shell: /usr/bin/bash --noprofile --norc -e -o pipefail {0}
verify / linux	UNKNOWN STEP	2026-09-27T07:43:14.9560047Z env:
verify / linux	UNKNOWN STEP	2026-09-27T07:43:14.9560243Z   CARGO_TERM_COLOR: always
verify / linux	UNKNOWN STEP	2026-09-27T07:43:14.9560592Z   KOTORI_TEST_ARTIFACTS: /home/runner/work/Kotori/Kotori/test-artifacts
verify / linux	UNKNOWN STEP	2026-09-27T07:43:14.9560981Z   CARGO_HOME: /home/runner/.cargo
verify / linux	UNKNOWN STEP	2026-09-27T07:43:14.9561246Z   RUSTUP_PERMIT_COPY_RENAME: 1
verify / linux	UNKNOWN STEP	2026-09-27T07:43:14.9561493Z ##[endgroup]
verify / linux	UNKNOWN STEP	2026-09-27T07:43:15.1926734Z info: syncing channel updates for stable-x86_64-unknown-linux-gnu
verify / linux	UNKNOWN STEP	2026-09-27T07:43:15.7065491Z info: latest update on 2026-09-03 for version 1.98.1 (48a229cea 2026-09-01)
verify / linux	UNKNOWN STEP	2026-09-27T07:43:16.0721621Z info: component clippy is up to date
verify / linux	UNKNOWN STEP	2026-09-27T07:43:16.0722649Z info: component rustfmt is up to date
verify / linux	UNKNOWN STEP	2026-09-27T07:43:16.0735024Z 
verify / linux	UNKNOWN STEP	2026-09-27T07:43:16.0820522Z   stable-x86_64-unknown-linux-gnu unchanged - rustc 1.98.1 (48a229cea 2026-09-01)
verify / linux	UNKNOWN STEP	2026-09-27T07:43:16.0821676Z 
verify / linux	UNKNOWN STEP	2026-09-27T07:43:16.1138290Z ##[end-action id=__dtolnay_rust-toolchain.__run_4;outcome=success;conclusion=success;duration_ms=1165]
verify / linux	UNKNOWN STEP	2026-09-27T07:43:16.1145651Z ##[start-action display=rustup default stable;id=__dtolnay_rust-toolchain.__run_5]
verify / linux	UNKNOWN STEP	2026-09-27T07:43:16.1164077Z ##[group]Run rustup default stable
verify / linux	UNKNOWN STEP	2026-09-27T07:43:16.1164370Z ^[[36;1mrustup default stable^[[0m
verify / linux	UNKNOWN STEP	2026-09-27T07:43:16.1227481Z shell: /usr/bin/bash --noprofile --norc -e -o pipefail {0}
verify / linux	UNKNOWN STEP	2026-09-27T07:43:16.1227819Z env:
verify / linux	UNKNOWN STEP	2026-09-27T07:43:16.1228009Z   CARGO_TERM_COLOR: always
verify / linux	UNKNOWN STEP	2026-09-27T07:43:16.1228354Z   KOTORI_TEST_ARTIFACTS: /home/runner/work/Kotori/Kotori/test-artifacts
verify / linux	UNKNOWN STEP	2026-09-27T07:43:16.1228744Z   CARGO_HOME: /home/runner/.cargo
verify / linux	UNKNOWN STEP	2026-09-27T07:43:16.1229003Z ##[endgroup]
verify / linux	UNKNOWN STEP	2026-09-27T07:43:16.2282527Z info: using existing install for stable-x86_64-unknown-linux-gnu
verify / linux	UNKNOWN STEP	2026-09-27T07:43:16.3148739Z info: default toolchain set to stable-x86_64-unknown-linux-gnu
verify / linux	UNKNOWN STEP	2026-09-27T07:43:16.3164240Z 
verify / linux	UNKNOWN STEP	2026-09-27T07:43:16.3236206Z   stable-x86_64-unknown-linux-gnu unchanged - rustc 1.98.1 (48a229cea 2026-09-01)
verify / linux	UNKNOWN STEP	2026-09-27T07:43:16.3236865Z 
verify / linux	UNKNOWN STEP	2026-09-27T07:43:16.3262940Z ##[end-action id=__dtolnay_rust-toolchain.__run_5;outcome=success;conclusion=success;duration_ms=211]
verify / linux	UNKNOWN STEP	2026-09-27T07:43:16.3266144Z ##[start-action display=Create cachekey;id=__dtolnay_rust-toolchain.rustc-version]
verify / linux	UNKNOWN STEP	2026-09-27T07:43:16.3284607Z ##[group]Run DATE=$(rustc +stable --version --verbose | sed -ne 's/^commit-date: \(20[0-9][0-9]\)-\([01][0-9]\)-\([0-3][0-9]\)$/\1\2\3/p')
verify / linux	UNKNOWN STEP	2026-09-27T07:43:16.3285444Z ^[[36;1mDATE=$(rustc +stable --version --verbose | sed -ne 's/^commit-date: \(20[0-9][0-9]\)-\([01][0-9]\)-\([0-3][0-9]\)$/\1\2\3/p')^[[0m
verify / linux	UNKNOWN STEP	2026-09-27T07:43:16.3286107Z ^[[36;1mHASH=$(rustc +stable --version --verbose | sed -ne 's/^commit-hash: //p')^[[0m
verify / linux	UNKNOWN STEP	2026-09-27T07:43:16.3286625Z ^[[36;1mecho "cachekey=$(echo $DATE$HASH | head -c12)" >> $GITHUB_OUTPUT^[[0m
verify / linux	UNKNOWN STEP	2026-09-27T07:43:16.3350030Z shell: /usr/bin/bash --noprofile --norc -e -o pipefail {0}
verify / linux	UNKNOWN STEP	2026-09-27T07:43:16.3350383Z env:
verify / linux	UNKNOWN STEP	2026-09-27T07:43:16.3350577Z   CARGO_TERM_COLOR: always
verify / linux	UNKNOWN STEP	2026-09-27T07:43:16.3350928Z   KOTORI_TEST_ARTIFACTS: /home/runner/work/Kotori/Kotori/test-artifacts
verify / linux	UNKNOWN STEP	2026-09-27T07:43:16.3351320Z   CARGO_HOME: /home/runner/.cargo
verify / linux	UNKNOWN STEP	2026-09-27T07:43:16.3351564Z ##[endgroup]
verify / linux	UNKNOWN STEP	2026-09-27T07:43:16.5250355Z ##[end-action id=__dtolnay_rust-toolchain.rustc-version;outcome=success;conclusion=success;duration_ms=198]
verify / linux	UNKNOWN STEP	2026-09-27T07:43:16.5252973Z ##[start-action display=Disable incremental compilation;id=__dtolnay_rust-toolchain.__run_6]
verify / linux	UNKNOWN STEP	2026-09-27T07:43:16.5271320Z ##[group]Run if [ -z "${CARGO_INCREMENTAL+set}" ]; then
verify / linux	UNKNOWN STEP	2026-09-27T07:43:16.5271694Z ^[[36;1mif [ -z "${CARGO_INCREMENTAL+set}" ]; then^[[0m
verify / linux	UNKNOWN STEP	2026-09-27T07:43:16.5272028Z ^[[36;1m  echo CARGO_INCREMENTAL=0 >> $GITHUB_ENV^[[0m
verify / linux	UNKNOWN STEP	2026-09-27T07:43:16.5272334Z ^[[36;1mfi^[[0m
verify / linux	UNKNOWN STEP	2026-09-27T07:43:16.5336080Z shell: /usr/bin/bash --noprofile --norc -e -o pipefail {0}
verify / linux	UNKNOWN STEP	2026-09-27T07:43:16.5336422Z env:
verify / linux	UNKNOWN STEP	2026-09-27T07:43:16.5336614Z   CARGO_TERM_COLOR: always
verify / linux	UNKNOWN STEP	2026-09-27T07:43:16.5336956Z   KOTORI_TEST_ARTIFACTS: /home/runner/work/Kotori/Kotori/test-artifacts
verify / linux	UNKNOWN STEP	2026-09-27T07:43:16.5337340Z   CARGO_HOME: /home/runner/.cargo
verify / linux	UNKNOWN STEP	2026-09-27T07:43:16.5337584Z ##[endgroup]
verify / linux	UNKNOWN STEP	2026-09-27T07:43:16.5420388Z ##[end-action id=__dtolnay_rust-toolchain.__run_6;outcome=success;conclusion=success;duration_ms=16]
verify / linux	UNKNOWN STEP	2026-09-27T07:43:16.5422451Z ##[start-action display=Enable colors in Cargo output;id=__dtolnay_rust-toolchain.__run_7]
verify / linux	UNKNOWN STEP	2026-09-27T07:43:16.5438008Z ##[group]Run if [ -z "${CARGO_TERM_COLOR+set}" ]; then
verify / linux	UNKNOWN STEP	2026-09-27T07:43:16.5438388Z ^[[36;1mif [ -z "${CARGO_TERM_COLOR+set}" ]; then^[[0m
verify / linux	UNKNOWN STEP	2026-09-27T07:43:16.5438722Z ^[[36;1m  echo CARGO_TERM_COLOR=always >> $GITHUB_ENV^[[0m
verify / linux	UNKNOWN STEP	2026-09-27T07:43:16.5439007Z ^[[36;1mfi^[[0m
verify / linux	UNKNOWN STEP	2026-09-27T07:43:16.5495669Z shell: /usr/bin/bash --noprofile --norc -e -o pipefail {0}
verify / linux	UNKNOWN STEP	2026-09-27T07:43:16.5496209Z env:
verify / linux	UNKNOWN STEP	2026-09-27T07:43:16.5496402Z   CARGO_TERM_COLOR: always
verify / linux	UNKNOWN STEP	2026-09-27T07:43:16.5496749Z   KOTORI_TEST_ARTIFACTS: /home/runner/work/Kotori/Kotori/test-artifacts
verify / linux	UNKNOWN STEP	2026-09-27T07:43:16.5497134Z   CARGO_HOME: /home/runner/.cargo
verify / linux	UNKNOWN STEP	2026-09-27T07:43:16.5497378Z   CARGO_INCREMENTAL: 0
verify / linux	UNKNOWN STEP	2026-09-27T07:43:16.5497583Z ##[endgroup]
verify / linux	UNKNOWN STEP	2026-09-27T07:43:16.5577523Z ##[end-action id=__dtolnay_rust-toolchain.__run_7;outcome=success;conclusion=success;duration_ms=15]
verify / linux	UNKNOWN STEP	2026-09-27T07:43:16.5579527Z ##[start-action display=Enable Cargo sparse registry;id=__dtolnay_rust-toolchain.__run_8]
verify / linux	UNKNOWN STEP	2026-09-27T07:43:16.5596369Z ##[group]Run # implemented in 1.66, stabilized in 1.68, made default in 1.70
verify / linux	UNKNOWN STEP	2026-09-27T07:43:16.5596900Z ^[[36;1m# implemented in 1.66, stabilized in 1.68, made default in 1.70^[[0m
verify / linux	UNKNOWN STEP	2026-09-27T07:43:16.5597618Z ^[[36;1mif [ -z "${CARGO_REGISTRIES_CRATES_IO_PROTOCOL+set}" -o -f "/home/runner/work/_temp"/.implicit_cargo_registries_crates_io_protocol ]; then^[[0m
verify / linux	UNKNOWN STEP	2026-09-27T07:43:16.5598513Z ^[[36;1m  if rustc +stable --version --verbose | grep -q '^release: 1\.6[89]\.'; then^[[0m
verify / linux	UNKNOWN STEP	2026-09-27T07:43:16.5599097Z ^[[36;1m    touch "/home/runner/work/_temp"/.implicit_cargo_registries_crates_io_protocol || true^[[0m
verify / linux	UNKNOWN STEP	2026-09-27T07:43:16.5599641Z ^[[36;1m    echo CARGO_REGISTRIES_CRATES_IO_PROTOCOL=sparse >> $GITHUB_ENV^[[0m
verify / linux	UNKNOWN STEP	2026-09-27T07:43:16.5600151Z ^[[36;1m  elif rustc +stable --version --verbose | grep -q '^release: 1\.6[67]\.'; then^[[0m
verify / linux	UNKNOWN STEP	2026-09-27T07:43:16.5600717Z ^[[36;1m    touch "/home/runner/work/_temp"/.implicit_cargo_registries_crates_io_protocol || true^[[0m
verify / linux	UNKNOWN STEP	2026-09-27T07:43:16.5601234Z ^[[36;1m    echo CARGO_REGISTRIES_CRATES_IO_PROTOCOL=git >> $GITHUB_ENV^[[0m
verify / linux	UNKNOWN STEP	2026-09-27T07:43:16.5601581Z ^[[36;1m  fi^[[0m
verify / linux	UNKNOWN STEP	2026-09-27T07:43:16.5601764Z ^[[36;1mfi^[[0m
verify / linux	UNKNOWN STEP	2026-09-27T07:43:16.5658410Z shell: /usr/bin/bash --noprofile --norc -e -o pipefail {0}
verify / linux	UNKNOWN STEP	2026-09-27T07:43:16.5658751Z env:
verify / linux	UNKNOWN STEP	2026-09-27T07:43:16.5658942Z   CARGO_TERM_COLOR: always
verify / linux	UNKNOWN STEP	2026-09-27T07:43:16.5659292Z   KOTORI_TEST_ARTIFACTS: /home/runner/work/Kotori/Kotori/test-artifacts
verify / linux	UNKNOWN STEP	2026-09-27T07:43:16.5659680Z   CARGO_HOME: /home/runner/.cargo
verify / linux	UNKNOWN STEP	2026-09-27T07:43:16.5659928Z   CARGO_INCREMENTAL: 0
verify / linux	UNKNOWN STEP	2026-09-27T07:43:16.5660148Z ##[endgroup]
verify / linux	UNKNOWN STEP	2026-09-27T07:43:16.5994818Z ##[end-action id=__dtolnay_rust-toolchain.__run_8;outcome=success;conclusion=success;duration_ms=41]
verify / linux	UNKNOWN STEP	2026-09-27T07:43:16.5997515Z ##[start-action display=Work around spurious network errors in curl 8.0;id=__dtolnay_rust-toolchain.__run_9]
verify / linux	UNKNOWN STEP	2026-09-27T07:43:16.6015727Z ##[group]Run # https://rust-lang.zulipchat.com/#narrow/stream/246057-t-cargo/topic/timeout.20investigation
verify / linux	UNKNOWN STEP	2026-09-27T07:43:16.6016483Z ^[[36;1m# https://rust-lang.zulipchat.com/#narrow/stream/246057-t-cargo/topic/timeout.20investigation^[[0m
verify / linux	UNKNOWN STEP	2026-09-27T07:43:16.6017107Z ^[[36;1mif rustc +stable --version --verbose | grep -q '^release: 1\.7[01]\.'; then^[[0m
verify / linux	UNKNOWN STEP	2026-09-27T07:43:16.6017570Z ^[[36;1m  echo CARGO_HTTP_MULTIPLEXING=false >> $GITHUB_ENV^[[0m
verify / linux	UNKNOWN STEP	2026-09-27T07:43:16.6017882Z ^[[36;1mfi^[[0m
verify / linux	UNKNOWN STEP	2026-09-27T07:43:16.6082694Z shell: /usr/bin/bash --noprofile --norc -e -o pipefail {0}
verify / linux	UNKNOWN STEP	2026-09-27T07:43:16.6083526Z env:
verify / linux	UNKNOWN STEP	2026-09-27T07:43:16.6083764Z   CARGO_TERM_COLOR: always
verify / linux	UNKNOWN STEP	2026-09-27T07:43:16.6084126Z   KOTORI_TEST_ARTIFACTS: /home/runner/work/Kotori/Kotori/test-artifacts
verify / linux	UNKNOWN STEP	2026-09-27T07:43:16.6084550Z   CARGO_HOME: /home/runner/.cargo
verify / linux	UNKNOWN STEP	2026-09-27T07:43:16.6084806Z   CARGO_INCREMENTAL: 0
verify / linux	UNKNOWN STEP	2026-09-27T07:43:16.6085016Z ##[endgroup]
verify / linux	UNKNOWN STEP	2026-09-27T07:43:16.6304338Z ##[end-action id=__dtolnay_rust-toolchain.__run_9;outcome=success;conclusion=success;duration_ms=30]
verify / linux	UNKNOWN STEP	2026-09-27T07:43:16.6308776Z ##[start-action display=rustc +stable --version --verbose;id=__dtolnay_rust-toolchain.__run_10]
verify / linux	UNKNOWN STEP	2026-09-27T07:43:16.6326739Z ##[group]Run rustc +stable --version --verbose
verify / linux	UNKNOWN STEP	2026-09-27T07:43:16.6327088Z ^[[36;1mrustc +stable --version --verbose^[[0m
verify / linux	UNKNOWN STEP	2026-09-27T07:43:16.6390761Z shell: /usr/bin/bash --noprofile --norc -e -o pipefail {0}
verify / linux	UNKNOWN STEP	2026-09-27T07:43:16.6391109Z env:
verify / linux	UNKNOWN STEP	2026-09-27T07:43:16.6391313Z   CARGO_TERM_COLOR: always
verify / linux	UNKNOWN STEP	2026-09-27T07:43:16.6391681Z   KOTORI_TEST_ARTIFACTS: /home/runner/work/Kotori/Kotori/test-artifacts
verify / linux	UNKNOWN STEP	2026-09-27T07:43:16.6392238Z   CARGO_HOME: /home/runner/.cargo
verify / linux	UNKNOWN STEP	2026-09-27T07:43:16.6392486Z   CARGO_INCREMENTAL: 0
verify / linux	UNKNOWN STEP	2026-09-27T07:43:16.6392693Z ##[endgroup]
verify / linux	UNKNOWN STEP	2026-09-27T07:43:16.6579550Z rustc 1.98.1 (48a229cea 2026-09-01)
verify / linux	UNKNOWN STEP	2026-09-27T07:43:16.6580214Z binary: rustc
verify / linux	UNKNOWN STEP	2026-09-27T07:43:16.6580830Z commit-hash: 48a229ceaefd4985c50990b14116b6d856af0985
verify / linux	UNKNOWN STEP	2026-09-27T07:43:16.6581383Z commit-date: 2026-09-01
verify / linux	UNKNOWN STEP	2026-09-27T07:43:16.6581640Z host: x86_64-unknown-linux-gnu
verify / linux	UNKNOWN STEP	2026-09-27T07:43:16.6581899Z release: 1.98.1
verify / linux	UNKNOWN STEP	2026-09-27T07:43:16.6582111Z LLVM version: 22.1.8
verify / linux	UNKNOWN STEP	2026-09-27T07:43:16.6601539Z ##[end-action id=__dtolnay_rust-toolchain.__run_10;outcome=success;conclusion=success;duration_ms=29]
verify / linux	UNKNOWN STEP	2026-09-27T07:43:16.6716406Z ##[group]Run Swatinem/rust-cache@v2
verify / linux	UNKNOWN STEP	2026-09-27T07:43:16.6716696Z with:
verify / linux	UNKNOWN STEP	2026-09-27T07:43:16.6716892Z   prefix-key: v0-rust
verify / linux	UNKNOWN STEP	2026-09-27T07:43:16.6717111Z   add-job-id-key: true
verify / linux	UNKNOWN STEP	2026-09-27T07:43:16.6717349Z   add-rust-environment-hash-key: true
verify / linux	UNKNOWN STEP	2026-09-27T07:43:16.6717639Z   cache-targets: true
verify / linux	UNKNOWN STEP	2026-09-27T07:43:16.6717864Z   cache-all-crates: false
verify / linux	UNKNOWN STEP	2026-09-27T07:43:16.6718104Z   cache-workspace-crates: false
verify / linux	UNKNOWN STEP	2026-09-27T07:43:16.6718335Z   save-if: true
verify / linux	UNKNOWN STEP	2026-09-27T07:43:16.6718530Z   cache-provider: github
verify / linux	UNKNOWN STEP	2026-09-27T07:43:16.6718743Z   cache-bin: true
verify / linux	UNKNOWN STEP	2026-09-27T07:43:16.6718937Z   lookup-only: false
verify / linux	UNKNOWN STEP	2026-09-27T07:43:16.6719134Z   cmd-format: {0}
verify / linux	UNKNOWN STEP	2026-09-27T07:43:16.6719315Z env:
verify / linux	UNKNOWN STEP	2026-09-27T07:43:16.6719491Z   CARGO_TERM_COLOR: always
verify / linux	UNKNOWN STEP	2026-09-27T07:43:16.6719823Z   KOTORI_TEST_ARTIFACTS: /home/runner/work/Kotori/Kotori/test-artifacts
verify / linux	UNKNOWN STEP	2026-09-27T07:43:16.6720203Z   CARGO_HOME: /home/runner/.cargo
verify / linux	UNKNOWN STEP	2026-09-27T07:43:16.6720445Z   CARGO_INCREMENTAL: 0
verify / linux	UNKNOWN STEP	2026-09-27T07:43:16.6720687Z ##[endgroup]
verify / linux	UNKNOWN STEP	2026-09-27T07:43:17.0645821Z ##[group]Cache Configuration
verify / linux	UNKNOWN STEP	2026-09-27T07:43:17.0646292Z Cache Provider:
verify / linux	UNKNOWN STEP	2026-09-27T07:43:17.0646617Z     github
verify / linux	UNKNOWN STEP	2026-09-27T07:43:17.0646921Z Workspaces:
verify / linux	UNKNOWN STEP	2026-09-27T07:43:17.0647265Z     /home/runner/work/Kotori/Kotori
verify / linux	UNKNOWN STEP	2026-09-27T07:43:17.0647746Z Cache Paths:
verify / linux	UNKNOWN STEP	2026-09-27T07:43:17.0648105Z     /home/runner/.cargo/bin
verify / linux	UNKNOWN STEP	2026-09-27T07:43:17.0648537Z     /home/runner/.cargo/.crates.toml
verify / linux	UNKNOWN STEP	2026-09-27T07:43:17.0649126Z     /home/runner/.cargo/.crates2.json
verify / linux	UNKNOWN STEP	2026-09-27T07:43:17.0650328Z     /home/runner/.cargo/registry
verify / linux	UNKNOWN STEP	2026-09-27T07:43:17.0650778Z     /home/runner/.cargo/git
verify / linux	UNKNOWN STEP	2026-09-27T07:43:17.0651200Z     /home/runner/work/Kotori/Kotori/target
verify / linux	UNKNOWN STEP	2026-09-27T07:43:17.0651651Z Restore Key:
verify / linux	UNKNOWN STEP	2026-09-27T07:43:17.0651997Z     v0-rust-linux-Linux-x64-6ff13d87
verify / linux	UNKNOWN STEP	2026-09-27T07:43:17.0652424Z Cache Key:
verify / linux	UNKNOWN STEP	2026-09-27T07:43:17.0652783Z     v0-rust-linux-Linux-x64-6ff13d87-fbcba0e4
verify / linux	UNKNOWN STEP	2026-09-27T07:43:17.0653245Z .. Prefix:
verify / linux	UNKNOWN STEP	2026-09-27T07:43:17.0653806Z   - v0-rust-linux-Linux-x64
verify / linux	UNKNOWN STEP	2026-09-27T07:43:17.0654271Z .. Environment considered:
verify / linux	UNKNOWN STEP	2026-09-27T07:43:17.0654682Z   - Rust Versions:
verify / linux	UNKNOWN STEP	2026-09-27T07:43:17.0655242Z     - 1.98.1 x86_64-unknown-linux-gnu 48a229ceaefd4985c50990b14116b6d856af0985
verify / linux	UNKNOWN STEP	2026-09-27T07:43:17.0655877Z   - CARGO_HOME
verify / linux	UNKNOWN STEP	2026-09-27T07:43:17.0656207Z   - CARGO_INCREMENTAL
verify / linux	UNKNOWN STEP	2026-09-27T07:43:17.0656562Z   - CARGO_TERM_COLOR
verify / linux	UNKNOWN STEP	2026-09-27T07:43:17.0656915Z .. Lockfiles considered:
verify / linux	UNKNOWN STEP	2026-09-27T07:43:17.0657365Z   - /home/runner/work/Kotori/Kotori/.cargo/config.toml
verify / linux	UNKNOWN STEP	2026-09-27T07:43:17.0657922Z   - /home/runner/work/Kotori/Kotori/Cargo.lock
verify / linux	UNKNOWN STEP	2026-09-27T07:43:17.0658437Z   - /home/runner/work/Kotori/Kotori/Cargo.toml
verify / linux	UNKNOWN STEP	2026-09-27T07:43:17.0659182Z ##[endgroup]
verify / linux	UNKNOWN STEP	2026-09-27T07:43:17.0659368Z 
verify / linux	UNKNOWN STEP	2026-09-27T07:43:17.0659524Z ... Restoring cache ...
verify / linux	UNKNOWN STEP	2026-09-27T07:43:17.1334472Z Cache hit for: v0-rust-linux-Linux-x64-6ff13d87-fbcba0e4
verify / linux	UNKNOWN STEP	2026-09-27T07:43:18.1798372Z Received 268435456 of 1327599312 (20.2%), 256.0 MBs/sec
verify / linux	UNKNOWN STEP	2026-09-27T07:43:19.1802512Z Received 536870912 of 1327599312 (40.4%), 256.0 MBs/sec
verify / linux	UNKNOWN STEP	2026-09-27T07:43:20.1824171Z Received 809500672 of 1327599312 (61.0%), 257.1 MBs/sec
verify / linux	UNKNOWN STEP	2026-09-27T07:43:21.1937649Z Received 1140850688 of 1327599312 (85.9%), 271.1 MBs/sec
verify / linux	UNKNOWN STEP	2026-09-27T07:43:21.7843228Z Received 1327599312 of 1327599312 (100.0%), 274.9 MBs/sec
verify / linux	UNKNOWN STEP	2026-09-27T07:43:21.7846317Z Cache Size: ~1266 MB (1327599312 B)
verify / linux	UNKNOWN STEP	2026-09-27T07:43:21.7999796Z [command]/usr/bin/tar -xf /home/runner/work/_temp/2c45ee70-f84f-404a-b8b2-6fd060654035/cache.tzst -P -C /home/runner/work/Kotori/Kotori --use-compress-program unzstd
verify / linux	UNKNOWN STEP	2026-09-27T07:43:33.0334821Z Cache restored successfully
verify / linux	UNKNOWN STEP	2026-09-27T07:43:33.5638444Z Restored from cache key "v0-rust-linux-Linux-x64-6ff13d87-fbcba0e4" full match: true.
verify / linux	UNKNOWN STEP	2026-09-27T07:43:33.5797218Z ##[group]Run cargo fmt --all --check
verify / linux	UNKNOWN STEP	2026-09-27T07:43:33.5797561Z ^[[36;1mcargo fmt --all --check^[[0m
verify / linux	UNKNOWN STEP	2026-09-27T07:43:33.5861264Z shell: /usr/bin/bash -e {0}
verify / linux	UNKNOWN STEP	2026-09-27T07:43:33.5861517Z env:
verify / linux	UNKNOWN STEP	2026-09-27T07:43:33.5861715Z   CARGO_TERM_COLOR: always
verify / linux	UNKNOWN STEP	2026-09-27T07:43:33.5862071Z   KOTORI_TEST_ARTIFACTS: /home/runner/work/Kotori/Kotori/test-artifacts
verify / linux	UNKNOWN STEP	2026-09-27T07:43:33.5862460Z   CARGO_HOME: /home/runner/.cargo
verify / linux	UNKNOWN STEP	2026-09-27T07:43:33.5862716Z   CARGO_INCREMENTAL: 0
verify / linux	UNKNOWN STEP	2026-09-27T07:43:33.5862948Z   CACHE_ON_FAILURE: false
verify / linux	UNKNOWN STEP	2026-09-27T07:43:33.5863171Z ##[endgroup]
verify / linux	UNKNOWN STEP	2026-09-27T07:43:35.2418394Z ##[group]Run bash scripts/check-file-size.sh
verify / linux	UNKNOWN STEP	2026-09-27T07:43:35.2419061Z ^[[36;1mbash scripts/check-file-size.sh^[[0m
verify / linux	UNKNOWN STEP	2026-09-27T07:43:35.2482367Z shell: /usr/bin/bash -e {0}
verify / linux	UNKNOWN STEP	2026-09-27T07:43:35.2482630Z env:
verify / linux	UNKNOWN STEP	2026-09-27T07:43:35.2482835Z   CARGO_TERM_COLOR: always
verify / linux	UNKNOWN STEP	2026-09-27T07:43:35.2483193Z   KOTORI_TEST_ARTIFACTS: /home/runner/work/Kotori/Kotori/test-artifacts
verify / linux	UNKNOWN STEP	2026-09-27T07:43:35.2483740Z   CARGO_HOME: /home/runner/.cargo
verify / linux	UNKNOWN STEP	2026-09-27T07:43:35.2484001Z   CARGO_INCREMENTAL: 0
verify / linux	UNKNOWN STEP	2026-09-27T07:43:35.2484225Z   CACHE_ON_FAILURE: false
verify / linux	UNKNOWN STEP	2026-09-27T07:43:35.2484444Z ##[endgroup]
verify / linux	UNKNOWN STEP	2026-09-27T07:43:35.7050258Z 超过硬线 600 行的源文件：0 个（基线 0 个）；另有 0 个落在软线 500 行之上
verify / linux	UNKNOWN STEP	2026-09-27T07:43:35.7050912Z （一个都没有，硬线守住了）
verify / linux	UNKNOWN STEP	2026-09-27T07:43:35.7089011Z ##[group]Run cargo clippy --all-targets --locked -- -D warnings
verify / linux	UNKNOWN STEP	2026-09-27T07:43:35.7089490Z ^[[36;1mcargo clippy --all-targets --locked -- -D warnings^[[0m
verify / linux	UNKNOWN STEP	2026-09-27T07:43:35.7152659Z shell: /usr/bin/bash -e {0}
verify / linux	UNKNOWN STEP	2026-09-27T07:43:35.7152909Z env:
verify / linux	UNKNOWN STEP	2026-09-27T07:43:35.7153108Z   CARGO_TERM_COLOR: always
verify / linux	UNKNOWN STEP	2026-09-27T07:43:35.7153860Z   KOTORI_TEST_ARTIFACTS: /home/runner/work/Kotori/Kotori/test-artifacts
verify / linux	UNKNOWN STEP	2026-09-27T07:43:35.7154283Z   CARGO_HOME: /home/runner/.cargo
verify / linux	UNKNOWN STEP	2026-09-27T07:43:35.7154547Z   CARGO_INCREMENTAL: 0
verify / linux	UNKNOWN STEP	2026-09-27T07:43:35.7154777Z   CACHE_ON_FAILURE: false
verify / linux	UNKNOWN STEP	2026-09-27T07:43:35.7155005Z ##[endgroup]
verify / linux	UNKNOWN STEP	2026-09-27T07:43:36.0042153Z ^[[1m^[[92m    Updating^[[0m crates.io index
verify / linux	UNKNOWN STEP	2026-09-27T07:43:38.4839794Z ^[[1m^[[92m   Compiling^[[0m kotori v0.1.0 (/home/runner/work/Kotori/Kotori)
verify / linux	UNKNOWN STEP	2026-09-27T07:44:10.8434670Z ^[[1m^[[92m    Finished^[[0m `dev` profile [optimized + debuginfo] target(s) in 35.06s
verify / linux	UNKNOWN STEP	2026-09-27T07:44:10.8987735Z ##[group]Run scripts/test.sh
verify / linux	UNKNOWN STEP	2026-09-27T07:44:10.8988062Z ^[[36;1mscripts/test.sh^[[0m
verify / linux	UNKNOWN STEP	2026-09-27T07:44:10.9052537Z shell: /usr/bin/bash -e {0}
verify / linux	UNKNOWN STEP	2026-09-27T07:44:10.9052819Z env:
verify / linux	UNKNOWN STEP	2026-09-27T07:44:10.9053051Z   CARGO_TERM_COLOR: always
verify / linux	UNKNOWN STEP	2026-09-27T07:44:10.9053669Z   KOTORI_TEST_ARTIFACTS: /home/runner/work/Kotori/Kotori/test-artifacts
verify / linux	UNKNOWN STEP	2026-09-27T07:44:10.9054132Z   CARGO_HOME: /home/runner/.cargo
verify / linux	UNKNOWN STEP	2026-09-27T07:44:10.9054448Z   CARGO_INCREMENTAL: 0
verify / linux	UNKNOWN STEP	2026-09-27T07:44:10.9054707Z   CACHE_ON_FAILURE: false
verify / linux	UNKNOWN STEP	2026-09-27T07:44:10.9054962Z ##[endgroup]
verify / linux	UNKNOWN STEP	2026-09-27T07:44:11.3074364Z ^[[1m^[[92m   Compiling^[[0m kotori v0.1.0 (/home/runner/work/Kotori/Kotori)
verify / linux	UNKNOWN STEP	2026-09-27T07:48:25.4335188Z ^[[1m^[[92m    Finished^[[0m `test` profile [optimized + debuginfo] target(s) in 4m 14s
verify / linux	UNKNOWN STEP	2026-09-27T07:48:25.4614963Z ^[[1m^[[92m     Running^[[0m unittests src/main.rs (target/debug/deps/kotori-7f624b4dfe063160)
verify / linux	UNKNOWN STEP	2026-09-27T07:48:25.4740267Z 
verify / linux	UNKNOWN STEP	2026-09-27T07:48:25.4740486Z running 535 tests
verify / linux	UNKNOWN STEP	2026-09-27T07:48:25.4751305Z test config::lock::tests::the_lock_lives_beside_the_config ... ok
verify / linux	UNKNOWN STEP	2026-09-27T07:48:25.4752998Z test config::lock::tests::a_second_writer_is_locked_out_until_the_first_one_finishes ... ok
verify / linux	UNKNOWN STEP	2026-09-27T07:48:25.4754651Z test config::paths::tests::a_config_next_to_the_binary_wins_over_the_default ... ok
verify / linux	UNKNOWN STEP	2026-09-27T07:48:25.4755606Z test config::paths::tests::a_portable_config_keeps_its_data_next_to_itself ... ok
verify / linux	UNKNOWN STEP	2026-09-27T07:48:25.4758916Z test config::paths::tests::a_malformed_config_is_backed_up_by_load_at ... ok
verify / linux	UNKNOWN STEP	2026-09-27T07:48:25.4765987Z test config::paths::tests::an_unreadable_config_is_an_error_not_a_fresh_start ... ok
verify / linux	UNKNOWN STEP	2026-09-27T07:48:25.4781170Z test config::paths::tests::a_leftover_temp_file_does_not_disturb_the_config ... ok
verify / linux	UNKNOWN STEP	2026-09-27T07:48:25.4782245Z test config::paths::tests::no_exe_information_falls_back_to_the_default ... ok
verify / linux	UNKNOWN STEP	2026-09-27T07:48:25.4783209Z test config::paths::tests::portable_means_the_config_sits_next_to_the_binary ... ok
verify / linux	UNKNOWN STEP	2026-09-27T07:48:25.4784393Z test config::profile::tests::a_hand_written_separator_is_rejected ... ok
verify / linux	UNKNOWN STEP	2026-09-27T07:48:25.4785224Z test config::profile::tests::algorithm_labels_round_trip ... ok
verify / linux	UNKNOWN STEP	2026-09-27T07:48:25.4786152Z test config::profile::tests::an_empty_game_resolution_leaves_the_size_to_gamescope ... ok
verify / linux	UNKNOWN STEP	2026-09-27T07:48:25.4787312Z test config::paths::tests::without_a_beside_binary_config_the_default_directory_is_used ... ok
verify / linux	UNKNOWN STEP	2026-09-27T07:48:25.4788526Z test config::profile::tests::an_empty_profile_gets_the_screen_and_a_filled_one_overrides_it ... ok
verify / linux	UNKNOWN STEP	2026-09-27T07:48:25.4789627Z test config::profile::tests::normalize_clamps_sharpness_only ... ok
verify / linux	UNKNOWN STEP	2026-09-27T07:48:25.4790626Z test config::profile::tests::free_form_is_about_the_arguments_being_there ... ok
verify / linux	UNKNOWN STEP	2026-09-27T07:48:25.4791633Z test config::profile::tests::profile_validation_bounds_the_scaling_ratio ... ok
verify / linux	UNKNOWN STEP	2026-09-27T07:48:25.4792625Z test config::profile::tests::profile_validation_rejects_impossible_values ... ok
verify / linux	UNKNOWN STEP	2026-09-27T07:48:25.4793843Z test config::profile::tests::sharpness_is_clamped_and_rebuilt ... ok
verify / linux	UNKNOWN STEP	2026-09-27T07:48:25.4794767Z test config::sync::tests::a_sync_config_that_still_carries_encryption_still_loads ... ok
verify / linux	UNKNOWN STEP	2026-09-27T07:48:25.4795834Z test config::sync::tests::a_sync_config_without_an_engine_key_gets_the_current_default ... ok
verify / linux	UNKNOWN STEP	2026-09-27T07:48:25.4796892Z test config::sync::tests::a_sync_config_without_binary_paths_finds_the_programs_itself ... ok
verify / linux	UNKNOWN STEP	2026-09-27T07:48:25.4797797Z test config::sync::tests::the_engine_survives_a_round_trip ... ok
verify / linux	UNKNOWN STEP	2026-09-27T07:48:25.4798617Z test config::tests::a_hand_written_game_entry_needs_only_a_name_and_an_exe ... ok
verify / linux	UNKNOWN STEP	2026-09-27T07:48:25.4799426Z test config::tests::a_config_that_still_carries_follow_window_still_loads ... ok
verify / linux	UNKNOWN STEP	2026-09-27T07:48:25.4799913Z test config::tests::as_str_matches_what_serde_writes ... ok
verify / linux	UNKNOWN STEP	2026-09-27T07:48:25.4800391Z test config::tests::a_sync_config_that_still_carries_encryption_still_loads ... ok
verify / linux	UNKNOWN STEP	2026-09-27T07:48:25.4800940Z test config::tests::auto_watch_defaults_on_and_still_answers_to_its_old_name ... ok
verify / linux	UNKNOWN STEP	2026-09-27T07:48:25.4801678Z test config::tests::corrupt_config_is_backed_up ... ok
verify / linux	UNKNOWN STEP	2026-09-27T07:48:25.4802123Z test config::tests::missing_file_falls_back_to_defaults ... ok
verify / linux	UNKNOWN STEP	2026-09-27T07:48:25.4802568Z test config::tests::legacy_lanczos_config_no_longer_parses ... ok
verify / linux	UNKNOWN STEP	2026-09-27T07:48:25.4803070Z test config::tests::one_entry_missing_its_exe_does_not_take_the_whole_file_down ... ok
verify / linux	UNKNOWN STEP	2026-09-27T07:48:25.4804059Z test config::tests::partial_game_config_uses_serde_defaults ... ok
verify / linux	UNKNOWN STEP	2026-09-27T07:48:25.4804850Z test config::tests::the_watched_process_name_falls_back_to_the_exe_file_name ... ok
verify / linux	UNKNOWN STEP	2026-09-27T07:48:25.4805417Z test daemon::protocol::tests::a_patch_key_the_daemon_does_not_know_is_rejected ... ok
verify / linux	UNKNOWN STEP	2026-09-27T07:48:25.4806023Z test config::tests::the_auto_watch_default_flips_old_configs_once_and_only_once ... ok
verify / linux	UNKNOWN STEP	2026-09-27T07:48:25.4806947Z test daemon::protocol::tests::an_absent_key_leaves_its_field_alone ... ok
verify / linux	UNKNOWN STEP	2026-09-27T07:48:25.4807779Z test config::tests::config_round_trips_through_toml ... ok
verify / linux	UNKNOWN STEP	2026-09-27T07:48:25.4865703Z test daemon::sync_rpc::tests::resolve::resolve_can_bind_an_existing_cloud_identity ... ok
verify / linux	UNKNOWN STEP	2026-09-27T07:48:25.4881591Z test daemon::sync_rpc::tests::resolve::repeating_the_same_pair_is_idempotent ... ok
verify / linux	UNKNOWN STEP	2026-09-27T07:48:25.4890218Z test daemon::sync_rpc::tests::cloud_sync_cannot_be_switched_on_without_a_save_location ... ok
verify / linux	UNKNOWN STEP	2026-09-27T07:48:25.4903608Z test daemon::sync_rpc::tests::resolve::resolve_pair_without_an_identity_creates_a_new_binding_decision ... ok
verify / linux	UNKNOWN STEP	2026-09-27T07:48:25.4905507Z test daemon::sync_rpc::tests::resolve::resolve_rejects_an_unknown_choice_without_mutating_the_binding ... ok
verify / linux	UNKNOWN STEP	2026-09-27T07:48:25.4975310Z test daemon::sync_rpc::tests::settings_are_validated_before_they_are_stored ... ok
verify / linux	UNKNOWN STEP	2026-09-27T07:48:25.4986980Z test daemon::sync_rpc::tests::resolve::switching_one_game_off_stops_its_automatic_sync_only ... ok
verify / linux	UNKNOWN STEP	2026-09-27T07:48:25.5006977Z test daemon::sync_rpc::tests::resolve::the_pre_launch_self_check_asks_once_and_remembers_the_answer ... ok
verify / linux	UNKNOWN STEP	2026-09-27T07:48:25.5088580Z test daemon::sync_rpc::tests::status_explains_what_is_missing_instead_of_failing ... ok
verify / linux	UNKNOWN STEP	2026-09-27T07:48:25.5125805Z test daemon::sync_rpc::tests::the_machine_identity_is_created_once_and_persisted ... ok
verify / linux	UNKNOWN STEP	2026-09-27T07:48:25.5162384Z test daemon::sync_rpc::tests_credentials::a_launch_never_fails_because_sync_is_broken ... ok
verify / linux	UNKNOWN STEP	2026-09-27T07:48:25.5174040Z test daemon::sync_rpc::tests_credentials::a_launch_with_sync_off_does_not_touch_the_network ... ok
verify / linux	UNKNOWN STEP	2026-09-27T07:48:25.5187609Z test daemon::sync_rpc::tests::status_never_returns_a_secret_value ... ok
verify / linux	UNKNOWN STEP	2026-09-27T07:48:25.5204248Z test daemon::sync_rpc::tests_credentials::a_short_master_password_is_refused_with_a_reason ... ok
verify / linux	UNKNOWN STEP	2026-09-27T07:48:25.5205884Z test daemon::sync_rpc::tests_credentials::an_explicitly_given_store_is_never_replaced_behind_the_caller ... ok
verify / linux	UNKNOWN STEP	2026-09-27T07:48:25.5388595Z test daemon::sync_rpc::tests_credentials::credentials_go_into_the_keyring_and_can_be_cleared ... ok
verify / linux	UNKNOWN STEP	2026-09-27T07:48:25.5389998Z test daemon::sync_rpc::tests_credentials::every_sync_config_key_is_accepted_by_the_settings_patch ... ok
verify / linux	UNKNOWN STEP	2026-09-27T07:48:25.5414467Z test daemon::sync_rpc::tests_credentials::kopia_password_can_be_stored_and_cleared ... ok
verify / linux	UNKNOWN STEP	2026-09-27T07:48:25.5704949Z test config::paths::tests::a_reader_never_sees_a_half_written_config ... ok
verify / linux	UNKNOWN STEP	2026-09-27T07:48:25.5708472Z test daemon::sync_rpc::tests_credentials::the_store_never_changes_under_a_running_daemon ... ok
verify / linux	UNKNOWN STEP	2026-09-27T07:48:25.5713107Z test daemon::sync_rpc::tests_credentials::the_master_file_can_be_deleted_even_while_it_is_locked ... ok
verify / linux	UNKNOWN STEP	2026-09-27T07:48:25.5735078Z test daemon::tests::config_source::a_failed_credential_move_leaves_the_config_source_unchanged ... ok
verify / linux	UNKNOWN STEP	2026-09-27T07:48:25.5744125Z test daemon::tests::a_write_rereads_the_file_so_a_cli_add_is_not_overwritten ... ok
verify / linux	UNKNOWN STEP	2026-09-27T07:48:25.5794825Z test daemon::tests::config_source::switching_the_config_source_moves_it_and_makes_the_portable_one_step_aside ... ok
verify / linux	UNKNOWN STEP	2026-09-27T07:48:25.5805176Z test daemon::tests::config_source::switching_to_the_source_already_in_use_changes_nothing ... ok
verify / linux	UNKNOWN STEP	2026-09-27T07:48:25.5808493Z test daemon::tests::every_game_config_key_is_either_patchable_or_a_known_exception ... ok
verify / linux	UNKNOWN STEP	2026-09-27T07:48:25.5815288Z test daemon::tests::game_list_exposes_the_full_scale_profile ... ok
verify / linux	UNKNOWN STEP	2026-09-27T07:48:25.5817273Z test daemon::tests::config_source::switching_the_config_source_takes_the_credentials_along ... ok
verify / linux	UNKNOWN STEP	2026-09-27T07:48:25.5818506Z test daemon::tests::games_are_sorted_by_name ... ok
verify / linux	UNKNOWN STEP	2026-09-27T07:48:25.5819688Z test daemon::tests::malformed_json_is_a_parse_error ... ok
verify / linux	UNKNOWN STEP	2026-09-27T07:48:25.5822713Z test daemon::tests::missing_params_are_invalid_params ... ok
verify / linux	UNKNOWN STEP	2026-09-27T07:48:25.5826119Z test daemon::tests::games_with_the_same_name_still_have_one_order ... ok
verify / linux	UNKNOWN STEP	2026-09-27T07:48:25.5846550Z test daemon::tests::mounts::a_path_that_is_not_here_is_still_refused_without_a_reference ... ok
verify / linux	UNKNOWN STEP	2026-09-27T07:48:25.5856960Z test daemon::tests::mounts::a_null_reference_turns_it_off_and_is_not_filled_back_in ... ok
verify / linux	UNKNOWN STEP	2026-09-27T07:48:25.5869704Z test daemon::tests::mounts::a_reference_lets_a_path_that_is_not_mounted_here_through ... ok
verify / linux	UNKNOWN STEP	2026-09-27T07:48:25.5873728Z test daemon::tests::mounts::a_reference_that_escapes_its_disk_is_refused ... ok
verify / linux	UNKNOWN STEP	2026-09-27T07:48:25.5894918Z test daemon::tests::mounts::an_explicit_reference_is_stored_and_the_absolute_path_gives_way ... ok
verify / linux	UNKNOWN STEP	2026-09-27T07:48:25.5904042Z test daemon::tests::mounts::creating_a_game_with_a_reference_does_not_need_the_file_to_be_here ... ok
verify / linux	UNKNOWN STEP	2026-09-27T07:48:25.5906379Z test daemon::tests::mounts::creating_a_game_without_a_reference_still_needs_a_real_exe ... ok
verify / linux	UNKNOWN STEP	2026-09-27T07:48:25.5910109Z test daemon::tests::shutdown_reply_is_flagged ... ok
verify / linux	UNKNOWN STEP	2026-09-27T07:48:25.5916795Z test daemon::tests::status_on_unknown_session_lists_nothing_new ... ok
verify / linux	UNKNOWN STEP	2026-09-27T07:48:25.5918130Z test daemon::tests::status_reports_no_sessions_initially ... ok
verify / linux	UNKNOWN STEP	2026-09-27T07:48:25.5919288Z test daemon::tests::mounts::infer_says_nothing_about_a_path_that_is_not_there ... ok
verify / linux	UNKNOWN STEP	2026-09-27T07:48:25.5920576Z test daemon::tests::unknown_method_is_reported_as_method_not_found ... ok
verify / linux	UNKNOWN STEP	2026-09-27T07:48:25.5921717Z test desktop::kde::tests::kwin_accepts_our_scripts ... ignored, needs a live KDE session
verify / linux	UNKNOWN STEP	2026-09-27T07:48:25.5922939Z test daemon::tests::wrong_jsonrpc_version_is_rejected ... ok
verify / linux	UNKNOWN STEP	2026-09-27T07:48:25.6026530Z test display::tests::a_probe_that_answers_hands_back_its_output ... ok
verify / linux	UNKNOWN STEP	2026-09-27T07:48:25.6027647Z test display::tests::kde_follows_current_mode_id ... ok
verify / linux	UNKNOWN STEP	2026-09-27T07:48:25.6028902Z test display::tests::kde_numeric_mode_ids_and_missing_keys_are_tolerated ... ok
verify / linux	UNKNOWN STEP	2026-09-27T07:48:25.6030052Z test display::tests::kde_prefers_primary_and_skips_unusable_outputs ... ok
verify / linux	UNKNOWN STEP	2026-09-27T07:48:25.6031298Z test display::tests::kde_unknown_mode_id_falls_back_to_output_size ... ok
verify / linux	UNKNOWN STEP	2026-09-27T07:48:25.6032671Z test display::tests::kde_uses_device_pixels_not_logical_size ... ok
verify / linux	UNKNOWN STEP	2026-09-27T07:48:25.6033872Z test display::tests::kde_without_outputs_returns_none ... ok
verify / linux	UNKNOWN STEP	2026-09-27T07:48:25.6034699Z test display::tests::kde_without_priority_falls_back_to_largest ... ok
verify / linux	UNKNOWN STEP	2026-09-27T07:48:25.6036042Z test display::tests::out_of_range_current_mode_falls_back_to_first ... ok
verify / linux	UNKNOWN STEP	2026-09-27T07:48:25.6038088Z test display::tests::output_without_modes_is_skipped ... ok
verify / linux	UNKNOWN STEP	2026-09-27T07:48:25.6040231Z test display::tests::parses_resolution_specs ... ok
verify / linux	UNKNOWN STEP	2026-09-27T07:48:25.6041951Z test display::tests::picks_largest_output_deterministically ... ok
verify / linux	UNKNOWN STEP	2026-09-27T07:48:25.6042886Z test display::tests::uses_current_mode_not_logical_size ... ok
verify / linux	UNKNOWN STEP	2026-09-27T07:48:25.6043932Z test game::tests::a_second_entry_with_the_same_name_gets_a_numeric_suffix ... ok
verify / linux	UNKNOWN STEP	2026-09-27T07:48:25.6050089Z test game::tests::an_exe_already_used_by_another_entry_is_reported_by_name ... ok
verify / linux	UNKNOWN STEP	2026-09-27T07:48:25.6053742Z test game::tests::an_uninstaller_is_not_the_game_even_when_it_is_called_uninstaller ... ok
verify / linux	UNKNOWN STEP	2026-09-27T07:48:25.6070332Z test game::tests::directories_whose_ids_collide_are_all_added_not_swallowed ... ok
verify / linux	UNKNOWN STEP	2026-09-27T07:48:25.6072724Z test game::tests::falls_back_to_an_exe_when_only_helpers_exist ... ok
verify / linux	UNKNOWN STEP	2026-09-27T07:48:25.6075389Z test game::tests::game_ids_are_stable_and_filesystem_safe ... ok
verify / linux	UNKNOWN STEP	2026-09-27T07:48:25.6076176Z test game::tests::helpers_are_recognised_by_prefix_too ... ok
verify / linux	UNKNOWN STEP	2026-09-27T07:48:25.6078155Z test game::tests::no_executables_means_no_candidate ... ok
verify / linux	UNKNOWN STEP	2026-09-27T07:48:25.6082040Z test game::tests::prefers_the_chinese_localised_executable ... ok
verify / linux	UNKNOWN STEP	2026-09-27T07:48:25.6086183Z test daemon::sync_rpc::tests_credentials::a_master_password_seals_the_credentials_and_survives_a_restart ... ok
verify / linux	UNKNOWN STEP	2026-09-27T07:48:25.6095062Z test game::tests::scan_counts_the_scanned_directory_itself ... ok
verify / linux	UNKNOWN STEP	2026-09-27T07:48:25.6095947Z test game::tests::scan_counts_subdirectories_and_the_root_itself ... ok
verify / linux	UNKNOWN STEP	2026-09-27T07:48:25.6098842Z test game::tests::scan_of_missing_directory_is_an_error ... ok
verify / linux	UNKNOWN STEP	2026-09-27T07:48:25.6102880Z test game::tests::scan_of_a_file_is_an_error_too ... ok
verify / linux	UNKNOWN STEP	2026-09-27T07:48:25.6107237Z test game::tests::self_and_subdirectory_hits_stay_two_distinct_entries ... ok
verify / linux	UNKNOWN STEP	2026-09-27T07:48:25.6108249Z test game::tests::skips_installers_and_tools ... ok
verify / linux	UNKNOWN STEP	2026-09-27T07:48:25.6109389Z test mount::tests::a_disk_mounted_at_two_points_resolves_to_the_shorter_one ... ok
verify / linux	UNKNOWN STEP	2026-09-27T07:48:25.6110543Z test mount::tests::a_nested_mount_only_claims_paths_under_its_own_point ... ok
verify / linux	UNKNOWN STEP	2026-09-27T07:48:25.6111693Z test mount::tests::btrfs_subvol_layout_keeps_the_subvol_root_in_references ... ok
verify / linux	UNKNOWN STEP	2026-09-27T07:48:25.6112853Z test game::tests::the_executable_named_like_its_directory_beats_a_lookalike ... ok
verify / linux	UNKNOWN STEP	2026-09-27T07:48:25.6114490Z test mount::tests::escape_sequences_are_decoded ... ok
verify / linux	UNKNOWN STEP	2026-09-27T07:48:25.6115492Z test mount::tests::escaped_root_and_point_are_both_decoded ... ok
verify / linux	UNKNOWN STEP	2026-09-27T07:48:25.6116683Z test mount::tests::infer_refuses_paths_without_a_known_disk ... ok
verify / linux	UNKNOWN STEP	2026-09-27T07:48:25.6117510Z test mount::tests::nested_mount_wins_over_the_parent ... ok
verify / linux	UNKNOWN STEP	2026-09-27T07:48:25.6118498Z test mount::tests::parse_reads_root_and_mountpoint ... ok
verify / linux	UNKNOWN STEP	2026-09-27T07:48:25.6119542Z test mount::tests::references_with_traversal_or_absolute_parts_are_rejected ... ok
verify / linux	UNKNOWN STEP	2026-09-27T07:48:25.6120430Z test mount::tests::resolve_reports_a_disk_that_is_not_mounted ... ok
verify / linux	UNKNOWN STEP	2026-09-27T07:48:25.6121429Z test mount::tests::the_same_disk_remounting_elsewhere_keeps_references_working ... ok
verify / linux	UNKNOWN STEP	2026-09-27T07:48:25.6122322Z test mount::tests::tree_rooted_mount_keeps_its_root_in_references ... ok
verify / linux	UNKNOWN STEP	2026-09-27T07:48:25.6123243Z test mount::tests::two_devices_with_the_same_uuid_are_refused ... ok
verify / linux	UNKNOWN STEP	2026-09-27T07:48:25.6124289Z test picker::tests::a_localhost_host_is_not_part_of_the_path ... ok
verify / linux	UNKNOWN STEP	2026-09-27T07:48:25.6125080Z test picker::tests::a_plain_file_uri_becomes_the_path_behind_it ... ok
verify / linux	UNKNOWN STEP	2026-09-27T07:48:25.6125807Z test picker::tests::a_request_says_what_it_wants ... ok
verify / linux	UNKNOWN STEP	2026-09-27T07:48:25.6126655Z test picker::tests::anything_that_is_not_a_local_file_is_refused ... ok
verify / linux	UNKNOWN STEP	2026-09-27T07:48:25.6127433Z test picker::tests::cancelling_a_dialog_is_not_a_failure ... ok
verify / linux	UNKNOWN STEP	2026-09-27T07:48:25.6128148Z test picker::tests::non_ascii_names_come_back_readable ... ok
verify / linux	UNKNOWN STEP	2026-09-27T07:48:25.6129011Z test platform::tests::a_missing_optional_dependency_does_not_make_the_report_fail ... ok
verify / linux	UNKNOWN STEP	2026-09-27T07:48:25.6130083Z test platform::tests::a_required_dependency_that_answers_badly_is_not_reported_as_missing ... ok
verify / linux	UNKNOWN STEP	2026-09-27T07:48:25.6131033Z test platform::tests::a_version_line_becomes_one_plain_line ... ok
verify / linux	UNKNOWN STEP	2026-09-27T07:48:25.6131805Z test platform::tests::an_older_gamescope_is_degraded_not_ready ... ok
verify / linux	UNKNOWN STEP	2026-09-27T07:48:25.6132614Z test platform::tests::kopia_is_an_alternative_not_a_requirement ... ok
verify / linux	UNKNOWN STEP	2026-09-27T07:48:25.6133747Z test platform::tests::os_release_is_read_without_assuming_quotes_and_order ... ok
verify / linux	UNKNOWN STEP	2026-09-27T07:48:25.6134691Z test platform::tests::the_gamescope_version_is_read_out_of_a_noisy_line ... ok
verify / linux	UNKNOWN STEP	2026-09-27T07:48:25.6135614Z test platform::tests::the_install_command_follows_the_distro ... ok
verify / linux	UNKNOWN STEP	2026-09-27T07:48:25.6136678Z test platform::tests::the_wire_shape_is_what_the_settings_page_reads ... ok
verify / linux	UNKNOWN STEP	2026-09-27T07:48:25.6137756Z test process::tests::comm_truncation_counts_bytes_not_characters ... ok
verify / linux	UNKNOWN STEP	2026-09-27T07:48:25.6138960Z test process::tests::command_line_paths_become_unix_paths ... ok
verify / linux	UNKNOWN STEP	2026-09-27T07:48:25.6141120Z test process::tests::descendants_come_from_one_pass_and_keep_their_names ... ok
verify / linux	UNKNOWN STEP	2026-09-27T07:48:25.6141995Z test process::tests::does_not_match_unrelated_processes ... ok
verify / linux	UNKNOWN STEP	2026-09-27T07:48:25.6142735Z test process::tests::matches_truncated_comm_names ... ok
verify / linux	UNKNOWN STEP	2026-09-27T07:48:25.6143735Z test process::tests::matches_wine_style_processes ... ok
verify / linux	UNKNOWN STEP	2026-09-27T07:48:25.6144454Z test process::tests::normalizes_windows_and_unix_paths ... ok
verify / linux	UNKNOWN STEP	2026-09-27T07:48:25.6145240Z test process::tests::plumbing_is_told_apart_from_a_game ... ok
verify / linux	UNKNOWN STEP	2026-09-27T07:48:25.6164354Z test process::tests::a_process_reports_its_own_exe_path ... ok
verify / linux	UNKNOWN STEP	2026-09-27T07:48:25.6217417Z test process::tests::the_pickable_list_keeps_game_shaped_processes_only ... ok
verify / linux	UNKNOWN STEP	2026-09-27T07:48:25.6221439Z test process::tests::the_exe_path_decides_which_game_is_running ... ok
verify / linux	UNKNOWN STEP	2026-09-27T07:48:25.6243827Z test process::tests::waiting_for_a_missing_process_returns_immediately ... ok
verify / linux	UNKNOWN STEP	2026-09-27T07:48:25.6336476Z test process::unix::tests::finds_descendants_and_calls_the_game_one_a_game ... ok
verify / linux	UNKNOWN STEP	2026-09-27T07:48:25.6337750Z test rpc::tests::a_missing_endpoint_is_reported_as_a_connection_error ... ok
verify / linux	UNKNOWN STEP	2026-09-27T07:48:25.6347476Z test rpc::tests::malformed_empty_and_error_responses_are_reported ... ok
verify / linux	UNKNOWN STEP	2026-09-27T07:48:25.6348565Z test scale::action::tests::a_profile_ratio_lands_on_its_ladder_step ... ok
verify / linux	UNKNOWN STEP	2026-09-27T07:48:25.6350073Z test scale::action::tests::one_key_flips_between_the_configured_ratio_and_one_to_one ... ok
verify / linux	UNKNOWN STEP	2026-09-27T07:48:25.6351372Z test scale::action::tests::profile_ratio_is_the_one_the_launch_arguments_encode ... ok
verify / linux	UNKNOWN STEP	2026-09-27T07:48:25.6352611Z test scale::action::tests::the_ladder_starts_at_one_and_stops_at_its_ends ... ok
verify / linux	UNKNOWN STEP	2026-09-27T07:48:25.6353911Z test scale::args::tests::a_brand_new_profile_launches_as_a_resizable_window ... ok
verify / linux	UNKNOWN STEP	2026-09-27T07:48:25.6354902Z test scale::args::tests::a_scaling_ratio_wins_over_an_explicit_size ... ok
verify / linux	UNKNOWN STEP	2026-09-27T07:48:25.6355824Z test scale::args::tests::an_empty_profile_opens_at_the_screen_size ... ok
verify / linux	UNKNOWN STEP	2026-09-27T07:48:25.6356714Z test scale::args::tests::an_explicit_size_overrides_the_screen ... ok
verify / linux	UNKNOWN STEP	2026-09-27T07:48:25.6357722Z test scale::args::tests::free_form_arguments_replace_everything_kotori_would_have_built ... ok
verify / linux	UNKNOWN STEP	2026-09-27T07:48:25.6358671Z test scale::args::tests::fsr_uses_the_316_scaler_model ... ok
verify / linux	UNKNOWN STEP	2026-09-27T07:48:25.6359487Z test scale::args::tests::game_command_follows_the_separator_last ... ok
verify / linux	UNKNOWN STEP	2026-09-27T07:48:25.6360359Z test scale::args::tests::integer_scaling_uses_nearest_neighbour ... ok
verify / linux	UNKNOWN STEP	2026-09-27T07:48:25.6361258Z test scale::args::tests::never_emits_the_legacy_mouse_sensitivity_flag ... ok
verify / linux	UNKNOWN STEP	2026-09-27T07:48:25.6362132Z test scale::args::tests::nis_and_bilinear_pick_their_filters ... ok
verify / linux	UNKNOWN STEP	2026-09-27T07:48:25.6363024Z test scale::args::tests::only_an_explicit_game_resolution_emits_w_and_h ... ok
verify / linux	UNKNOWN STEP	2026-09-27T07:48:25.6364208Z test scale::args::tests::optional_flags_are_only_emitted_when_requested ... ok
verify / linux	UNKNOWN STEP	2026-09-27T07:48:25.6365124Z test scale::args::tests::sharpness_polarity_matches_gamescope ... ok
verify / linux	UNKNOWN STEP	2026-09-27T07:48:25.6366050Z test process::unix::tests::finds_this_test_binary_and_a_spawned_process ... ok
verify / linux	UNKNOWN STEP	2026-09-27T07:48:25.6367020Z test scale::gamescope::tests::an_action_named_for_one_session_ignores_the_others ... ok
verify / linux	UNKNOWN STEP	2026-09-27T07:48:25.6367970Z test scale::teardown::tests::a_missing_process_has_no_wait_channel ... ok
verify / linux	UNKNOWN STEP	2026-09-27T07:48:25.6368900Z test scale::teardown::tests::a_prefix_another_session_still_uses_is_left_alone ... ok
verify / linux	UNKNOWN STEP	2026-09-27T07:48:25.6372051Z test scale::teardown::tests::only_a_wait4_park_counts_as_a_stuck_teardown ... ok
verify / linux	UNKNOWN STEP	2026-09-27T07:48:25.6410999Z test scale::teardown::tests::killing_nothing_is_also_harmless ... ok
verify / linux	UNKNOWN STEP	2026-09-27T07:48:25.6411980Z test scale::x11::probe::tests::a_tiny_or_unrelated_class_is_not_a_match ... ok
verify / linux	UNKNOWN STEP	2026-09-27T07:48:25.6412934Z test scale::x11::probe::tests::a_zero_sized_window_is_not_a_resolution ... ok
verify / linux	UNKNOWN STEP	2026-09-27T07:48:25.6415236Z test scale::x11::probe::tests::an_exe_name_is_recognised_with_or_without_its_extension ... ok
verify / linux	UNKNOWN STEP	2026-09-27T07:48:25.6416259Z test scale::x11::probe::tests::the_biggest_window_wins ... ok
verify / linux	UNKNOWN STEP	2026-09-27T07:48:25.6417371Z test scale::x11::probe::tests::wm_class_splits_on_nuls_and_drops_the_empty_ones ... ok
verify / linux	UNKNOWN STEP	2026-09-27T07:48:25.6418082Z test scale::x11::x11_tests::a_missing_socket_directory_is_not_an_error ... ok
verify / linux	UNKNOWN STEP	2026-09-27T07:48:25.6418633Z test scale::teardown::tests::terminating_nothing_is_instant_and_harmless ... ok
verify / linux	UNKNOWN STEP	2026-09-27T07:48:25.6420007Z test scale::x11::x11_tests::an_empty_socket_directory_finds_nothing ... ok
verify / linux	UNKNOWN STEP	2026-09-27T07:48:25.6420827Z test scale::x11::x11_tests::nearest_and_bilinear_pick_a_scaler_too ... ok
verify / linux	UNKNOWN STEP	2026-09-27T07:48:25.6421799Z test scale::x11::x11_tests::runtime_settings_match_the_launch_arguments ... ok
verify / linux	UNKNOWN STEP	2026-09-27T07:48:25.6422734Z test scale::x11::x11_tests::sharpness_stops_at_gamescopes_limits ... ok
verify / linux	UNKNOWN STEP	2026-09-27T07:48:25.6423994Z test scale::x11::x11_tests::toggling_fsr_twice_comes_back_to_where_it_started ... ok
verify / linux	UNKNOWN STEP	2026-09-27T07:48:25.6425021Z test scale::x11::x11_tests::toggling_nis_is_the_same_shape ... ok
verify / linux	UNKNOWN STEP	2026-09-27T07:48:25.6425929Z test scale::x11::x11_tests::unknown_filter_values_are_reported_not_guessed ... ok
verify / linux	UNKNOWN STEP	2026-09-27T07:48:25.6426820Z test scale::x11::x11_tests::socket_names_are_read_and_sorted ... ok
verify / linux	UNKNOWN STEP	2026-09-27T07:48:25.6434605Z test secrets::encrypted::encrypted_tests::a_missing_file_reads_as_locked_rather_than_corrupt ... ok
verify / linux	UNKNOWN STEP	2026-09-27T07:48:25.6436342Z test secrets::encrypted::encrypted_tests::a_short_password_is_refused_before_anything_is_written ... ok
verify / linux	UNKNOWN STEP	2026-09-27T07:48:25.6619986Z test secrets::encrypted::encrypted_tests::a_round_trip_keeps_every_value_exactly ... ok
verify / linux	UNKNOWN STEP	2026-09-27T07:48:25.6851342Z test secrets::encrypted::encrypted_tests::a_wrong_password_is_refused_and_leaves_the_store_locked ... ok
verify / linux	UNKNOWN STEP	2026-09-27T07:48:25.6853148Z test secrets::encrypted::encrypted_tests::hex_round_trips_and_rejects_nonsense ... ok
verify / linux	UNKNOWN STEP	2026-09-27T07:48:25.6861375Z test secrets::encrypted::encrypted_tests::every_write_uses_a_fresh_nonce ... ok
verify / linux	UNKNOWN STEP	2026-09-27T07:48:25.7365970Z test secrets::encrypted::encrypted_tests::locking_forgets_the_key_but_not_the_data ... ok
verify / linux	UNKNOWN STEP	2026-09-27T07:48:25.7562769Z test secrets::encrypted::encrypted_tests::rekeying_replaces_the_password ... ok
verify / linux	UNKNOWN STEP	2026-09-27T07:48:25.7748381Z test secrets::encrypted::encrypted_tests::the_file_contains_no_sign_of_the_secrets ... ok
verify / linux	UNKNOWN STEP	2026-09-27T07:48:25.7955474Z test display::tests::a_probe_that_never_answers_is_killed_and_read_as_no_answer ... ok
verify / linux	UNKNOWN STEP	2026-09-27T07:48:25.7956783Z test secrets::encrypted::encrypted_tests::tampering_with_the_parameters_or_the_payload_is_detected ... ok
verify / linux	UNKNOWN STEP	2026-09-27T07:48:25.7959603Z test secrets::plain::tests::a_corrupt_file_is_an_error_not_an_empty_store ... ok
verify / linux	UNKNOWN STEP	2026-09-27T07:48:25.7969134Z test secrets::plain::tests::the_file_is_private_from_the_moment_it_exists ... ok
verify / linux	UNKNOWN STEP	2026-09-27T07:48:25.7983229Z test secrets::plain::tests::a_round_trip_keeps_every_value_exactly ... ok
verify / linux	UNKNOWN STEP	2026-09-27T07:48:25.8005506Z test secrets::tests::a_healthy_backend_answers_the_probe_without_finding_anything ... ok
verify / linux	UNKNOWN STEP	2026-09-27T07:48:25.8019816Z test secrets::tests::a_machine_without_a_keyring_falls_back_to_a_private_plain_file ... ok
verify / linux	UNKNOWN STEP	2026-09-27T07:48:25.8021168Z test secrets::tests::a_machine_without_a_keyring_keeps_secrets_in_memory_only ... ok
verify / linux	UNKNOWN STEP	2026-09-27T07:48:25.8032060Z test secrets::tests::a_keyring_that_shows_up_takes_over_the_plaintext_file ... ok
verify / linux	UNKNOWN STEP	2026-09-27T07:48:25.8041245Z test secrets::tests::a_portable_config_never_reaches_for_the_system_keyring ... ok
verify / linux	UNKNOWN STEP	2026-09-27T07:48:25.8093261Z test secrets::tests::a_running_keyring_wins_over_the_plaintext_file ... ok
verify / linux	UNKNOWN STEP	2026-09-27T07:48:25.8127677Z test secrets::tests::an_installed_but_dead_backend_is_not_mistaken_for_a_working_one ... ok
verify / linux	UNKNOWN STEP	2026-09-27T07:48:25.8128923Z test secrets::tests::every_hint_has_something_to_say ... ok
verify / linux	UNKNOWN STEP	2026-09-27T07:48:25.8130723Z test secrets::tests::missing_backend_is_reported_instead_of_falling_back_to_plaintext ... ok
verify / linux	UNKNOWN STEP	2026-09-27T07:48:25.8202858Z test secrets::tests::round_trips_a_secret_through_the_keyring ... ok
verify / linux	UNKNOWN STEP	2026-09-27T07:48:25.8260151Z test secrets::encrypted::encrypted_tests::writing_replaces_the_contents_without_losing_the_password ... ok
verify / linux	UNKNOWN STEP	2026-09-27T07:48:25.8261611Z test secrets::tests::system_detection_reports_what_is_on_this_machine ... ok
verify / linux	UNKNOWN STEP	2026-09-27T07:48:25.8262678Z test secrets::tests::the_store_describes_itself_honestly ... ok
verify / linux	UNKNOWN STEP	2026-09-27T07:48:25.8264061Z test sync::archive::tests::a_manifest_from_a_newer_kotori_is_refused_rather_than_guessed ... ok
verify / linux	UNKNOWN STEP	2026-09-27T07:48:25.8268326Z test secrets::tests::secrets_are_stored_under_distinct_accounts ... ok
verify / linux	UNKNOWN STEP	2026-09-27T07:48:25.8274604Z test sync::archive::tests::a_manual_restore_lays_the_whole_package_back_down ... ok
verify / linux	UNKNOWN STEP	2026-09-27T07:48:25.8278272Z test sync::archive::tests::a_member_over_the_file_limit_is_refused ... ok
verify / linux	UNKNOWN STEP	2026-09-27T07:48:25.8279383Z test sync::archive::tests::a_package_over_the_total_byte_limit_is_refused ... ok
verify / linux	UNKNOWN STEP	2026-09-27T07:48:25.8281502Z test sync::archive::tests::a_package_that_tries_to_escape_its_directory_is_refused ... ok
verify / linux	UNKNOWN STEP	2026-09-27T07:48:25.8288061Z test sync::archive::tests::a_package_with_too_many_members_is_refused ... ok
verify / linux	UNKNOWN STEP	2026-09-27T07:48:25.8293079Z test sync::archive::tests::an_automatic_pull_never_overwrites_a_newer_local_save ... ok
verify / linux	UNKNOWN STEP	2026-09-27T07:48:25.8297407Z test sync::archive::tests::a_packed_save_comes_back_with_its_contents_and_its_times ... ok
verify / linux	UNKNOWN STEP	2026-09-27T07:48:25.8302788Z test sync::archive::tests::packing_reports_locations_that_are_not_on_this_machine ... ok
verify / linux	UNKNOWN STEP	2026-09-27T07:48:25.8307319Z test sync::archive::tests::exclusions_still_work_without_rclone ... ok
verify / linux	UNKNOWN STEP	2026-09-27T07:48:25.8308449Z test sync::archive::tests::the_same_file_written_twice_is_compared_by_size ... ok
verify / linux	UNKNOWN STEP	2026-09-27T07:48:25.8309867Z test sync::cloud::cloud_tests::a_fingerprint_finds_the_identity_it_belongs_to ... ok
verify / linux	UNKNOWN STEP	2026-09-27T07:48:25.8311459Z test sync::cloud::cloud_tests::an_identity_card_round_trips_and_tolerates_missing_optional_fields ... ok
verify / linux	UNKNOWN STEP	2026-09-27T07:48:25.8312870Z test sync::cloud::cloud_tests::an_identity_survives_the_round_trip_into_a_manifest ... ok
verify / linux	UNKNOWN STEP	2026-09-27T07:48:25.8315594Z test sync::cloud::cloud_tests::an_identity_keeps_one_entry_per_machine_and_only_appends ... ok
verify / linux	UNKNOWN STEP	2026-09-27T07:48:25.8318929Z test sync::cloud::cloud_tests::directory_listings_become_usable_names ... ok
verify / linux	UNKNOWN STEP	2026-09-27T07:48:25.8320077Z test sync::cloud::cloud_tests::only_the_same_identity_may_touch_local_saves ... ok
verify / linux	UNKNOWN STEP	2026-09-27T07:48:25.8321226Z test sync::engine::diagnostics::tests::rclone_failures_are_explained_in_terms_of_what_to_check ... ok
verify / linux	UNKNOWN STEP	2026-09-27T07:48:25.8322441Z test sync::engine::kopia::kopia_tests::a_changed_endpoint_is_a_different_connection ... ok
verify / linux	UNKNOWN STEP	2026-09-27T07:48:25.8323986Z test sync::engine::kopia::kopia_tests::kopia_failures_are_explained_and_deprecation_noise_is_dropped ... ok
verify / linux	UNKNOWN STEP	2026-09-27T07:48:25.8325408Z test sync::engine::kopia::kopia_tests::the_default_password_is_the_one_every_machine_shares ... ok
verify / linux	UNKNOWN STEP	2026-09-27T07:48:25.8326669Z test sync::engine::kopia_args::tests::a_snapshot_is_marked_with_our_own_version_name_and_a_game_tag ... ok
verify / linux	UNKNOWN STEP	2026-09-27T07:48:25.8327764Z test secrets::tests::an_encrypted_file_wins_over_a_running_keyring ... ok
verify / linux	UNKNOWN STEP	2026-09-27T07:48:25.8328832Z test sync::engine::kopia_args::tests::creating_and_connecting_differ_only_in_the_subcommand ... ok
verify / linux	UNKNOWN STEP	2026-09-27T07:48:25.8329971Z test sync::engine::kopia_args::tests::deleting_a_snapshot_says_it_out_loud ... ok
verify / linux	UNKNOWN STEP	2026-09-27T07:48:25.8331028Z test sync::engine::kopia_args::tests::listing_asks_for_every_machine_not_just_this_one ... ok
verify / linux	UNKNOWN STEP	2026-09-27T07:48:25.8332383Z test sync::engine::kopia_args::tests::the_identity_snapshot_is_marked_as_identity_and_never_looks_like_a_version ... ok
verify / linux	UNKNOWN STEP	2026-09-27T07:48:25.8334060Z test sync::engine::kopia_args::tests::the_repository_lives_beside_the_rclone_packages_never_on_top_of_them ... ok
verify / linux	UNKNOWN STEP	2026-09-27T07:48:25.8335278Z test sync::engine::kopia_parse::tests::broken_json_is_reported_not_swallowed ... ok
verify / linux	UNKNOWN STEP	2026-09-27T07:48:25.8336545Z test sync::engine::kopia_parse::tests::cloud_games_come_from_the_game_tag_and_identity_snapshots_are_not_versions ... ok
verify / linux	UNKNOWN STEP	2026-09-27T07:48:25.8338206Z test sync::engine::kopia_parse::tests::every_identity_snapshot_of_one_game_is_found_not_just_the_newest ... ok
verify / linux	UNKNOWN STEP	2026-09-27T07:48:25.8339490Z test sync::engine::kopia_parse::tests::only_snapshots_we_named_ourselves_are_ours ... ok
verify / linux	UNKNOWN STEP	2026-09-27T07:48:25.8341715Z test sync::engine::tests::a_real_kopia_repository_is_visible_from_another_machine ... ignored, 需要真 kopia：设 KOTORI_KOPIA 指向它再跑 --ignored
verify / linux	UNKNOWN STEP	2026-09-27T07:48:25.8343197Z test sync::engine::kopia_parse::tests::identity_snapshots_are_never_counted_as_versions ... ok
verify / linux	UNKNOWN STEP	2026-09-27T07:48:25.8345238Z test sync::engine::tests::a_real_kopia_repository_keeps_the_identity_card_beside_the_saves ... ignored, 需要真 kopia：设 KOTORI_KOPIA 指向它再跑 --ignored
verify / linux	UNKNOWN STEP	2026-09-27T07:48:25.8346694Z test sync::engine::kopia_parse::tests::version_infos_carry_the_size_and_the_moment_of_each_version ... ok
verify / linux	UNKNOWN STEP	2026-09-27T07:48:25.8348173Z test sync::engine::tests::a_real_kopia_repository_keeps_two_games_apart ... ignored, 需要真 kopia：设 KOTORI_KOPIA 指向它再跑 --ignored
verify / linux	UNKNOWN STEP	2026-09-27T07:48:25.8349778Z test sync::engine::tests::a_real_kopia_repository_round_trips_a_save ... ignored, 需要真 kopia：设 KOTORI_KOPIA 指向它再跑 --ignored
verify / linux	UNKNOWN STEP	2026-09-27T07:48:25.8350949Z test sync::engine::tests::the_backend_is_whichever_engine_the_settings_name ... ok
verify / linux	UNKNOWN STEP	2026-09-27T07:48:25.8351869Z test sync::executables::tests::a_configured_path_with_nothing_in_it_says_so ... ok
verify / linux	UNKNOWN STEP	2026-09-27T07:48:25.8352810Z test sync::executables::tests::a_directory_or_a_file_both_point_at_the_program ... ok
verify / linux	UNKNOWN STEP	2026-09-27T07:48:25.8354694Z test sync::executables::tests::a_program_beside_kotori_is_found_with_or_without_the_exe_suffix ... ok
verify / linux	UNKNOWN STEP	2026-09-27T07:48:25.8355686Z test sync::executables::tests::a_windows_style_name_is_found_too ... ok
verify / linux	UNKNOWN STEP	2026-09-27T07:48:25.8356493Z test sync::executables::tests::an_empty_setting_is_not_a_location ... ok
verify / linux	UNKNOWN STEP	2026-09-27T07:48:25.8357475Z test sync::executables::tests::nothing_beside_kotori_means_none ... ok
verify / linux	UNKNOWN STEP	2026-09-27T07:48:25.8358491Z test sync::fingerprint::tests::a_file_that_cannot_be_read_has_no_fingerprint ... ok
verify / linux	UNKNOWN STEP	2026-09-27T07:48:25.8359433Z test sync::fingerprint::tests::the_fingerprint_says_what_it_is_and_how_big ... ok
verify / linux	UNKNOWN STEP	2026-09-27T07:48:25.8360432Z test sync::index::index_tests::a_bundle_merges_its_deltas_and_remembers_what_it_swallowed ... ok
verify / linux	UNKNOWN STEP	2026-09-27T07:48:25.8361449Z test sync::index::index_tests::a_delta_is_a_whole_index_without_any_merge_history ... ok
verify / linux	UNKNOWN STEP	2026-09-27T07:48:25.8362448Z test sync::index::index_tests::a_fingerprint_finds_its_entry_and_says_how_many_it_found ... ok
verify / linux	UNKNOWN STEP	2026-09-27T07:48:25.8363693Z test sync::index::index_tests::a_later_write_does_not_erase_the_other_machines_record ... ok
verify / linux	UNKNOWN STEP	2026-09-27T07:48:25.8364725Z test sync::index::index_tests::a_multibyte_delta_name_is_rejected_instead_of_panicking ... ok
verify / linux	UNKNOWN STEP	2026-09-27T07:48:25.8365738Z test sync::index::index_tests::absorbing_deltas_reports_what_it_swallowed ... ok
verify / linux	UNKNOWN STEP	2026-09-27T07:48:25.8366753Z test sync::fingerprint::tests::filling_missing_fingerprints_touches_only_the_ones_without_one ... ok
verify / linux	UNKNOWN STEP	2026-09-27T07:48:25.8367778Z test sync::index::index_tests::an_unknown_format_version_is_not_guessed_at ... ok
verify / linux	UNKNOWN STEP	2026-09-27T07:48:25.8368782Z test sync::index::index_tests::every_timestamp_is_the_same_width_so_string_order_is_time_order ... ok
verify / linux	UNKNOWN STEP	2026-09-27T07:48:25.8369896Z test sync::index::index_tests::merging_keeps_one_entry_per_identity_and_lets_the_newer_one_win ... ok
verify / linux	UNKNOWN STEP	2026-09-27T07:48:25.8370892Z test sync::index::index_tests::only_our_own_format_counts_as_supported ... ok
verify / linux	UNKNOWN STEP	2026-09-27T07:48:25.8371809Z test sync::index_cache::tests::a_cache_holding_a_future_index_format_is_not_served ... ok
verify / linux	UNKNOWN STEP	2026-09-27T07:48:25.8372778Z test sync::index_cache::tests::a_cached_index_round_trips_with_its_signature ... ok
verify / linux	UNKNOWN STEP	2026-09-27T07:48:25.8373811Z test sync::index_cache::tests::an_empty_cloud_is_remembered_too ... ok
verify / linux	UNKNOWN STEP	2026-09-27T07:48:25.8374679Z test sync::index_cache::tests::a_broken_or_unknown_cache_is_treated_as_missing ... ok
verify / linux	UNKNOWN STEP	2026-09-27T07:48:25.8375625Z test sync::index_cache::tests::another_target_never_reads_this_target_s_cache ... ok
verify / linux	UNKNOWN STEP	2026-09-27T07:48:25.8376689Z test sync::matching::tests::any_of_the_fingerprints_counts_as_a_hit ... ok
verify / linux	UNKNOWN STEP	2026-09-27T07:48:25.8377538Z test sync::matching::tests::owners_count_identities_not_machines ... ok
verify / linux	UNKNOWN STEP	2026-09-27T07:48:25.8378440Z test sync::matching::tests::shared_parents_counts_the_overlap ... ok
verify / linux	UNKNOWN STEP	2026-09-27T07:48:25.8379219Z test sync::matching::tests::the_strongest_likeness_wins ... ok
verify / linux	UNKNOWN STEP	2026-09-27T07:48:25.8380053Z test sync::pairing::tests::a_likeness_that_is_not_a_fingerprint_always_asks ... ok
verify / linux	UNKNOWN STEP	2026-09-27T07:48:25.8381042Z test sync::pairing::tests::a_local_game_already_claimed_elsewhere_is_not_stolen ... ok
verify / linux	UNKNOWN STEP	2026-09-27T07:48:25.8382005Z test sync::pairing::tests::a_rejected_pairing_is_never_suggested_again ... ok
verify / linux	UNKNOWN STEP	2026-09-27T07:48:25.8383029Z test sync::pairing::tests::an_identity_already_bound_stays_bound ... ok
verify / linux	UNKNOWN STEP	2026-09-27T07:48:25.8384405Z test sync::pairing::tests::one_fingerprint_hit_binds_itself_and_two_ask ... ok
verify / linux	UNKNOWN STEP	2026-09-27T07:48:25.8385541Z test sync::pairing::tests::one_identity_seen_by_two_machines_is_still_one_identity ... ok
verify / linux	UNKNOWN STEP	2026-09-27T07:48:25.8386550Z test sync::rclone_args::tests::a_transfer_is_one_object_each_way ... ok
verify / linux	UNKNOWN STEP	2026-09-27T07:48:25.8387543Z test sync::rclone_args::tests::listing_asks_for_files_only_and_deleting_names_one_object ... ok
verify / linux	UNKNOWN STEP	2026-09-27T07:48:25.8388592Z test sync::rclone_env::tests::an_endpoint_override_reaches_rclone_verbatim ... ok
verify / linux	UNKNOWN STEP	2026-09-27T07:48:25.8389570Z test sync::rclone_env::tests::credentials_travel_in_the_environment_not_a_file ... ok
verify / linux	UNKNOWN STEP	2026-09-27T07:48:25.8390528Z test sync::remote_paths::tests::a_parent_dir_is_the_second_to_last_segment ... ok
verify / linux	UNKNOWN STEP	2026-09-27T07:48:25.8392198Z test sync::remote_paths::tests::remote_paths_are_built_from_the_prefix ... ok
verify / linux	UNKNOWN STEP	2026-09-27T07:48:25.8393596Z test sync::remote_paths::tests::save_keys_are_stable_and_readable ... ok
verify / linux	UNKNOWN STEP	2026-09-27T07:48:25.8584244Z test sync::fingerprint::tests::the_two_megabyte_boundary_does_not_double_count_bytes ... ok
verify / linux	UNKNOWN STEP	2026-09-27T07:48:26.0269687Z test sync::runner::identity::tests::a_first_upload_mints_one_identity_and_writes_the_card ... ok
verify / linux	UNKNOWN STEP	2026-09-27T07:48:26.0458024Z test sync::runner::identity::tests::a_directory_taken_by_another_identity_gets_a_suffix_not_a_second_helping ... ok
verify / linux	UNKNOWN STEP	2026-09-27T07:48:26.0470720Z test sync::runner::identity::tests::a_claimed_identity_is_sticky_even_when_the_fingerprint_changes ... ok
verify / linux	UNKNOWN STEP	2026-09-27T07:48:26.0472857Z test sync::runner::index_tests::a_delta_name_that_carries_a_slash_never_lands_in_the_bucket ... ok
verify / linux	UNKNOWN STEP	2026-09-27T07:48:26.0581785Z test sync::runner::identity::tests::a_second_machine_adopts_the_identity_its_fingerprint_points_at ... ok
verify / linux	UNKNOWN STEP	2026-09-27T07:48:26.0710532Z test sync::runner::index_tests::an_index_that_was_never_written_reads_as_nothing_at_all ... ok
verify / linux	UNKNOWN STEP	2026-09-27T07:48:26.0922687Z test sync::runner::index_tests::a_corrupt_index_is_treated_as_missing_and_can_be_rebuilt ... ok
verify / linux	UNKNOWN STEP	2026-09-27T07:48:26.0924482Z test sync::runner::index_tests::the_bundle_view_is_the_union_of_the_snapshot_and_its_deltas ... ok
verify / linux	UNKNOWN STEP	2026-09-27T07:48:26.0957499Z test sync::runner::index_tests::one_machine_writes_the_index_and_another_reads_it_without_touching_any_card ... ok
verify / linux	UNKNOWN STEP	2026-09-27T07:48:26.0959068Z test sync::runner::index_tests::a_stray_object_in_the_log_directory_is_never_read ... ok
verify / linux	UNKNOWN STEP	2026-09-27T07:48:26.1096869Z test daemon::sync_rpc::tests::sync_status_does_not_hold_the_config_lock_across_its_await ... ok
verify / linux	UNKNOWN STEP	2026-09-27T07:48:26.1178205Z test sync::runner::pull::tests::a_location_the_package_does_not_cover_is_reported_separately ... ok
verify / linux	UNKNOWN STEP	2026-09-27T07:48:26.1215053Z test sync::runner::pull::tests::a_game_the_cloud_has_never_seen_is_not_an_error ... ok
verify / linux	UNKNOWN STEP	2026-09-27T07:48:26.1261637Z test sync::runner::pull::tests::a_package_that_cannot_be_fetched_says_so_instead_of_pretending_there_is_none ... ok
verify / linux	UNKNOWN STEP	2026-09-27T07:48:26.1324663Z test sync::runner::pull::tests::a_pull_before_this_machine_claimed_an_identity_is_skipped ... ok
verify / linux	UNKNOWN STEP	2026-09-27T07:48:26.1365104Z test sync::runner::index_tests::the_union_keeps_what_each_machine_knows_about_the_same_game ... ok
verify / linux	UNKNOWN STEP	2026-09-27T07:48:26.1394141Z test sync::runner::pull::tests::a_pull_brings_back_files_the_cloud_has_newer_versions_of ... ok
verify / linux	UNKNOWN STEP	2026-09-27T07:48:26.1406448Z test sync::runner::pull::tests::a_pull_from_another_identity_touches_nothing ... ok
verify / linux	UNKNOWN STEP	2026-09-27T07:48:26.1454391Z test sync::runner::restore::tests::a_bogus_version_name_is_refused_before_anything_is_touched ... ok
verify / linux	UNKNOWN STEP	2026-09-27T07:48:26.1462470Z test sync::runner::pull::tests::a_pull_refuses_a_package_without_any_identity ... ok
verify / linux	UNKNOWN STEP	2026-09-27T07:48:26.1471290Z test sync::runner::pull::tests::a_pull_takes_the_newest_package_and_leaves_newer_local_files_alone ... ok
verify / linux	UNKNOWN STEP	2026-09-27T07:48:26.1515628Z test sync::runner::restore::tests::extra_local_files_are_listed_and_never_deleted ... ok
verify / linux	UNKNOWN STEP	2026-09-27T07:48:26.1539727Z test sync::runner::restore::tests::restoring_lays_the_package_down_over_whatever_is_local ... ok
verify / linux	UNKNOWN STEP	2026-09-27T07:48:26.1541055Z test sync::runner::restore::tests::restoring_another_identity_is_refused_and_touches_nothing ... ok
verify / linux	UNKNOWN STEP	2026-09-27T07:48:26.1615760Z test sync::runner::restore::tests::restoring_without_a_version_takes_the_newest_package ... ok
verify / linux	UNKNOWN STEP	2026-09-27T07:48:26.1617021Z test sync::runner::staging::tests::stale_stage_directories_are_swept_and_others_are_left_alone ... ok
verify / linux	UNKNOWN STEP	2026-09-27T07:48:26.1642105Z test sync::runner::staging::tests::sweeping_a_directory_that_was_never_created_is_not_an_error ... ok
verify / linux	UNKNOWN STEP	2026-09-27T07:48:26.1649572Z test sync::runner::restore::tests::retention_only_ever_deletes_our_own_old_packages ... ok
verify / linux	UNKNOWN STEP	2026-09-27T07:48:26.1650990Z test sync::runner::restore::tests::retention_keeps_everything_unless_the_user_asked_otherwise ... ok
verify / linux	UNKNOWN STEP	2026-09-27T07:48:26.1652591Z test sync::runner::tests::a_disabled_sync_config_is_refused ... ok
verify / linux	UNKNOWN STEP	2026-09-27T07:48:26.1654046Z test sync::runner::tests::a_missing_endpoint_means_rclone_picks_one ... ok
verify / linux	UNKNOWN STEP	2026-09-27T07:48:26.1669355Z test sync::runner::tests::missing_credentials_stop_the_run_before_rclone_is_started ... ok
verify / linux	UNKNOWN STEP	2026-09-27T07:48:26.1694318Z test sync::runner::index_tests::two_machines_writing_at_once_never_lose_an_entry ... ok
verify / linux	UNKNOWN STEP	2026-09-27T07:48:26.1705248Z test sync::runner::tests::credentials_reach_rclone_through_the_environment_only ... ok
verify / linux	UNKNOWN STEP	2026-09-27T07:48:26.1740814Z test sync::runner::upload::tests::a_location_that_does_not_exist_locally_is_reported_not_ignored ... ok
verify / linux	UNKNOWN STEP	2026-09-27T07:48:26.1758526Z test sync::runner::upload::tests::a_failed_transfer_is_named_and_leaves_the_old_packages_alone ... ok
verify / linux	UNKNOWN STEP	2026-09-27T07:48:26.1760602Z test sync::runner::tests::the_scratch_directory_is_cleaned_up_even_after_a_failure ... ok
verify / linux	UNKNOWN STEP	2026-09-27T07:48:26.1777831Z test sync::runner::tests::the_newest_package_is_the_largest_name ... ok
verify / linux	UNKNOWN STEP	2026-09-27T07:48:26.1794216Z test sync::save_targets::tests::save_locations_resolve_to_this_machines_directories ... ok
verify / linux	UNKNOWN STEP	2026-09-27T07:48:26.1819369Z test sync::save_targets::tests::syncing_the_filesystem_root_is_refused ... ok
verify / linux	UNKNOWN STEP	2026-09-27T07:48:26.1820436Z test sync::save_targets::tests::two_locations_sharing_a_cloud_key_are_refused ... ok
verify / linux	UNKNOWN STEP	2026-09-27T07:48:26.1821467Z test sync::selfcheck::tests::a_confirmation_without_an_identity_does_not_count ... ok
verify / linux	UNKNOWN STEP	2026-09-27T07:48:26.1822463Z test sync::selfcheck::tests::a_confirmed_game_is_not_scanned_again ... ok
verify / linux	UNKNOWN STEP	2026-09-27T07:48:26.1823910Z test sync::selfcheck::tests::a_fingerprint_hit_wins_over_an_unrelated_conclusion ... ok
verify / linux	UNKNOWN STEP	2026-09-27T07:48:26.1824907Z test sync::selfcheck::tests::a_game_that_answered_new_is_not_asked_again_nor_scanned ... ok
verify / linux	UNKNOWN STEP	2026-09-27T07:48:26.1825545Z test sync::selfcheck::tests::a_game_whose_switch_is_off_is_never_asked_about ... ok
verify / linux	UNKNOWN STEP	2026-09-27T07:48:26.1826186Z test sync::selfcheck::tests::a_game_without_a_fingerprint_is_asked_instead_of_guessed ... ok
verify / linux	UNKNOWN STEP	2026-09-27T07:48:26.1826902Z test sync::selfcheck::tests::another_target_makes_the_conclusion_stale_and_the_fingerprint_decides ... ok
verify / linux	UNKNOWN STEP	2026-09-27T07:48:26.1827538Z test sync::selfcheck::tests::many_hits_ask_once_and_carry_the_best_one ... ok
verify / linux	UNKNOWN STEP	2026-09-27T07:48:26.1828036Z test sync::selfcheck::tests::no_target_means_nothing_to_do ... ok
verify / linux	UNKNOWN STEP	2026-09-27T07:48:26.1828632Z test sync::selfcheck::tests::re_enabling_a_game_that_was_switched_off_creates_a_new_identity_silently ... ok
verify / linux	UNKNOWN STEP	2026-09-27T07:48:26.1829459Z test sync::signature::tests::a_conclusion_round_trips_and_keeps_its_kind ... ok
verify / linux	UNKNOWN STEP	2026-09-27T07:48:26.1830006Z test sync::signature::tests::a_target_without_a_bucket_has_no_signature ... ok
verify / linux	UNKNOWN STEP	2026-09-27T07:48:26.1830583Z test sync::signature::tests::engine_bucket_and_prefix_are_all_part_of_the_target ... ok
verify / linux	UNKNOWN STEP	2026-09-27T07:48:26.1831225Z test sync::signature::tests::the_same_target_written_differently_has_the_same_signature ... ok
verify / linux	UNKNOWN STEP	2026-09-27T07:48:26.1831817Z test sync::snapshots::tests::a_stamp_turns_into_the_moment_it_names ... ok
verify / linux	UNKNOWN STEP	2026-09-27T07:48:26.1832370Z test sync::snapshots::tests::retention_ignores_anything_that_is_not_a_snapshot ... ok
verify / linux	UNKNOWN STEP	2026-09-27T07:48:26.1832977Z test sync::runner::upload::tests::one_missing_location_does_not_hold_back_the_others ... ok
verify / linux	UNKNOWN STEP	2026-09-27T07:48:26.1835677Z test sync::snapshots::tests::retention_keeps_everything_by_default ... ok
verify / linux	UNKNOWN STEP	2026-09-27T07:48:26.1836989Z test sync::snapshots::tests::retention_removes_only_the_oldest_snapshots ... ok
verify / linux	UNKNOWN STEP	2026-09-27T07:48:26.1838422Z test sync::runner::upload::tests::upload_sends_the_whole_game_as_one_package ... ok
verify / linux	UNKNOWN STEP	2026-09-27T07:48:26.1840094Z test sync::snapshots::tests::two_uploads_in_the_same_second_are_still_ordered ... ok
verify / linux	UNKNOWN STEP	2026-09-27T07:48:26.1841373Z test sync::snapshots::tests::version_stamps_sort_chronologically ... ok
verify / linux	UNKNOWN STEP	2026-09-27T07:48:26.1842563Z test sync::validate::tests::refuses_incomplete_settings ... ok
verify / linux	UNKNOWN STEP	2026-09-27T07:48:26.1844516Z test sync::versions::tests::lsjson_becomes_versions_with_their_sizes ... ok
verify / linux	UNKNOWN STEP	2026-09-27T07:48:26.1846169Z test sync::versions::tests::strangers_in_the_bucket_are_never_shown_as_versions ... ok
verify / linux	UNKNOWN STEP	2026-09-27T07:48:26.1847444Z test ui::app::tests::a_late_save_never_touches_another_games_draft ... ok
verify / linux	UNKNOWN STEP	2026-09-27T07:48:26.1848673Z test ui::app::tests::a_late_status_reply_never_eats_what_the_user_typed ... ok
verify / linux	UNKNOWN STEP	2026-09-27T07:48:26.1849920Z test ui::app::tests::a_service_that_is_alive_again_clears_the_stopped_flag ... ok
verify / linux	UNKNOWN STEP	2026-09-27T07:48:26.1851062Z test ui::app::tests::an_inferred_mount_lands_in_the_add_form ... ok
verify / linux	UNKNOWN STEP	2026-09-27T07:48:26.1852221Z test ui::app::tests::an_inferred_mount_lands_in_the_draft_without_saving ... ok
verify / linux	UNKNOWN STEP	2026-09-27T07:48:26.1853741Z test ui::app::tests::an_unsaved_path_edit_is_dropped_when_leaving_the_page ... ok
verify / linux	UNKNOWN STEP	2026-09-27T07:48:26.1854915Z test ui::app::tests::picking_an_engine_submits_it_in_the_same_click ... ok
verify / linux	UNKNOWN STEP	2026-09-27T07:48:26.1856117Z test ui::app::tests::saving_consumes_the_secrets_it_was_given_and_no_more ... ok
verify / linux	UNKNOWN STEP	2026-09-27T07:48:26.1857395Z test ui::app::tests::switching_games_mid_save_still_persists_the_new_edits ... ok
verify / linux	UNKNOWN STEP	2026-09-27T07:48:26.1858638Z test ui::app::tests::stopping_the_service_by_hand_is_not_undone_by_the_ui ... ok
verify / linux	UNKNOWN STEP	2026-09-27T07:48:26.1859778Z test ui::app::tests::switching_the_engine_leaves_unsaved_edits_alone ... ok
verify / linux	UNKNOWN STEP	2026-09-27T07:48:26.1860944Z test ui::app::tests::the_latest_edit_is_the_one_that_gets_saved ... ok
verify / linux	UNKNOWN STEP	2026-09-27T07:48:26.1862226Z test ui::app::tests::the_run_button_stops_a_running_game_instead_of_launching_it_again ... ok
verify / linux	UNKNOWN STEP	2026-09-27T07:48:26.1864055Z test ui::app::tests_detail::a_late_wine_status_reply_does_not_clobber_a_typed_prefix ... ok
verify / linux	UNKNOWN STEP	2026-09-27T07:48:26.1865247Z test ui::app::tests::the_path_button_sends_the_path_group ... ok
verify / linux	UNKNOWN STEP	2026-09-27T07:48:26.1866759Z test ui::app::tests_detail::a_pick_request_says_what_kind_of_thing_it_wants ... ok
verify / linux	UNKNOWN STEP	2026-09-27T07:48:26.1868087Z test ui::app::tests_detail::a_picked_path_lands_on_its_own_field_and_asks_where_the_disk_is ... ok
verify / linux	UNKNOWN STEP	2026-09-27T07:48:26.1869650Z test ui::app::tests_detail::an_empty_name_and_dir_are_filled_in_from_the_exe_on_submit ... ok
verify / linux	UNKNOWN STEP	2026-09-27T07:48:26.1870982Z test ui::app::tests_detail::browsing_for_an_exe_fills_the_dir_and_the_name_too ... ok
verify / linux	UNKNOWN STEP	2026-09-27T07:48:26.1872533Z test ui::app::tests_detail::browsing_is_refused_when_the_machine_has_no_dialog ... ok
verify / linux	UNKNOWN STEP	2026-09-27T07:48:26.1874107Z test ui::app::tests_detail::deleting_a_credential_takes_effect_at_once_and_says_so ... ok
verify / linux	UNKNOWN STEP	2026-09-27T07:48:26.1875680Z test ui::app::tests_detail::deleting_the_master_file_needs_the_confirmation_it_asked_for ... ok
verify / linux	UNKNOWN STEP	2026-09-27T07:48:26.1877204Z test ui::app::tests_detail::nothing_is_saved_while_only_memory_is_available ... ok
verify / linux	UNKNOWN STEP	2026-09-27T07:48:26.1878469Z test ui::app::tests_detail::reset_goes_back_to_the_stored_settings ... ok
verify / linux	UNKNOWN STEP	2026-09-27T07:48:26.1879661Z test ui::app::tests_detail::testing_the_connection_says_something_right_away ... ok
verify / linux	UNKNOWN STEP	2026-09-27T07:48:26.1881465Z test ui::app::tests_detail::the_followed_process_name_is_part_of_the_draft ... ok
verify / linux	UNKNOWN STEP	2026-09-27T07:48:26.1882917Z test ui::app::tests_detail::the_save_message_names_the_store_that_actually_holds_the_credentials ... ok
verify / linux	UNKNOWN STEP	2026-09-27T07:48:26.1884546Z test ui::backend::tests::an_unrelated_failure_is_not_a_graphics_failure ... ok
verify / linux	UNKNOWN STEP	2026-09-27T07:48:26.1885701Z test ui::backend::tests::the_opengl_failure_we_actually_hit_is_recognised ... ok
verify / linux	UNKNOWN STEP	2026-09-27T07:48:26.1886880Z test ui::model::add::tests::a_hand_picked_row_wins_over_the_fingerprint_hit ... ok
verify / linux	UNKNOWN STEP	2026-09-27T07:48:26.1887941Z test ui::model::add::tests::a_late_answer_is_thrown_away ... ok
verify / linux	UNKNOWN STEP	2026-09-27T07:48:26.1889129Z test ui::model::add::tests::a_missing_index_and_an_empty_cloud_say_different_things ... ok
verify / linux	UNKNOWN STEP	2026-09-27T07:48:26.1890304Z test ui::model::add::tests::a_single_hit_is_chosen_for_the_user ... ok
verify / linux	UNKNOWN STEP	2026-09-27T07:48:26.1891465Z test ui::model::add::tests::declining_means_no_binding_until_the_user_changes_their_mind ... ok
verify / linux	UNKNOWN STEP	2026-09-27T07:48:26.1892831Z test ui::model::add::tests::picking_by_hand_binds_even_when_the_fingerprint_matched_nothing ... ok
verify / linux	UNKNOWN STEP	2026-09-27T07:48:26.1894636Z test sync::runner::upload::tests::retention_only_ever_deletes_our_own_old_packages ... ok
verify / linux	UNKNOWN STEP	2026-09-27T07:48:26.1896106Z test ui::model::add::tests::resetting_clears_everything ... ok
verify / linux	UNKNOWN STEP	2026-09-27T07:48:26.1897185Z test ui::model::add::tests::several_hits_are_never_guessed ... ok
verify / linux	UNKNOWN STEP	2026-09-27T07:48:26.1898328Z test ui::model::add::tests::the_decline_button_only_makes_sense_when_there_is_a_candidate ... ok
verify / linux	UNKNOWN STEP	2026-09-27T07:48:26.1899557Z test ui::model::add::tests::typing_waits_and_only_the_last_edit_asks ... ok
verify / linux	UNKNOWN STEP	2026-09-27T07:48:26.1900740Z test ui::model::cloud::cloud_tests::a_failed_delete_changes_nothing ... ok
verify / linux	UNKNOWN STEP	2026-09-27T07:48:26.1901913Z test ui::model::cloud::cloud_tests::a_late_reply_never_lands_under_the_wrong_game ... ok
verify / linux	UNKNOWN STEP	2026-09-27T07:48:26.1903158Z test ui::model::cloud::cloud_tests::a_new_board_is_quiet_and_not_red ... ok
verify / linux	UNKNOWN STEP	2026-09-27T07:48:26.1904600Z test ui::model::cloud::cloud_tests::a_version_deleted_one_level_down_is_reflected_here ... ok
verify / linux	UNKNOWN STEP	2026-09-27T07:48:26.1905726Z test ui::model::cloud::cloud_tests::each_row_says_how_many_versions_and_where_the_machine_stands ... ok
verify / linux	UNKNOWN STEP	2026-09-27T07:48:26.1906748Z test ui::model::cloud::cloud_tests::refreshing_closes_whatever_was_open ... ok
verify / linux	UNKNOWN STEP	2026-09-27T07:48:26.1907644Z test ui::model::cloud::cloud_tests::sizes_are_written_the_way_people_read_them ... ok
verify / linux	UNKNOWN STEP	2026-09-27T07:48:26.1908618Z test ui::model::cloud::cloud_tests::search_matches_the_name_the_key_and_the_exe_path ... ok
verify / linux	UNKNOWN STEP	2026-09-27T07:48:26.1909579Z test ui::model::cloud::cloud_tests::the_reply_says_when_this_list_was_fetched ... ok
verify / linux	UNKNOWN STEP	2026-09-27T07:48:26.1910549Z test ui::model::cloud::cloud_tests::the_two_whole_game_deletes_fix_the_local_table_too ... ok
verify / linux	UNKNOWN STEP	2026-09-27T07:48:26.1911514Z test ui::model::cloud_label::tests::a_missing_name_falls_back_to_the_short_id ... ok
verify / linux	UNKNOWN STEP	2026-09-27T07:48:26.1912451Z test ui::model::cloud_pick::tests::an_empty_list_never_looks_like_an_empty_cloud ... ok
verify / linux	UNKNOWN STEP	2026-09-27T07:48:26.1916416Z test ui::model::cloud_label::tests::the_summary_lists_what_the_index_knows ... ok
verify / linux	UNKNOWN STEP	2026-09-27T07:48:26.1917393Z test ui::model::cloud_pick::tests::opening_again_starts_from_a_clean_slate ... ok
verify / linux	UNKNOWN STEP	2026-09-27T07:48:26.1918400Z test ui::model::cloud_version::tests::a_failed_delete_keeps_the_page_open_and_says_why ... ok
verify / linux	UNKNOWN STEP	2026-09-27T07:48:26.1919395Z test ui::model::cloud_pick::tests::picking_goes_by_cloud_id_and_closes_the_sheet ... ok
verify / linux	UNKNOWN STEP	2026-09-27T07:48:26.1920414Z test ui::model::cloud_pick::tests::the_query_filters_the_snapshot_and_says_what_it_hid ... ok
verify / linux	UNKNOWN STEP	2026-09-27T07:48:26.1921580Z test ui::model::cloud_version::tests::a_successful_delete_closes_the_page_and_hands_the_version_back ... ok
verify / linux	UNKNOWN STEP	2026-09-27T07:48:26.1922536Z test ui::model::cloud_version::tests::deleting_waits_for_the_second_click ... ok
verify / linux	UNKNOWN STEP	2026-09-27T07:48:26.1923194Z test ui::model::cloud_version::tests::opening_a_version_clears_whatever_the_last_one_left_behind ... ok
verify / linux	UNKNOWN STEP	2026-09-27T07:48:26.1924606Z test ui::model::confirm::tests::each_action_says_what_it_does_and_to_whom ... ok
verify / linux	UNKNOWN STEP	2026-09-27T07:48:26.1925605Z test ui::model::confirm::tests::the_count_line_disappears_when_there_is_nothing_to_count ... ok
verify / linux	UNKNOWN STEP	2026-09-27T07:48:26.1926618Z test ui::model::game::tests::a_mount_needs_a_disk_and_may_have_an_empty_relative ... ok
verify / linux	UNKNOWN STEP	2026-09-27T07:48:26.1927489Z test ui::model::game::tests::draft_seeds_exe_and_detects_changes ... ok
verify / linux	UNKNOWN STEP	2026-09-27T07:48:26.1928311Z test ui::model::game::tests::the_path_group_notices_a_reference_edit_only ... ok
verify / linux	UNKNOWN STEP	2026-09-27T07:48:26.1929179Z test ui::model::picker::tests::opening_again_starts_from_a_clean_slate ... ok
verify / linux	UNKNOWN STEP	2026-09-27T07:48:26.1929991Z test ui::model::picker::tests::picking_uses_the_filtered_index ... ok
verify / linux	UNKNOWN STEP	2026-09-27T07:48:26.1930848Z test ui::model::picker::tests::the_query_matches_every_clue_and_says_what_it_hid ... ok
verify / linux	UNKNOWN STEP	2026-09-27T07:48:26.1931838Z test ui::model::sync::tests::switching_the_engine_names_the_one_that_becomes_invisible ... ok
verify / linux	UNKNOWN STEP	2026-09-27T07:48:26.1932818Z test ui::model::sync::tests::the_form_patches_exactly_the_keys_the_config_has ... ok
verify / linux	UNKNOWN STEP	2026-09-27T07:48:26.1934476Z test ui::model::sync::tests::the_sync_form_seeds_from_settings_and_never_from_secrets ... ok
verify / linux	UNKNOWN STEP	2026-09-27T07:48:26.1935761Z test ui::model::versions::tests::a_replace_waits_for_the_second_click_and_can_be_called_off ... ok
verify / linux	UNKNOWN STEP	2026-09-27T07:48:26.1936956Z test ui::model::versions::tests::clearing_or_forgetting_empties_the_list_but_a_failure_changes_nothing ... ok
verify / linux	UNKNOWN STEP	2026-09-27T07:48:26.1938139Z test ui::model::versions::tests::deleting_one_version_takes_exactly_that_row_out_of_the_list ... ok
verify / linux	UNKNOWN STEP	2026-09-27T07:48:26.1939405Z test ui::model::versions::tests::confirming_hands_over_that_one_version_and_shows_the_outcome_here ... ok
verify / linux	UNKNOWN STEP	2026-09-27T07:48:26.1940489Z test ui::model::versions::tests::leaving_the_page_takes_the_dialog_with_it ... ok
verify / linux	UNKNOWN STEP	2026-09-27T07:48:26.1941505Z test ui::model::versions::tests::opening_clears_whatever_the_last_one_left_behind ... ok
verify / linux	UNKNOWN STEP	2026-09-27T07:48:26.1942438Z test ui::model::versions::tests::the_newest_version_is_listed_first ... ok
verify / linux	UNKNOWN STEP	2026-09-27T07:48:26.1943599Z test ui::parse::cloud::tests::the_cloud_list_keeps_the_cloud_name_and_the_local_side_apart ... ok
verify / linux	UNKNOWN STEP	2026-09-27T07:48:26.1944625Z test ui::parse::cloud::tests::versions_come_back_with_their_size_and_time ... ok
verify / linux	UNKNOWN STEP	2026-09-27T07:48:26.1945538Z test ui::parse::cloud::tests::a_match_reply_carries_the_key_the_binding_needs ... ok
verify / linux	UNKNOWN STEP	2026-09-27T07:48:26.1946543Z test ui::parse::environment::tests::a_missing_required_dependency_is_named_in_the_summary ... ok
verify / linux	UNKNOWN STEP	2026-09-27T07:48:26.1947601Z test ui::parse::environment::tests::an_unknown_state_is_read_as_missing_not_as_fine ... ok
verify / linux	UNKNOWN STEP	2026-09-27T07:48:26.1948620Z test ui::parse::environment::tests::the_environment_report_keeps_its_wording_in_rust ... ok
verify / linux	UNKNOWN STEP	2026-09-27T07:48:26.1949596Z test ui::parse::games::tests::malformed_and_empty_response_are_errors ... ok
verify / linux	UNKNOWN STEP	2026-09-27T07:48:26.1950443Z test ui::parse::games::tests::missing_optional_fields_fall_back_safely ... ok
verify / linux	UNKNOWN STEP	2026-09-27T07:48:26.1951282Z test ui::parse::games::tests::open_then_save_preserves_stored_values ... ok
verify / linux	UNKNOWN STEP	2026-09-27T07:48:26.1952075Z test ui::parse::games::tests::parses_the_full_scale_profile ... ok
verify / linux	UNKNOWN STEP	2026-09-27T07:48:26.1952893Z test ui::parse::games::tests::parses_watch_mode_and_save_paths_from_the_daemon ... ok
verify / linux	UNKNOWN STEP	2026-09-27T07:48:26.1954254Z test ui::parse::games::tests::search_matches_name_and_path_case_insensitively ... ok
verify / linux	UNKNOWN STEP	2026-09-27T07:48:26.1954833Z test ui::parse::games::tests::unit_variant_algorithms_survive_a_load_save_cycle ... ok
verify / linux	UNKNOWN STEP	2026-09-27T07:48:26.1955447Z test ui::parse::process::tests::a_reply_without_the_key_is_an_error_not_an_empty_list ... ok
verify / linux	UNKNOWN STEP	2026-09-27T07:48:26.1956692Z test ui::parse::process::tests::a_process_list_becomes_rows_and_missing_paths_are_just_empty ... ok
verify / linux	UNKNOWN STEP	2026-09-27T07:48:26.1957850Z test ui::parse::reconnect::tests::retry_backoff_grows_then_caps ... ok
verify / linux	UNKNOWN STEP	2026-09-27T07:48:26.1958639Z test ui::parse::save_paths::tests::kind_placeholders_teach_each_format ... ok
verify / linux	UNKNOWN STEP	2026-09-27T07:48:26.1959544Z test ui::parse::save_paths::tests::save_paths_round_trip_between_editor_and_daemon ... ok
verify / linux	UNKNOWN STEP	2026-09-27T07:48:26.1960472Z test ui::parse::scale::tests::non_numeric_resolution_is_rejected ... ok
verify / linux	UNKNOWN STEP	2026-09-27T07:48:26.1961351Z test ui::parse::scale::tests::the_scaling_ratio_survives_an_open_and_save ... ok
verify / linux	UNKNOWN STEP	2026-09-27T07:48:26.1962206Z test ui::parse::scale::tests::unknown_algorithm_is_rejected_on_save ... ok
verify / linux	UNKNOWN STEP	2026-09-27T07:48:26.1962937Z test ui::parse::sync::tests::parses_the_sync_status ... ok
verify / linux	UNKNOWN STEP	2026-09-27T07:48:26.1963992Z test ui::parse::sync::tests::sync_outcomes_are_summarised_for_a_human ... ok
verify / linux	UNKNOWN STEP	2026-09-27T07:48:26.1964831Z test ui::parse::sync::tests::the_credentials_section_counts_what_is_stored ... ok
verify / linux	UNKNOWN STEP	2026-09-27T07:48:26.1965514Z test ui::parse::wine::tests::parses_wine_status ... ok
verify / linux	UNKNOWN STEP	2026-09-27T07:48:26.1966016Z test ui::render::detail::tests::the_stored_profile_is_what_the_page_resets_to ... ok
verify / linux	UNKNOWN STEP	2026-09-27T07:48:26.1966770Z test ui::render::games::tests::the_empty_library_says_why_it_is_empty ... ok
verify / linux	UNKNOWN STEP	2026-09-27T07:48:26.1967803Z test ui::render::games::tests::the_library_row_reports_a_live_session_and_the_auto_watch_flag_apart ... ok
verify / linux	UNKNOWN STEP	2026-09-27T07:48:26.1968443Z test ui::render::games::tests::the_ratio_column_shows_digits_and_nothing_else ... ok
verify / linux	UNKNOWN STEP	2026-09-27T07:48:26.1969191Z test ui::render::games::tests::the_subtitle_counts_what_is_shown_and_what_exists ... ok
verify / linux	UNKNOWN STEP	2026-09-27T07:48:26.1969913Z test ui::render::detail::tests::an_unknown_algorithm_falls_back_to_the_first_option ... ok
verify / linux	UNKNOWN STEP	2026-09-27T07:48:26.1970575Z test sync::validate::tests::missing_secrets_are_reported_before_a_run ... ok
verify / linux	UNKNOWN STEP	2026-09-27T07:48:26.2874602Z test ui::render::hit_test::the_cloud_rows_open_their_detail_and_each_version_opens_its_own_page ... ok
verify / linux	UNKNOWN STEP	2026-09-27T07:48:26.2876150Z test ui::render::settings::tests::the_service_line_tells_stopped_by_hand_apart_from_not_running ... ok
verify / linux	UNKNOWN STEP	2026-09-27T07:48:26.2890044Z test ui::render::sync::tests::every_store_gets_its_own_index_and_its_own_name ... ok
verify / linux	UNKNOWN STEP	2026-09-27T07:48:26.2891301Z test ui::render::tests::the_connection_line_tells_retrying_apart_from_giving_up ... ok
verify / linux	UNKNOWN STEP	2026-09-27T07:48:26.2892520Z test ui::render::scroll_test::dragging_the_pointer_scrolls_the_list ... ok
verify / linux	UNKNOWN STEP	2026-09-27T07:48:26.2919570Z test ui::render::hit_test::a_click_lands_on_the_control_under_the_pointer ... ok
verify / linux	UNKNOWN STEP	2026-09-27T07:48:26.3134421Z test ui::render::window_test::cloud::the_ask_dialog_card_holds_its_content ... ok
verify / linux	UNKNOWN STEP	2026-09-27T07:48:26.3162446Z test ui::render::window_test::cloud::the_archive_management_page_renders_and_deletes_through_the_shared_dialog ... ok
verify / linux	UNKNOWN STEP	2026-09-27T07:48:26.3174676Z test ui::render::window_test::cloud::the_confirm_dialog_card_holds_its_content ... ok
verify / linux	UNKNOWN STEP	2026-09-27T07:48:26.3318948Z test ui::render::window_test::versions::a_failed_delete_leaves_the_list_alone_and_says_which_action_failed ... ok
verify / linux	UNKNOWN STEP	2026-09-27T07:48:26.3354290Z test ui::render::hit_test::the_identity_row_opens_the_versions_page_but_its_button_still_wins ... ok
verify / linux	UNKNOWN STEP	2026-09-27T07:48:26.3374371Z test ui::render::window_test::versions::a_failed_reading_says_why_on_this_page ... ok
verify / linux	UNKNOWN STEP	2026-09-27T07:48:26.3776011Z test ui::render::window_test::versions::a_game_with_nothing_in_the_cloud_says_so_instead_of_listing_nothing ... ok
verify / linux	UNKNOWN STEP	2026-09-27T07:48:26.3782264Z test ui::render::window_test::versions::a_replace_asks_first_and_cancelling_leaves_nothing_behind ... ok
verify / linux	UNKNOWN STEP	2026-09-27T07:48:26.3814461Z test ui::render::window_test::versions::an_unbound_game_says_it_has_no_identity ... ok
verify / linux	UNKNOWN STEP	2026-09-27T07:48:26.4264432Z test ui::render::window_test::versions::deleting_one_version_asks_first_then_drops_that_row ... ok
verify / linux	UNKNOWN STEP	2026-09-27T07:48:26.4280660Z test ui::render::window_test::versions::the_cleanup_block_hugs_its_own_title ... ok
verify / linux	UNKNOWN STEP	2026-09-27T07:48:26.4305428Z test ui::tasks::tests::a_relative_directory_without_a_disk_is_refused_locally ... ok
verify / linux	UNKNOWN STEP	2026-09-27T07:48:26.4345519Z test ui::tasks::tests::an_unresolved_empty_exe_does_not_block_saving ... ok
verify / linux	UNKNOWN STEP	2026-09-27T07:48:26.4352289Z test ui::tasks::tests::the_path_patch_carries_only_what_changed ... ok
verify / linux	UNKNOWN STEP	2026-09-27T07:48:26.4365083Z test ui::update::add::autofill_tests::exe_fills_dir_and_name_on_both_platforms ... ok
verify / linux	UNKNOWN STEP	2026-09-27T07:48:26.4385179Z test ui::wire::tests::no_breaks_deletes_instead_of_replacing ... ok
verify / linux	UNKNOWN STEP	2026-09-27T07:48:26.4387718Z test ui::wire::tests::one_line_leaves_no_line_breaks_behind ... ok
verify / linux	UNKNOWN STEP	2026-09-27T07:48:26.4406762Z test ui::render::window_test::versions::the_two_whole_game_cleanups_share_the_same_dialog ... ok
verify / linux	UNKNOWN STEP	2026-09-27T07:48:26.4408712Z test util::exec::tests::quiet_leaves_a_std_command_usable ... ok
verify / linux	UNKNOWN STEP	2026-09-27T07:48:26.4409866Z test util::exec::tests::quiet_leaves_a_tokio_command_usable ... ok
verify / linux	UNKNOWN STEP	2026-09-27T07:48:26.4410967Z test wine::path_tests::a_path_outside_a_prefix_is_refused_with_a_way_out ... ok
verify / linux	UNKNOWN STEP	2026-09-27T07:48:26.4412969Z test util::tests::the_same_file_under_two_spellings_is_one_file ... ok
verify / linux	UNKNOWN STEP	2026-09-27T07:48:26.4419105Z test wine::path_tests::a_picked_path_is_expressed_the_most_portable_way_first ... ok
verify / linux	UNKNOWN STEP	2026-09-27T07:48:26.4420686Z test wine::path_tests::a_real_windows_profile_path_becomes_a_token_too ... ok
verify / linux	UNKNOWN STEP	2026-09-27T07:48:26.4421965Z test wine::path_tests::absolute_paths_stay_put_and_expand_home ... ok
verify / linux	UNKNOWN STEP	2026-09-27T07:48:26.4423192Z test wine::path_tests::infers_the_storage_kind_from_a_bare_path ... ok
verify / linux	UNKNOWN STEP	2026-09-27T07:48:26.4428933Z test wine::path_tests::picks_the_current_user_directory_first ... ok
verify / linux	UNKNOWN STEP	2026-09-27T07:48:26.4430378Z test wine::path_tests::a_picked_path_turns_into_the_written_form_and_back ... ok
verify / linux	UNKNOWN STEP	2026-09-27T07:48:26.4434054Z test wine::path_tests::relative_paths_resolve_against_the_game_root ... ok
verify / linux	UNKNOWN STEP	2026-09-27T07:48:26.4435287Z test wine::path_tests::resolves_literal_drive_paths_and_mixed_separators ... ok
verify / linux	UNKNOWN STEP	2026-09-27T07:48:26.4439512Z test wine::path_tests::resolves_tokens_inside_the_prefix ... ok
verify / linux	UNKNOWN STEP	2026-09-27T07:48:26.4444382Z test wine::path_tests::the_same_token_resolves_on_both_sides_of_a_dual_boot ... ok
verify / linux	UNKNOWN STEP	2026-09-27T07:48:26.4445952Z test wine::path_tests::typed_text_infers_its_kind_like_a_picked_path_would ... ok
verify / linux	UNKNOWN STEP	2026-09-27T07:48:26.4458356Z test wine::path_tests::save_path_accepts_both_config_forms ... ok
verify / linux	UNKNOWN STEP	2026-09-27T07:48:26.4462216Z test wine::path_tests::unknown_tokens_are_reported_not_guessed ... ok
verify / linux	UNKNOWN STEP	2026-09-27T07:48:26.4463224Z test wine::path_tests::windows_only_accepts_portable_drive_paths ... ok
verify / linux	UNKNOWN STEP	2026-09-27T07:48:26.4479076Z test wine::tests::a_missing_wineserver_is_survivable ... ok
verify / linux	UNKNOWN STEP	2026-09-27T07:48:26.4501989Z test wine::tests::closing_a_prefix_names_that_prefix_to_wineserver ... ok
verify / linux	UNKNOWN STEP	2026-09-27T07:48:26.4517267Z test wine::tests::falls_back_to_the_default_prefix ... ok
verify / linux	UNKNOWN STEP	2026-09-27T07:48:26.4518188Z test wine::tests::per_game_prefix_beats_the_global_one ... ok
verify / linux	UNKNOWN STEP	2026-09-27T07:48:26.4525418Z test wine::tests::portable_prefix_inside_the_game_dir_wins_over_the_default ... ok
verify / linux	UNKNOWN STEP	2026-09-27T07:48:26.4529510Z test wine::tests::the_environment_prefix_is_used_when_nothing_else_is ... ok
verify / linux	UNKNOWN STEP	2026-09-27T07:48:26.4536514Z test wine_prefixes::tests::a_missing_file_just_means_nothing_was_recorded ... ok
verify / linux	UNKNOWN STEP	2026-09-27T07:48:26.4548687Z test wine_prefixes::tests::a_prefix_is_only_written_down_once ... ok
verify / linux	UNKNOWN STEP	2026-09-27T07:48:26.4559524Z test wine_prefixes::tests::an_empty_list_runs_no_helper_at_all ... ok
verify / linux	UNKNOWN STEP	2026-09-27T07:48:26.4586422Z test wine_prefixes::tests::the_sweep_closes_what_still_exists_and_skips_what_is_gone ... ok
verify / linux	UNKNOWN STEP	2026-09-27T07:48:26.4692407Z test ui::render::window_test::versions::the_versions_page_lists_the_cloud_copies_with_the_newest_first ... ok
verify / linux	UNKNOWN STEP	2026-09-27T07:48:26.5710168Z test ui::render::window_test::library_and_sync_pages_render_without_a_display ... ok
verify / linux	UNKNOWN STEP	2026-09-27T07:48:28.4500269Z test wine::tests::a_wineserver_that_never_answers_does_not_hold_up_the_teardown ... ok
verify / linux	UNKNOWN STEP	2026-09-27T07:48:28.4500934Z 
verify / linux	UNKNOWN STEP	2026-09-27T07:48:28.4501367Z test result: ok. 530 passed; 0 failed; 5 ignored; 0 measured; 0 filtered out; finished in 2.98s
verify / linux	UNKNOWN STEP	2026-09-27T07:48:28.4501976Z 
verify / linux	UNKNOWN STEP	2026-09-27T07:48:28.4530949Z ^[[1m^[[92m     Running^[[0m tests/ipc_e2e/main.rs (target/debug/deps/ipc_e2e-ea6967c84e3692f4)
verify / linux	UNKNOWN STEP	2026-09-27T07:48:28.4548563Z 
verify / linux	UNKNOWN STEP	2026-09-27T07:48:28.4548898Z running 40 tests
verify / linux	UNKNOWN STEP	2026-09-27T07:48:29.0079791Z test cloud_delete::a_malformed_version_name_is_refused_before_any_network ... ok
verify / linux	UNKNOWN STEP	2026-09-27T07:48:29.0260861Z test cloud_delete::deleting_a_version_the_cloud_never_had_is_refused ... ok
verify / linux	UNKNOWN STEP	2026-09-27T07:48:29.0885205Z test daemon::a_second_daemon_refuses_to_steal_a_live_socket ... ok
verify / linux	UNKNOWN STEP	2026-09-27T07:48:29.1519080Z test cloud_delete::clearing_the_versions_keeps_the_cloud_identity ... ok
verify / linux	UNKNOWN STEP	2026-09-27T07:48:29.1596453Z test cloud_delete::deleting_one_version_keeps_the_others_and_the_card ... ok
verify / linux	UNKNOWN STEP	2026-09-27T07:48:29.1972778Z test daemon::daemon_ipc_end_to_end ... ok
verify / linux	UNKNOWN STEP	2026-09-27T07:48:29.2059585Z test daemon::second_daemon_replaces_a_stale_socket_file ... ok
verify / linux	UNKNOWN STEP	2026-09-27T07:48:29.2079050Z test fixture_contract::fake_rclone_preserves_bytes_and_escapes_json_names ... ok
verify / linux	UNKNOWN STEP	2026-09-27T07:48:29.2224821Z test fixture_contract::fake_rclone_rejects_unknown_commands_arguments_and_io_failures ... ok
verify / linux	UNKNOWN STEP	2026-09-27T07:48:29.2664117Z test library::a_game_can_be_created_from_a_reference_alone ... ok
verify / linux	UNKNOWN STEP	2026-09-27T07:48:29.2766180Z test fixture_contract::an_injected_upload_failure_is_visible_over_ipc_and_keeps_local_data ... ok
verify / linux	UNKNOWN STEP	2026-09-27T07:48:29.2771046Z test library::a_game_without_a_reference_still_needs_a_real_exe ... ok
verify / linux	UNKNOWN STEP	2026-09-27T07:48:29.3292428Z test library::library_entries_are_managed_over_ipc ... ok
verify / linux	UNKNOWN STEP	2026-09-27T07:48:29.3362067Z test library::scale_profile_is_patched_and_validated_over_ipc ... ok
verify / linux	UNKNOWN STEP	2026-09-27T07:48:29.3439480Z test library::updating_a_game_to_another_games_exe_is_refused ... ok
verify / linux	UNKNOWN STEP	2026-09-27T07:48:29.4785369Z test cloud_delete::deleting_the_identity_takes_the_saves_with_it ... ok
verify / linux	UNKNOWN STEP	2026-09-27T07:48:29.8088549Z test pairing::rejecting_a_pairing_sticks ... ok
verify / linux	UNKNOWN STEP	2026-09-27T07:48:29.8246649Z test pairing::changing_the_exe_updates_the_fingerprint_but_not_the_cloud_identity ... ok
verify / linux	UNKNOWN STEP	2026-09-27T07:48:29.8486107Z test pairing::a_second_machine_pairs_by_fingerprint_and_follows_the_same_directory ... ok
verify / linux	UNKNOWN STEP	2026-09-27T07:48:30.1701709Z test session::direct_launch_rejects_a_game_that_exits_immediately ... ok
verify / linux	UNKNOWN STEP	2026-09-27T07:48:30.2070270Z test session::launch_builds_the_expected_gamescope_command ... ok
verify / linux	UNKNOWN STEP	2026-09-27T07:48:30.2789423Z test sync::a_configured_program_directory_is_where_the_daemon_looks ... ok
verify / linux	UNKNOWN STEP	2026-09-27T07:48:30.5423820Z test session::manual_add_and_wine_settings_over_ipc ... ok
verify / linux	UNKNOWN STEP	2026-09-27T07:48:30.5837005Z test sync::cloud_sync_uploads_keeps_versions_and_restores_over_ipc ... ok
verify / linux	UNKNOWN STEP	2026-09-27T07:48:30.6073095Z test sync::every_sync_setting_can_actually_be_changed ... ok
verify / linux	UNKNOWN STEP	2026-09-27T07:48:30.6709621Z test sync::setting_only_the_engine_leaves_the_other_settings_alone ... ok
verify / linux	UNKNOWN STEP	2026-09-27T07:48:30.6986991Z test pairing::the_pre_launch_check_asks_once_and_the_answer_sticks ... ok
verify / linux	UNKNOWN STEP	2026-09-27T07:48:30.9711664Z test sync_cloud::a_second_machine_sees_what_the_first_one_uploaded ... ok
verify / linux	UNKNOWN STEP	2026-09-27T07:48:31.2072561Z test sync_cloud::uploading_claims_a_cloud_identity_and_keeps_it ... ok
verify / linux	UNKNOWN STEP	2026-09-27T07:48:31.2968044Z test sync_index::a_failed_refresh_keeps_the_old_cache_and_reports_the_error ... ok
verify / linux	UNKNOWN STEP	2026-09-27T07:48:31.4846662Z test sync_cloud::a_mismatched_identity_stops_both_pull_and_restore ... ok
verify / linux	UNKNOWN STEP	2026-09-27T07:48:31.5852921Z test sync_index::adding_a_game_asks_the_index_whether_the_cloud_already_has_it ... ok
verify / linux	UNKNOWN STEP	2026-09-27T07:48:31.8108585Z test sync_index::the_cloud_list_comes_from_one_index_not_from_every_card ... ok
verify / linux	UNKNOWN STEP	2026-09-27T07:48:31.8987520Z test sync_index::the_cloud_list_is_read_from_a_local_cache_after_the_first_fetch ... ok
verify / linux	UNKNOWN STEP	2026-09-27T07:48:32.1626437Z test sync_index::changing_the_sync_target_refreshes_but_retention_does_not ... ok
verify / linux	UNKNOWN STEP	2026-09-27T07:48:36.9099398Z test session::direct_launch_session_ends_when_the_game_exits ... ok
verify / linux	UNKNOWN STEP	2026-09-27T07:48:36.9749743Z test watch::the_process_list_offers_usable_candidates_only ... ok
verify / linux	UNKNOWN STEP	2026-09-27T07:48:39.7818506Z test sync::save_sync_follows_the_game_lifecycle ... ok
verify / linux	UNKNOWN STEP	2026-09-27T07:48:44.2346196Z test watch::one_process_is_claimed_by_a_single_game ... FAILED
verify / linux	UNKNOWN STEP	2026-09-27T07:48:51.9857533Z test watch::auto_watch_follows_a_game_kotori_did_not_launch ... ok
verify / linux	UNKNOWN STEP	2026-09-27T07:48:51.9857909Z 
verify / linux	UNKNOWN STEP	2026-09-27T07:48:51.9858004Z failures:
verify / linux	UNKNOWN STEP	2026-09-27T07:48:51.9858131Z 
verify / linux	UNKNOWN STEP	2026-09-27T07:48:51.9858338Z ---- watch::one_process_is_claimed_by_a_single_game stdout ----
verify / linux	UNKNOWN STEP	2026-09-27T07:48:51.9858686Z 
verify / linux	UNKNOWN STEP	2026-09-27T07:48:51.9859047Z thread 'watch::one_process_is_claimed_by_a_single_game' (8758) panicked at tests/ipc_e2e/watch.rs:195:5:
verify / linux	UNKNOWN STEP	2026-09-27T07:48:51.9859829Z 歧义要在日志里说清楚:
verify / linux	UNKNOWN STEP	2026-09-27T07:48:51.9860340Z ^[[2m2026-09-27T07:48:32.168093Z^[[0m ^[[32m INFO^[[0m ^[[2mkotori^[[0m^[[2m:^[[0m Starting daemon mode
verify / linux	UNKNOWN STEP	2026-09-27T07:48:51.9864253Z ^[[2m2026-09-27T07:48:32.168376Z^[[0m ^[[32m INFO^[[0m ^[[2mkotori::secrets::keyring^[[0m^[[2m:^[[0m 没有运行中的系统密钥环，凭据存到明文文件 /tmp/kt-e2e-claim-675826f226944849acc56ef78cec58dd/credentials.json（权限 0600）
verify / linux	UNKNOWN STEP	2026-09-27T07:48:51.9865805Z ^[[2m2026-09-27T07:48:32.168467Z^[[0m ^[[32m INFO^[[0m ^[[2mkotori::daemon^[[0m^[[2m:^[[0m daemon listening on /tmp/kt-e2e-claim-675826f226944849acc56ef78cec58dd/kotori.sock
verify / linux	UNKNOWN STEP	2026-09-27T07:48:51.9867105Z ^[[2m2026-09-27T07:48:32.215584Z^[[0m ^[[32m INFO^[[0m ^[[2mkotori::daemon::game_write^[[0m^[[2m:^[[0m game.create: first
verify / linux	UNKNOWN STEP	2026-09-27T07:48:51.9868260Z ^[[1m^[[91merror^[[0m: test failed, to rerun pass `--test ipc_e2e`
verify / linux	UNKNOWN STEP	2026-09-27T07:48:51.9869460Z ^[[2m2026-09-27T07:48:32.218008Z^[[0m ^[[32m INFO^[[0m ^[[2mkotori::daemon::game_write^[[0m^[[2m:^[[0m game.create: second
verify / linux	UNKNOWN STEP	2026-09-27T07:48:51.9870928Z ^[[2m2026-09-27T07:48:32.219173Z^[[0m ^[[32m INFO^[[0m ^[[2mkotori::daemon::game_write^[[0m^[[2m:^[[0m game.update: second
verify / linux	UNKNOWN STEP	2026-09-27T07:48:51.9873828Z ^[[2m2026-09-27T07:48:36.176961Z^[[0m ^[[32m INFO^[[0m ^[[2mkotori::scale::direct^[[0m^[[2m:^[[0m watching for process kotori-claim-proc（/tmp/kt-e2e-claim-675826f226944849acc56ef78cec58dd/kotori-claim-proc） (session 7f987742-7762-4cc0-9223-87059888ff5f)
verify / linux	UNKNOWN STEP	2026-09-27T07:48:51.9876476Z ^[[2m2026-09-27T07:48:36.176992Z^[[0m ^[[32m INFO^[[0m ^[[2mkotori::daemon::watch^[[0m^[[2m:^[[0m 自动追踪:first（kotori-claim-proc）已经在跑,开一个观测会话 7f987742-7762-4cc0-9223-87059888ff5f
verify / linux	UNKNOWN STEP	2026-09-27T07:48:51.9877369Z 
verify / linux	UNKNOWN STEP	2026-09-27T07:48:51.9877716Z note: run with `RUST_BACKTRACE=1` environment variable to display a backtrace
verify / linux	UNKNOWN STEP	2026-09-27T07:48:51.9878331Z --- daemon log ---
verify / linux	UNKNOWN STEP	2026-09-27T07:48:51.9879029Z ^[[2m2026-09-27T07:48:32.168093Z^[[0m ^[[32m INFO^[[0m ^[[2mkotori^[[0m^[[2m:^[[0m Starting daemon mode
verify / linux	UNKNOWN STEP	2026-09-27T07:48:51.9880723Z ^[[2m2026-09-27T07:48:32.168376Z^[[0m ^[[32m INFO^[[0m ^[[2mkotori::secrets::keyring^[[0m^[[2m:^[[0m 没有运行中的系统密钥环，凭据存到明文文件 /tmp/kt-e2e-claim-675826f226944849acc56ef78cec58dd/credentials.json（权限 0600）
verify / linux	UNKNOWN STEP	2026-09-27T07:48:51.9882736Z ^[[2m2026-09-27T07:48:32.168467Z^[[0m ^[[32m INFO^[[0m ^[[2mkotori::daemon^[[0m^[[2m:^[[0m daemon listening on /tmp/kt-e2e-claim-675826f226944849acc56ef78cec58dd/kotori.sock
verify / linux	UNKNOWN STEP	2026-09-27T07:48:51.9884526Z ^[[2m2026-09-27T07:48:32.215584Z^[[0m ^[[32m INFO^[[0m ^[[2mkotori::daemon::game_write^[[0m^[[2m:^[[0m game.create: first
verify / linux	UNKNOWN STEP	2026-09-27T07:48:51.9885905Z ^[[2m2026-09-27T07:48:32.218008Z^[[0m ^[[32m INFO^[[0m ^[[2mkotori::daemon::game_write^[[0m^[[2m:^[[0m game.create: second
verify / linux	UNKNOWN STEP	2026-09-27T07:48:51.9887239Z ^[[2m2026-09-27T07:48:32.219173Z^[[0m ^[[32m INFO^[[0m ^[[2mkotori::daemon::game_write^[[0m^[[2m:^[[0m game.update: second
verify / linux	UNKNOWN STEP	2026-09-27T07:48:51.9889499Z ^[[2m2026-09-27T07:48:36.176961Z^[[0m ^[[32m INFO^[[0m ^[[2mkotori::scale::direct^[[0m^[[2m:^[[0m watching for process kotori-claim-proc（/tmp/kt-e2e-claim-675826f226944849acc56ef78cec58dd/kotori-claim-proc） (session 7f987742-7762-4cc0-9223-87059888ff5f)
verify / linux	UNKNOWN STEP	2026-09-27T07:48:51.9892002Z ^[[2m2026-09-27T07:48:36.176992Z^[[0m ^[[32m INFO^[[0m ^[[2mkotori::daemon::watch^[[0m^[[2m:^[[0m 自动追踪:first（kotori-claim-proc）已经在跑,开一个观测会话 7f987742-7762-4cc0-9223-87059888ff5f
verify / linux	UNKNOWN STEP	2026-09-27T07:48:51.9892922Z 
verify / linux	UNKNOWN STEP	2026-09-27T07:48:51.9893280Z 测试现场保留在 /tmp/kt-e2e-claim-675826f226944849acc56ef78cec58dd
verify / linux	UNKNOWN STEP	2026-09-27T07:48:51.9893914Z 
verify / linux	UNKNOWN STEP	2026-09-27T07:48:51.9893919Z 
verify / linux	UNKNOWN STEP	2026-09-27T07:48:51.9894048Z failures:
verify / linux	UNKNOWN STEP	2026-09-27T07:48:51.9894435Z     watch::one_process_is_claimed_by_a_single_game
verify / linux	UNKNOWN STEP	2026-09-27T07:48:51.9894811Z 
verify / linux	UNKNOWN STEP	2026-09-27T07:48:51.9895279Z test result: FAILED. 39 passed; 1 failed; 0 ignored; 0 measured; 0 filtered out; finished in 23.53s
verify / linux	UNKNOWN STEP	2026-09-27T07:48:51.9895928Z 
verify / linux	UNKNOWN STEP	2026-09-27T07:48:56.9932580Z ##[error]Process completed with exit code 101.
verify / linux	UNKNOWN STEP	2026-09-27T07:48:57.0013655Z ##[group]Run actions/upload-artifact@v4
verify / linux	UNKNOWN STEP	2026-09-27T07:48:57.0013997Z with:
verify / linux	UNKNOWN STEP	2026-09-27T07:48:57.0014222Z   name: test-artifacts-linux-x86_64
verify / linux	UNKNOWN STEP	2026-09-27T07:48:57.0014575Z   path: /home/runner/work/Kotori/Kotori/test-artifacts
verify / linux	UNKNOWN STEP	2026-09-27T07:48:57.0014914Z   if-no-files-found: warn
verify / linux	UNKNOWN STEP	2026-09-27T07:48:57.0015163Z   compression-level: 6
verify / linux	UNKNOWN STEP	2026-09-27T07:48:57.0015411Z   overwrite: false
verify / linux	UNKNOWN STEP	2026-09-27T07:48:57.0015647Z   include-hidden-files: false
verify / linux	UNKNOWN STEP	2026-09-27T07:48:57.0015891Z env:
verify / linux	UNKNOWN STEP	2026-09-27T07:48:57.0016087Z   CARGO_TERM_COLOR: always
verify / linux	UNKNOWN STEP	2026-09-27T07:48:57.0016444Z   KOTORI_TEST_ARTIFACTS: /home/runner/work/Kotori/Kotori/test-artifacts
verify / linux	UNKNOWN STEP	2026-09-27T07:48:57.0016848Z   CARGO_HOME: /home/runner/.cargo
verify / linux	UNKNOWN STEP	2026-09-27T07:48:57.0017112Z   CARGO_INCREMENTAL: 0
verify / linux	UNKNOWN STEP	2026-09-27T07:48:57.0017349Z   CACHE_ON_FAILURE: false
verify / linux	UNKNOWN STEP	2026-09-27T07:48:57.0017579Z ##[endgroup]
verify / linux	UNKNOWN STEP	2026-09-27T07:48:57.1732309Z (node:8908) [DEP0040] DeprecationWarning: The `punycode` module is deprecated. Please use a userland alternative instead.
verify / linux	UNKNOWN STEP	2026-09-27T07:48:57.1733606Z (Use `node --trace-deprecation ...` to show where the warning was created)
verify / linux	UNKNOWN STEP	2026-09-27T07:48:57.1849373Z With the provided path, there will be 9 files uploaded
verify / linux	UNKNOWN STEP	2026-09-27T07:48:57.1850095Z Artifact name is valid!
verify / linux	UNKNOWN STEP	2026-09-27T07:48:57.1850983Z Root directory input is valid!
verify / linux	UNKNOWN STEP	2026-09-27T07:48:57.4023186Z Beginning upload of artifact content to blob storage
verify / linux	UNKNOWN STEP	2026-09-27T07:48:57.4402330Z (node:8908) [DEP0169] DeprecationWarning: `url.parse()` behavior is not standardized and prone to errors that have security implications. Use the WHATWG URL API instead. CVEs are not issued for `url.parse()` vulnerabilities.
verify / linux	UNKNOWN STEP	2026-09-27T07:48:57.5098716Z Uploaded bytes 15818
verify / linux	UNKNOWN STEP	2026-09-27T07:48:57.5303504Z Finished uploading artifact content to blob storage!
verify / linux	UNKNOWN STEP	2026-09-27T07:48:57.5304753Z SHA256 digest of uploaded artifact zip is 1584b8cb19c2ed1fb6185d7340deabc70150371e98e7893042fbecd2db04881d
verify / linux	UNKNOWN STEP	2026-09-27T07:48:57.5307508Z Finalizing artifact upload
verify / linux	UNKNOWN STEP	2026-09-27T07:48:57.7877191Z Artifact test-artifacts-linux-x86_64.zip successfully finalized. Artifact ID 10925494633
verify / linux	UNKNOWN STEP	2026-09-27T07:48:57.7879100Z Artifact test-artifacts-linux-x86_64 has been successfully uploaded! Final size is 15818 bytes. Artifact ID is 10925494633
verify / linux	UNKNOWN STEP	2026-09-27T07:48:57.7880968Z Artifact download URL: https://github.com/Pianzh/Kotori/actions/runs/36303954913/artifacts/10925494633
verify / linux	UNKNOWN STEP	2026-09-27T07:48:57.8082606Z Post job cleanup.
verify / linux	UNKNOWN STEP	2026-09-27T07:48:57.8968535Z [command]/usr/bin/git version
verify / linux	UNKNOWN STEP	2026-09-27T07:48:57.9015119Z git version 2.55.0
verify / linux	UNKNOWN STEP	2026-09-27T07:48:57.9089800Z Temporarily overriding HOME='/home/runner/work/_temp/06c6ddd0-66ed-44c1-97cc-e9a96c984620' before making global git config changes
verify / linux	UNKNOWN STEP	2026-09-27T07:48:57.9091189Z Adding repository directory to the temporary git global config as a safe directory
verify / linux	UNKNOWN STEP	2026-09-27T07:48:57.9096275Z [command]/usr/bin/git config --global --add safe.directory /home/runner/work/Kotori/Kotori
verify / linux	UNKNOWN STEP	2026-09-27T07:48:57.9136477Z [command]/usr/bin/git config --local --name-only --get-regexp core\.sshCommand
verify / linux	UNKNOWN STEP	2026-09-27T07:48:57.9173184Z [command]/usr/bin/git submodule foreach --recursive sh -c "git config --local --name-only --get-regexp 'core\.sshCommand' && git config --local --unset-all 'core.sshCommand' || :"
verify / linux	UNKNOWN STEP	2026-09-27T07:48:57.9451589Z [command]/usr/bin/git config --local --name-only --get-regexp http\.https\:\/\/github\.com\/\.extraheader
verify / linux	UNKNOWN STEP	2026-09-27T07:48:57.9483990Z http.https://github.com/.extraheader
verify / linux	UNKNOWN STEP	2026-09-27T07:48:57.9495436Z [command]/usr/bin/git config --local --unset-all http.https://github.com/.extraheader
verify / linux	UNKNOWN STEP	2026-09-27T07:48:57.9534914Z [command]/usr/bin/git submodule foreach --recursive sh -c "git config --local --name-only --get-regexp 'http\.https\:\/\/github\.com\/\.extraheader' && git config --local --unset-all 'http.https://github.com/.extraheader' || :"
verify / linux	UNKNOWN STEP	2026-09-27T07:48:57.9783252Z [command]/usr/bin/git config --local --name-only --get-regexp ^includeIf\.gitdir:
verify / linux	UNKNOWN STEP	2026-09-27T07:48:57.9824099Z [command]/usr/bin/git submodule foreach --recursive git config --local --show-origin --name-only --get-regexp remote.origin.url
verify / linux	UNKNOWN STEP	2026-09-27T07:48:58.0230933Z Cleaning up orphan processes
verify / linux	UNKNOWN STEP	2026-09-27T07:48:58.0660563Z Terminate orphan process: pid (4028) (sleep)
verify / linux	UNKNOWN STEP	2026-09-27T07:48:58.0686771Z Terminate orphan process: pid (8766) (kotori-claim-proc)
verify / linux	UNKNOWN STEP	2026-09-27T07:48:58.0696397Z ##[warning]Node.js 20 is deprecated. The following actions target Node.js 20 but are being forced to run on Node.js 24: actions/checkout@v4, actions/upload-artifact@v4. For more information see: https://github.blog/changelog/2025-09-19-deprecation-of-node-20-on-github-actions-runners/
